protein1_id,protein2_id,label,score
Q9NR63,P33260,1,0.7905739545822144
P32320,Q5W0N0,0,0.10311348736286163
Q8IZK6,Q86W10,0,0.1337159425020218
P01008,P07204,1,0.1938466578722
P09497,P53680,1,0.793150782585144
Q9NYK5,O60783,1,0.9235620498657227
P40763,Q15306,1,0.7624870538711548
Q9UJ96,O14894,0,0.263860285282135
Q5TCH4,Q6V0L0,1,0.47530514001846313
P05412,Q9Y6Q9,1,0.6947862505912781
P09467,P08237,1,0.7123915553092957
P0C0L5,Q8NG06,0,0.1565193384885788
P36405,Q8NGI4,0,0.1090114414691925
Q9UIJ7,P55263,1,0.4760001003742218
Q9UM13,Q00587,0,0.14004123210906982
Q9BXF6,Q15907,1,0.12633848190307617
P19634,Q99653,1,0.16909737884998322
Q96SL1,Q7Z589,0,0.12330320477485657
Q9Y2W7,P49768,1,0.3128683865070343
O95626,P84022,0,0.6226221919059753
O14879,O00329,0,0.15673036873340607
P33316,A6NND4,0,0.16525417566299438
Q07157,Q9Y624,1,0.3956823945045471
Q9BQA1,P62308,1,0.5821961164474487
Q9HAU4,Q15797,1,0.3647078275680542
O43818,Q9BUL9,1,0.5471998453140259
Q4G0T1,O43766,0,0.14514535665512085
O60220,O14925,1,0.17754758894443512
Q7RTP0,Q8N543,0,0.12568187713623047
P09914,P09913,1,0.7227316498756409
P78329,P11712,1,0.8932362198829651
O15530,O95379,0,0.2558886408805847
P28476,Q8NGS9,0,0.1832817941904068
Q92730,O00212,1,0.3257465362548828
Q9BYD3,P62857,1,0.8762216567993164
Q9Y577,Q6UX15,0,0.1541687697172165
Q16661,Q8IX15,0,0.16214536130428314
Q9UBR2,Q9H336,0,0.45284026861190796
O43303,P41002,1,0.294830858707428
Q9BQE9,P42226,0,0.45440319180488586
Q9UJA5,Q7L0Y3,1,0.4637915790081024
P56385,P09669,1,0.9481975436210632
Q9P260,Q9H5I1,0,0.20394554734230042
Q13542,Q9BQ95,0,0.23236657679080963
P51665,P25787,1,0.8625668883323669
Q9UQC2,Q06124,1,0.8629750609397888
Q9NSN8,L7N2F9,0,0.24178537726402283
Q9Y399,P82650,1,0.6652029156684875
P55268,Q9Y6N6,1,0.8823004961013794
P01011,Q96G27,0,0.15475068986415863
P11511,P34903,0,0.19973726570606232
O95050,Q99653,0,0.17633019387722015
P18440,Q7LG56,0,0.356689989566803
P03901,O43676,1,0.9185442328453064
Q6IEU7,Q96BS2,0,0.13693000376224518
Q9BVS4,Q96GA3,1,0.5848186016082764
Q8NC24,A0A0A6YYL6,0,0.12458554655313492
Q8NGC4,O95478,0,0.10129117965698242
P46781,Q5QJE6,1,0.6432529091835022
Q8IYJ1,P16949,0,0.2922319173812866
P01111,Q15109,1,0.16547122597694397
Q7Z2W9,Q9BZE1,1,0.9327566623687744
Q9H015,Q8N1N0,0,0.20150931179523468
P11509,P20813,1,0.9162755608558655
P20061,Q8WWQ0,0,0.11569233238697052
O75052,Q0VAA5,0,0.13745199143886566
P58181,Q5JQS5,0,0.8754221200942993
Q9P086,Q9UQK1,0,0.13595248758792877
A6NNX1,P01583,0,0.2840632200241089
O94886,Q8NH73,0,0.15074336528778076
Q8N4L2,Q9Y217,1,0.18150387704372406
P0CG41,P51149,0,0.18832671642303467
Q5JST6,A0A087WT10,0,0.22530530393123627
O15503,Q96T54,0,0.1492677479982376
Q14442,Q8WUD1,0,0.12773723900318146
P16144,Q9UMD9,1,0.7294212579727173
Q9H0F7,Q9H2A7,0,0.1203799843788147
P23588,Q04637,1,0.8108528256416321
P40199,O95156,0,0.14676794409751892
P01111,P42338,1,0.2895229458808899
Q96FL9,O43463,0,0.15192241966724396
Q15303,P27986,1,0.771551787853241
Q8TDR0,Q9NRI5,1,0.18470904231071472
P02489,P02511,1,0.8997431993484497
Q7L7X3,E9PQX1,0,0.12217068672180176
Q8NGH3,Q9H209,1,0.8615116477012634
P49961,P55263,1,0.36121463775634766
P17676,P05412,1,0.7326093912124634
P62891,P62273,1,0.9593275785446167
Q6PIV2,Q6T423,0,0.11273261904716492
A6NDH6,Q16584,0,0.13956408202648163
P08754,O00329,1,0.6967402696609497
P41236,P30626,0,0.31763142347335815
Q9BXM7,P80188,0,0.13160328567028046
P46199,Q9NRX2,1,0.9476717114448547
Q86VW0,P62891,0,0.14832532405853271
Q8NG06,Q8NH67,0,0.12642614543437958
Q7Z7E8,Q14435,0,0.1245209351181984
Q9NS64,P05976,0,0.1227075457572937
P26717,P26715,1,0.8961898684501648
Q96KW9,Q9Y239,0,0.1671004593372345
Q6ZSC3,Q6UXM1,0,0.21100027859210968
O95049,O15231,0,0.7160665392875671
O75144,O43173,0,0.18778163194656372
O75355,O75354,1,0.8940590023994446
Q8N815,A6NND4,0,0.10472339391708374
Q8N813,O95319,0,0.15590743720531464
Q8WWF3,P30536,0,0.1696954220533371
P84022,Q13485,1,0.4398271441459656
P24462,P05093,1,0.8562794923782349
A0A3B3ISG8,P40617,0,0.12796148657798767
Q96RD1,Q6P6B7,0,0.11442658305168152
P57772,P61513,1,0.8550081253051758
Q8NGT7,P20340,0,0.10454046726226807
P05976,P02585,1,0.20259955525398254
A8MUN0,P11233,0,0.16191397607326508
Q9Y4K1,Q92686,0,0.18403293192386627
Q9H2H0,O14746,0,0.14732155203819275
Q9Y6K5,Q96GE9,0,0.15051688253879547
Q13424,Q8TCQ1,0,0.19225157797336578
P82914,P62241,1,0.8288053274154663
Q96HP0,Q8NH18,0,0.12298592925071716
P19474,Q8NGF6,0,0.13934870064258575
Q99732,P12524,0,0.17293547093868256
Q2M385,Q9NPY3,0,0.2221100628376007
P40938,P40937,1,0.8714793920516968
Q7RTT5,P84103,0,0.14706635475158691
Q9UL25,Q6NUJ5,0,0.23529024422168732
P30085,P07225,0,0.15055815875530243
P58005,Q8N6L1,0,0.1801888346672058
Q15120,Q9NPF8,0,0.21372449398040771
Q01064,P0DP23,1,0.2539937198162079
Q9BTM1,Q68D91,0,0.37494421005249023
Q6IF42,Q8N6I4,0,0.12707147002220154
Q8IZK6,O00303,0,0.13248120248317719
P07585,P51884,1,0.9267691969871521
P22459,Q14722,1,0.1656205952167511
Q9ULC0,Q07627,0,0.11865946650505066
O75821,P55884,1,0.44597327709198
P01116,Q13485,1,0.4993629455566406
P54578,P25786,1,0.23536568880081177
Q96D98,Q96BU1,0,0.3048131465911865
A6NFA1,P40937,0,0.11680006235837936
Q6STE5,Q68CP9,1,0.7682302594184875
Q9H469,Q96HD1,0,0.1405690759420395
Q12988,P05019,1,0.1908423751592636
P26374,P51159,1,0.19032393395900726
Q9Y281,P60953,1,0.44770294427871704
Q9BQ61,P11226,0,0.12413664907217026
Q99581,A0MZ66,0,0.16646957397460938
P40763,Q08334,1,0.6699435114860535
Q9NX62,Q13496,1,0.4697045683860779
O75925,Q96LI9,0,0.16201937198638916
Q15011,Q969G9,0,0.1540631651878357
Q9NVV9,P36952,0,0.22222796082496643
P49788,Q9NZP5,0,0.16283872723579407
Q96SQ9,P24462,1,0.8728197813034058
Q8NGT5,P01229,0,0.15352047979831696
P78329,P51589,1,0.8884604573249817
O14894,Q9NX62,0,0.16413958370685577
Q9NQZ2,Q9Y2P8,1,0.430203378200531
Q96S15,Q9P1Y6,0,0.6680396795272827
Q53EU6,Q9HCL2,1,0.656000018119812
P48169,P28472,1,0.8712953925132751
P51884,P49821,0,0.2152017056941986
Q9NRW1,Q13009,0,0.13894888758659363
Q9BV68,Q9NXR8,0,0.5672399997711182
Q5T764,Q8NGD0,0,0.13004961609840393
Q8N2R8,Q14134,0,0.1849581003189087
Q9NYK5,Q9NT62,0,0.20366103947162628
P42224,P15260,1,0.593078076839447
Q4G0X4,Q67FW5,0,0.1501414030790329
P01031,O00757,0,0.182647243142128
O60664,L7N2F9,0,0.7949078679084778
Q7Z449,Q6PIV2,0,0.12112059444189072
P20815,Q8IYS2,0,0.23998130857944489
P62829,O60783,1,0.9463562965393066
P24462,Q6V0L0,1,0.7127667665481567
Q96GW9,P32929,1,0.8516668081283569
Q8TCJ2,P61165,1,0.752386212348938
P16520,A8MTJ3,1,0.19614289700984955
P28066,Q13200,1,0.89243084192276
Q92925,Q9BQE9,1,0.8322480320930481
P15260,O00329,1,0.19356952607631683
O00220,O14763,1,0.9057512283325195
Q8NGR1,Q8N127,0,0.8513445854187012
Q96SL4,P51589,1,0.765332043170929
O43818,Q15269,1,0.8497402667999268
P05113,Q86XK7,0,0.1500435769557953
Q8N9V2,Q8NI35,0,0.16913887858390808
O43174,P24462,1,0.823811411857605
F5GYI3,Q9Y5J9,0,0.2403973788022995
P24386,P62820,1,0.2625620365142822
Q0D2K0,Q68D91,0,0.12358059734106064
O15371,P08865,1,0.8726300001144409
P82914,Q9BZE1,1,0.9045862555503845
Q96CX6,O60269,0,0.15421266853809357
Q9UGU5,Q3MJ13,0,0.23354674875736237
P21860,P00533,1,0.9347524642944336
P54289,Q96LL4,0,0.11926063150167465
P51159,Q8IYK2,0,0.13462169468402863
Q8NH90,Q9BXY0,0,0.10304725170135498
P13196,P22557,1,0.9278872013092041
O75821,P62857,1,0.7721018195152283
Q8IYK2,Q7Z2W9,1,0.15978893637657166
Q13480,P21860,1,0.9426443576812744
P17858,P08237,1,0.9234944581985474
Q13363,O15409,1,0.20804350078105927
Q9BYQ9,Q8NFD2,0,0.16630376875400543
Q86W26,Q9NRZ9,0,0.14822469651699066
Q9BXT4,P01112,0,0.3786400258541107
O60828,Q8NEL0,0,0.11723846197128296
Q13542,P15260,0,0.14767149090766907
Q16842,Q92185,1,0.664693295955658
P27482,P01112,1,0.1486114114522934
O15033,O75695,0,0.4007507860660553
P82914,P62829,1,0.939601480960846
Q6W3E5,P50453,0,0.2263393998146057
P25788,O14818,1,0.9378082156181335
Q9HCN8,Q6UXH1,1,0.683088481426239
P15153,P42338,1,0.37735822796821594
Q7L590,P22897,1,0.10541960597038269
Q07973,Q6VVX0,1,0.8956104516983032
Q9BYR4,P49916,0,0.12411276996135712
Q96AJ9,Q8NGA0,0,0.1195010095834732
O43818,P46781,1,0.9276741743087769
Q13330,Q9BVV8,0,0.10761630535125732
Q13424,Q9Y2Y1,0,0.11577422171831131
Q7Z304,Q9Y2G4,0,0.14082349836826324
P62891,Q96EN8,0,0.22342079877853394
P56385,Q53HL2,1,0.13383641839027405
P07099,Q99742,0,0.19488386809825897
Q9UBR2,P28827,0,0.37768879532814026
Q8NG80,A6NK58,0,0.14292387664318085
P25789,O14818,1,0.919320285320282
O75355,Q5MY95,1,0.8578450679779053
P48547,Q14722,1,0.17393988370895386
Q96BM0,Q8NGP2,0,0.11713764071464539
Q96DD7,O95183,0,0.18128536641597748
P21860,O00329,1,0.3110272288322449
Q9Y399,P62750,1,0.8907639384269714
Q96A65,Q9Y2D4,1,0.8752723932266235
Q9NSC7,Q8NCW6,1,0.7937480211257935
Q9NW97,Q4VC05,0,0.11610494554042816
Q9BRR3,Q96DA0,0,0.15761512517929077
Q14749,Q8NGL0,0,0.14063531160354614
P61966,P56377,1,0.9214794635772705
Q14195,B7ZBB8,0,0.1418031007051468
P00533,Q15303,1,0.9413949847221375
O43242,Q8TAA3,1,0.6501761674880981
O75648,P05154,0,0.15570981800556183
Q9Y5J7,Q9Y5J9,1,0.9101828336715698
Q9NS56,Q9H8M7,0,0.3210000991821289
P62273,P61513,1,0.9617322683334351
P31152,P47890,0,0.12459171563386917
Q86VE9,Q8N5B7,0,0.1865808665752411
P27482,P37840,1,0.22047944366931915
O75530,Q96A70,0,0.22488778829574585
Q15120,Q8N7Z2,0,0.12225846201181412
Q6IF82,O75354,0,0.41879087686538696
Q9HD15,Q68CQ1,0,0.14931954443454742
Q9UKP3,Q9BQM9,0,0.21182556450366974
P17405,Q9BYD5,0,0.1540982872247696
P10301,Q92730,1,0.2697729468345642
Q8TCU6,P27986,1,0.6825390458106995
Q00887,P11464,1,0.8888945579528809
Q9HCL2,Q9NV31,0,0.12784592807292938
Q92754,P05549,1,0.2380647361278534
P60412,P55808,0,0.2024553418159485
Q5JTZ9,Q93070,0,0.11622793972492218
Q9UPT8,Q99928,0,0.17028406262397766
Q9BWS9,Q12772,0,0.13970313966274261
O00170,Q9NZN9,1,0.7180423140525818
P61006,O43303,1,0.5885484218597412
Q9P275,Q16654,0,0.22911189496517181
P00533,P29350,1,0.8032694458961487
Q15369,P56373,0,0.10586871951818466
P25789,P25786,1,0.8859162330627441
O15530,P42338,1,0.4478064477443695
P49588,P12081,1,0.889837920665741
Q8TDX6,Q8IUB2,0,0.1791636198759079
Q9BYC5,Q76EJ3,0,0.1957015097141266
A6NDB9,Q4VC05,0,0.15431274473667145
P11245,P05181,1,0.4079471826553345
Q14137,Q14542,0,0.11153064668178558
Q96FN4,Q8N1B3,0,0.1756056398153305
Q8NH07,Q9NPG8,0,0.23069195449352264
Q86W26,Q8IUG1,0,0.14662131667137146
O60239,Q14694,1,0.2064862698316574
Q8TD86,P01112,1,0.1600201278924942
Q7RTP0,Q99470,0,0.1919436901807785
Q9NSK0,P37840,1,0.18106386065483093
O14874,Q9NXU5,0,0.18584656715393066
Q9UBK5,P42336,1,0.29226693511009216
P17676,Q8NGE2,0,0.12696143984794617
P01112,P63096,1,0.4660090208053589
O43424,Q9ULB1,1,0.39092233777046204
A6NEM1,O96000,0,0.12270870059728622
Q8WY41,P61006,0,0.17522946000099182
Q9BQM9,Q8NGJ2,0,0.11252713948488235
Q03721,Q9H0Y0,0,0.13225752115249634
O75899,P63096,1,0.732209324836731
Q9UBM4,Q99750,0,0.4907544255256653
O95926,P62308,1,0.8989845514297485
P54198,Q8NA66,0,0.23951490223407745
Q7Z2E3,Q16654,0,0.4030259847640991
Q04760,F8VUJ3,0,0.33378833532333374
O00459,P29350,1,0.8235217928886414
Q8NGQ5,P07225,0,0.17429475486278534
O43324,Q9UGK8,0,0.16257992386817932
P58173,Q9UQE7,0,0.12700405716896057
O75800,Q86X45,1,0.2581838071346283
Q9UL40,Q9H6W3,0,0.14023810625076294
O15371,O00303,1,0.46760767698287964
P32780,Q15544,1,0.8588782548904419
Q9C035,P09874,0,0.1543039083480835
P51589,Q9UM19,0,0.18028809130191803
Q7Z7L7,Q9Y2U9,1,0.5253781676292419
P25788,Q8TAA3,1,0.9292495250701904
Q99929,Q8NH55,0,0.11884687095880508
Q15382,P49591,1,0.21066081523895264
P15153,P15498,1,0.24296914041042328
Q96IR7,P60370,0,0.10547595471143723
P46199,Q9BS40,0,0.14042596518993378
P05181,P18440,1,0.4006158709526062
Q96TA2,Q96E52,1,0.22473621368408203
Q96K17,Q149M9,0,0.21511468291282654
Q9BSY9,Q8NGT1,0,0.12873408198356628
P57772,P46781,1,0.853435754776001
P22459,P16389,1,0.882813036441803
Q9NRX2,Q9NV31,1,0.9482874870300293
Q6T310,Q6T311,1,0.17150048911571503
O00459,P52735,1,0.8747459650039673
P48547,Q3LI81,0,0.132496640086174
Q7Z7C8,Q9NW97,0,0.13302385807037354
O75379,Q5VIR6,1,0.6063934564590454
O95872,Q9BZE9,0,0.6577442288398743
Q96SB4,Q4ZG55,0,0.32957926392555237
Q8NH90,Q5FBB7,0,0.12916740775108337
Q9BQ95,Q9BUB7,1,0.8891462087631226
P60371,O60888,0,0.1371421366930008
P62834,P61586,1,0.8854368925094604
Q9Y580,O14525,0,0.11103136837482452
P52948,Q99567,1,0.4179363250732422
P31483,Q04637,1,0.47188273072242737
Q8WVM0,Q9Y399,1,0.8812310695648193
P55060,P62826,1,0.3351832628250122
Q9HA82,Q8IU89,1,0.8751972317695618
Q8WU66,O94842,0,0.27405163645744324
P56381,O95967,0,0.12803691625595093
Q9UBZ9,Q96GM5,0,0.4508975148200989
O43504,Q9P278,1,0.2140461504459381
Q8IY81,Q14137,1,0.8831576108932495
P46781,P62857,1,0.9201809763908386
Q9H3F6,Q8WZ19,1,0.5479693412780762
P02549,Q9H422,0,0.12748008966445923
O96017,P16104,1,0.8506793975830078
Q9UHG2,Q6ZVC0,0,0.3631751239299774
Q6NXT1,P30085,0,0.16384641826152802
P37235,Q9H334,0,0.130268856883049
A8MZA4,Q9UK55,0,0.11773543804883957
P00414,Q5JTJ3,1,0.26346686482429504
Q9BSJ1,Q96MH2,0,0.2282271683216095
P05019,Q13796,0,0.2057061344385147
Q9BXY0,O76021,1,0.9187289476394653
P17858,Q8N9L9,1,0.42951110005378723
Q6IEU7,Q8NGL7,0,0.8591358661651611
P53680,P04183,0,0.2293444275856018
Q9NV31,P61513,1,0.9550681710243225
P27824,P07237,1,0.48223933577537537
Q15303,P56975,1,0.5711472630500793
O14807,O00329,1,0.23668336868286133
Q9ULI2,Q9ULZ0,0,0.12718017399311066
Q14449,Q9ULL0,0,0.15950989723205566
Q99741,P31350,1,0.31122246384620667
P20815,O14492,0,0.1417013555765152
O75251,O14949,1,0.7399272322654724
Q14153,P08397,0,0.15146847069263458
P62491,O60239,1,0.1675163060426712
P49591,Q3LIE5,0,0.24121873080730438
P62166,Q8N349,0,0.14679834246635437
P01116,Q92565,1,0.32818272709846497
Q6UWS5,Q9NVI1,0,0.12799525260925293
Q6P582,Q8NHV4,1,0.3118734061717987
Q9UL51,A8MWV9,0,0.4179840385913849
Q8NHZ8,Q9Y2V2,0,0.23979231715202332
P04792,P02511,1,0.9239879846572876
P24557,Q9BS16,0,0.12956564128398895
P04626,P05019,1,0.45427384972572327
A6NJZ3,Q99442,0,0.13606135547161102
Q92686,Q96GE6,1,0.1476929634809494
A0A1W2PR64,Q9BXN2,0,0.15339727699756622
Q13480,O00329,1,0.3924311697483063
Q06033,Q6ZT07,0,0.2037193328142166
P35227,A6NKK0,0,0.1283767968416214
Q96QG7,Q9Y217,1,0.8027544021606445
Q96DN6,O43303,0,0.2178041785955429
P25789,O43242,1,0.49666377902030945
Q15796,O15198,1,0.6497259736061096
O75356,P31350,1,0.4117731750011444
Q5QJE6,P62857,1,0.8153408169746399
Q8WZ92,Q9BXU8,0,0.2843266725540161
P27482,Q96GE6,1,0.48585015535354614
A4D1E9,Q7Z2W9,1,0.7624943852424622
P20815,Q6V0L0,1,0.6871743202209473
Q8NGA8,Q16082,0,0.1281803697347641
Q8NGN3,P09467,0,0.1328093409538269
O96000,O14949,1,0.8996138572692871
Q13330,Q8NH73,0,0.10893316566944122
O14713,Q9BSQ5,1,0.3849904537200928
O14559,Q9NRZ9,0,0.12983223795890808
Q9NWZ5,P49961,1,0.331003874540329
Q9UPM6,Q86U70,1,0.5293322205543518
Q8NH92,Q86YD7,0,0.14529158174991608
Q7Z2W9,P08865,1,0.9192445278167725
P62491,Q8TBN0,1,0.24402855336666107
Q9NSC7,Q6P9A2,1,0.740918755531311
Q8WW52,Q06455,0,0.11847206205129623
P62072,O96008,1,0.30076223611831665
P36956,P02545,1,0.20937077701091766
Q9Y221,Q8IY81,1,0.8253647685050964
P06744,P09467,1,0.49128884077072144
Q9BV68,Q8NHB7,0,0.15881218016147614
P25098,P35626,1,0.8461102843284607
Q8NH18,P02750,0,0.16622866690158844
Q9H0M4,Q6UWF7,0,0.13430863618850708
P62306,P57678,1,0.16910144686698914
P54578,Q16696,0,0.1267537921667099
Q8NGK6,Q6NXT1,0,0.1308201253414154
Q9BYR4,Q8NGS7,0,0.12005781382322311
O43150,Q9ULH1,1,0.8305678963661194
Q9NV31,O15213,1,0.9396453499794006
A6NDB9,P55884,0,0.23612000048160553
Q9H082,Q8NDA8,0,0.2080991268157959
Q6MZT1,Q13637,0,0.13752037286758423
Q5XLA6,Q96J87,0,0.1477111577987671
Q9GZZ7,Q9UBY9,0,0.2435159683227539
P51665,P28066,1,0.9165863990783691
P11712,P33261,1,0.9207925796508789
Q96KP1,Q9UGK8,1,0.16341710090637207
Q96QE3,Q8NGA6,0,0.10451041162014008
O75131,Q8NG75,0,0.16213324666023254
Q969K3,P37235,0,0.1283639371395111
O75326,P23610,0,0.13625428080558777
P62750,Q96EH5,1,0.9610500335693359
P33681,P16410,1,0.8899357914924622
Q15544,Q7Z7C8,1,0.8358483910560608
Q9Y490,Q9Y4G6,1,0.9039905071258545
P05093,P08686,1,0.8789511919021606
Q7Z2W9,A0A0A6YYL6,1,0.9567233920097351
Q6L8G5,Q5VZ52,0,0.13657592236995697
Q7LG56,O75354,1,0.37934908270835876
P60763,P61586,1,0.9303562045097351
P42336,P60763,1,0.6030714511871338
Q9NPJ8,Q9UKK6,1,0.8977066278457642
Q8NGZ9,Q96S94,0,0.09119769185781479
Q9P203,P05177,0,0.12370369583368301
P42166,O75157,0,0.17744947969913483
Q9Y5J6,Q9Y5J7,1,0.857119083404541
Q9H340,Q9H344,1,0.8567587733268738
P37235,P29350,0,0.18751567602157593
Q86UL3,Q6NUI2,1,0.7208207249641418
Q5TDH0,P33261,0,0.1353684812784195
A0A0B4J2F0,Q16559,0,0.11717019975185394
A7MD48,Q9BYD3,0,0.4764891266822815
Q96R08,O76021,0,0.10000845789909363
P98173,Q9ULH1,0,0.3030893802642822
O75690,O75916,0,0.13244055211544037
Q96QF0,Q8NG77,0,0.13294903934001923
P08138,P42338,1,0.3075543940067291
Q07157,A4D2G3,0,0.1347401887178421
O95057,P42338,1,0.23399929702281952
Q6UWR7,Q7L5L3,1,0.6402021050453186
Q13002,Q16099,1,0.9309794306755066
Q9BW91,P0CG37,0,0.11829972267150879
P82914,P46781,1,0.8886995315551758
Q9C0D3,Q9Y2U9,1,0.7379903793334961
Q9NSC7,Q09470,0,0.20089496672153473
O43676,Q8NGJ6,0,0.17780956625938416
Q8TCG1,Q8IU99,0,0.14987951517105103
Q5XX13,Q9Y6X5,0,0.13522623479366302
Q13464,P19105,1,0.26993221044540405
Q8J025,P32929,0,0.1380981206893921
O00329,O14967,0,0.38279926776885986
Q8N0S6,Q9UMX1,0,0.16773943603038788
A0A096LNW5,A8MTY7,0,0.12198616564273834
Q9Y6J9,Q6P1X5,1,0.39519354701042175
Q96GW9,Q6ZN28,0,0.1379721462726593
Q9NWU1,Q9UHX1,0,0.1495346873998642
Q5SZQ8,Q8NHC5,0,0.10794105380773544
P17405,Q9NX95,0,0.17649416625499725
Q3KR16,Q8NGP2,0,0.14111657440662384
Q9Y6A2,P16949,0,0.1318480670452118
Q6T423,Q7L8S5,0,0.10493820905685425
P36954,Q93077,1,0.6846935749053955
P62834,P52735,1,0.21362806856632233
P51149,P20339,1,0.7177051305770874
Q9HCE7,Q99717,1,0.30689775943756104
P10911,Q8NGE8,0,0.11869637668132782
Q14722,P16389,1,0.1954672634601593
Q8N5L8,Q99575,1,0.3639567792415619
Q9UJX4,Q8NHZ8,1,0.20983418822288513
P11233,P61586,1,0.9233352541923523
O43749,Q86TX2,0,0.18139104545116425
Q86U17,Q96GD0,0,0.11954563111066818
Q2WGJ8,P24462,0,0.1497402936220169
P03901,P56556,1,0.9429759979248047
Q8IUZ0,P0C7N4,0,0.15149663388729095
Q9NXR7,P30260,1,0.43283867835998535
Q9BXF6,Q7L804,1,0.6828558444976807
P18074,Q9BQS8,0,0.16021162271499634
P17658,P16389,1,0.8881886601448059
P04798,Q6V0L0,1,0.7647950053215027
Q8N7Z2,A6NLC8,0,0.14387769997119904
O94985,Q9H0B6,1,0.5229027271270752
Q96E17,Q86T13,0,0.12414536625146866
P22459,Q13303,1,0.20820607244968414
Q13503,Q9P086,1,0.8584944009780884
P42224,O75925,1,0.2738320529460907
A6NNE9,Q96BM9,0,0.13382108509540558
O95251,Q9HAF1,1,0.28998109698295593
Q96G23,Q8N5B7,1,0.9171236157417297
O94985,Q07866,1,0.40086355805397034
O15371,P62273,1,0.8851362466812134
Q3KR16,Q8NGX5,0,0.1422305405139923
P60409,Q9BZD2,0,0.11282342672348022
P11509,P24462,1,0.8807792663574219
Q8NGL2,P35659,0,0.10258942097425461
Q8IY92,O15360,1,0.4170635938644409
Q9HCE7,Q14140,0,0.3238571882247925
A0A087WT10,Q96A49,0,0.17797952890396118
P62306,Q9Y333,1,0.914867639541626
Q9HBL0,O15442,0,0.17343959212303162
Q12988,Q9ULI2,0,0.16507075726985931
Q13889,P21128,0,0.14726629853248596
Q8NG97,P30740,0,0.20047573745250702
Q9NP86,O94955,0,0.13119013607501984
Q8NGC3,P16035,0,0.21792536973953247
Q9Y2G4,Q5TDH0,0,0.14628277719020844
Q9NRM6,Q8NFR9,1,0.6799466609954834
Q14534,P53602,1,0.35429805517196655
Q6UXC1,P18085,0,0.11473871022462845
Q7Z7B1,O43174,0,0.5471038818359375
Q96PL5,O14581,0,0.1776861846446991
Q6ZP65,Q9UJW0,1,0.17911018431186676
P09234,P31483,1,0.7596160173416138
Q99541,Q6UX41,1,0.37275630235671997
Q8NGR4,Q8IYM9,0,0.12262575328350067
P62306,O14893,1,0.883375883102417
O14949,Q7Z7L7,0,0.13339148461818695
Q9NPF2,Q8NET6,1,0.8511484861373901
P11509,P07099,1,0.6407855153083801
A6NCV1,O14787,0,0.11649826914072037
Q7L4E1,Q8NAN2,1,0.6837482452392578
Q99541,O00481,1,0.4303009510040283
Q5VWT5,Q96B45,0,0.17385289072990417
P62241,P61513,1,0.9513260722160339
Q8IYP9,P01112,0,0.12138041853904724
Q9NY47,O75128,0,0.2144871950149536
Q8N5B7,A0A1B0GTR7,0,0.12525002658367157
Q8IYD2,Q9BXT4,0,0.22800537943840027
Q86TX2,P09467,1,0.4676469564437866
O43679,P50458,1,0.48193803429603577
Q6B9Z1,Q8NEX6,0,0.6449811458587646
Q8IYK2,P46781,1,0.1410776525735855
P11245,O15182,0,0.18805989623069763
Q96SL4,Q9HCL2,0,0.5060451030731201
Q9H3F6,Q6NXT1,0,0.22934430837631226
P11047,P55268,1,0.8642518520355225
P24844,O75038,0,0.2968249022960663
Q9NRW1,P05019,0,0.11893410235643387
P07858,P25774,1,0.8999258875846863
P56381,Q53HL2,1,0.8908447027206421
Q5T655,Q969Q4,0,0.186881422996521
P01116,P21860,1,0.22342926263809204
P61601,P53680,1,0.13869154453277588
Q86XL3,O75947,0,0.23397476971149445
Q8NGF0,Q68CQ1,0,0.13903771340847015
P04626,O00329,1,0.23160193860530853
Q9UJ96,P56545,0,0.1375667005777359
Q9NUC0,P58499,0,0.12720921635627747
A6NKK0,Q13303,0,0.16217046976089478
Q93077,Q9NQR1,1,0.541141927242279
P19387,P32780,1,0.732442319393158
P56381,P18859,1,0.37034162878990173
Q9BRG1,O00566,0,0.7016721367835999
Q8WYA6,P62308,1,0.7607265710830688
P23515,Q53S08,0,0.12146303802728653
Q9NZI2,Q9NS61,1,0.7816445231437683
O43818,Q5QJE6,1,0.5472004413604736
P61011,O76094,1,0.8178789615631104
O75899,P04899,1,0.7289925813674927
Q15286,Q4KMP7,1,0.11769457906484604
P63098,P0DP23,1,0.8453749418258667
P11233,P15153,1,0.8430956602096558
Q96EY8,Q96EC8,0,0.26534491777420044
P18440,Q9NS56,0,0.1532982885837555
Q08477,P78329,1,0.9155550003051758
P62306,Q86V81,1,0.878223180770874
Q15819,A4D0S4,0,0.12978357076644897
Q3LI77,P29350,0,0.12522289156913757
Q9BZ71,Q96A58,0,0.1791108101606369
O75871,Q309B1,0,0.18365947902202606
O95361,Q6P6B7,0,0.23892533779144287
P01583,P35225,1,0.449826180934906
O60841,P62273,1,0.9016632437705994
Q8IY92,Q9NVI1,1,0.35134589672088623
P50452,Q5TEU4,0,0.22459140419960022
Q9H694,Q9Y6K5,0,0.20396468043327332
Q9H6L5,Q684P5,0,0.16417773067951202
Q9UJY5,P84077,1,0.38094985485076904
Q9P0V8,P28330,0,0.1467706710100174
P20042,O00303,1,0.7479593753814697
P05161,Q8NG75,0,0.12153874337673187
O00764,Q9NVS9,1,0.5782114267349243
O43488,O95154,1,0.9115659594535828
P50148,Q96I99,1,0.2287605106830597
O14925,Q96D21,0,0.13637718558311462
Q86U38,Q14137,1,0.8755436539649963
Q9Y3T9,O95478,1,0.9289242029190063
Q8N6L1,P46977,1,0.14855509996414185
Q6PIZ9,Q9Y577,1,0.23827709257602692
O95544,P41159,0,0.2645810842514038
O95562,O75506,0,0.12428383529186249
P19256,Q16445,0,0.1917785108089447
Q86V81,O00422,1,0.8439884781837463
Q9Y221,A6NES4,0,0.14024002850055695
Q96R45,Q8NGL7,0,0.8486531376838684
O14950,P60371,0,0.11507906764745712
P40261,Q96R45,0,0.1361771523952484
Q8WXS5,P54289,1,0.37790846824645996
Q8NHZ8,Q9UM13,1,0.29861190915107727
Q96EN8,P13584,0,0.3130638301372528
Q8NH03,Q8WXS5,0,0.14917373657226562
Q7KYR7,Q13503,0,0.1442907303571701
P0C0P6,A0A1W2PR48,0,0.1334449201822281
Q8NH72,Q8NHC4,0,0.877967119216919
Q8TAL6,Q9NR31,0,0.1799386441707611
Q9UJX4,O43684,1,0.5423201322555542
P19634,P27482,1,0.17843759059906006
Q5T5S1,P35659,0,0.19672273099422455
Q8N2R8,B3KS81,0,0.1103617399930954
Q9H9J2,Q9BYD3,1,0.9352465867996216
P60953,Q6IF00,0,0.14271628856658936
Q6L8G8,Q8N5W9,0,0.12792815268039703
O75690,Q96BW5,0,0.1307167261838913
A2RU48,Q8WWZ3,0,0.28669220209121704
Q9NS61,Q9UBK9,0,0.20327617228031158
Q8TDY4,Q9ULH1,1,0.5197652578353882
P20339,Q14C86,1,0.13986556231975555
P49715,P01106,1,0.8045663237571716
Q96SB4,P05121,0,0.16125063598155975
Q5H913,P01833,0,0.1232328712940216
Q8NEA4,Q86TX2,0,0.12386458367109299
Q9H210,O95222,1,0.8837497234344482
Q9H207,Q9Y305,0,0.19202889502048492
Q9NQ92,O14744,1,0.15482468903064728
Q9NZG7,O14524,0,0.1514633446931839
Q9UIV8,P43235,1,0.7793676257133484
P46977,Q13724,1,0.5313522219657898
Q8TDR4,Q6FI13,0,0.14699764549732208
O14522,O60431,0,0.17005249857902527
Q92616,Q9NUQ8,1,0.6482329964637756
P07585,P04626,1,0.6778092980384827
P61011,A0A0A6YYL6,1,0.8846355676651001
Q13651,Q08334,1,0.8847331404685974
Q96GW7,Q9H7D7,0,0.13396643102169037
P25788,P25786,1,0.9197020530700684
P78329,P10632,1,0.8949910402297974
P62330,Q9NR63,0,0.1472933441400528
Q13363,P56545,1,0.9053357243537903
P50583,Q8WWW8,0,0.13188190758228302
P61513,P49848,0,0.8040989637374878
P52630,P05161,1,0.3087516129016876
Q9C035,P61513,0,0.14740000665187836
Q8TCU6,P42338,1,0.642792820930481
Q9NW13,O00566,1,0.9159870147705078
P22460,Q13303,1,0.18929971754550934
P51636,Q8TD86,1,0.5891634225845337
P19634,Q96BS2,1,0.18494769930839539
P61224,Q9Y490,1,0.2123148888349533
P98187,Q15032,0,0.12610796093940735
O43818,Q9NQZ2,1,0.8868778944015503
Q9HAV0,P04899,1,0.2318766564130783
O75128,Q15777,0,0.14604823291301727
Q6XE24,Q9UKA9,0,0.40827488899230957
Q9UNQ2,Q9HCS2,0,0.14136902987957
P61371,Q969G2,1,0.771992564201355
P40938,P35249,1,0.8658560514450073
Q63HM1,P62745,0,0.20523032546043396
Q9Y227,Q5MY95,1,0.733925461769104
Q13303,P0CI26,0,0.13023188710212708
P33260,P07099,1,0.6013244986534119
P55884,P62857,1,0.8390418887138367
O75506,Q8NHC4,0,0.11211519688367844
Q92547,Q8IY92,1,0.6174718737602234
P32780,Q00403,1,0.8739100098609924
Q9P1U0,O15446,1,0.5879077315330505
Q6UX15,Q9Y4G6,1,0.19550181925296783
Q9Y490,Q8WVI0,0,0.14610053598880768
Q9Y4F1,P20338,0,0.12620335817337036
Q96AJ9,Q9H270,1,0.7341998815536499
P04626,P01112,1,0.20434685051441193
P24534,P62241,1,0.8403264880180359
P09234,P62306,1,0.828639030456543
O60911,P08697,0,0.4770137369632721
O43676,P49821,1,0.6645940542221069
A4D1S5,Q8IXB1,0,0.12128178775310516
P14866,P23246,1,0.9110209345817566
Q8N6N2,Q7L5N1,0,0.1962677240371704
P20853,P40818,0,0.13866883516311646
P08865,P62829,1,0.9514427185058594
Q9HAS3,Q14202,0,0.13712026178836823
P50148,P49768,0,0.17752298712730408
Q8NGP6,O95013,0,0.8903467655181885
P84022,P01106,1,0.38948139548301697
O15198,Q99717,1,0.7739753723144531
P22897,Q00888,0,0.3079966604709625
Q71UI9,O94887,0,0.11669021844863892
Q8NG41,P10911,0,0.13612723350524902
O43818,Q99575,1,0.8710165619850159
Q8N1B3,Q8NEC7,0,0.20028214156627655
Q5TC12,Q6UWF7,0,0.14718185365200043
Q9H209,P17900,0,0.19862055778503418
Q5TCH4,P98187,1,0.9025611281394958
P49848,Q9H7Z6,1,0.25817936658859253
P42336,Q9UKW4,1,0.6868433952331543
Q9H2A7,Q8NGH7,0,0.15815003216266632
Q9NX57,P01031,0,0.14331887662410736
Q9NR63,O43174,1,0.8817680478096008
O00566,O15213,1,0.9227375388145447
A6NKF7,Q9NVM4,0,0.12485777586698532
Q9BZ29,P48230,0,0.18059416115283966
Q07864,Q5JW98,0,0.10157129913568497
Q6XPR3,Q9H082,0,0.1416240781545639
P58505,A0A087WT91,0,0.1402730941772461
Q9NQ69,Q86U70,1,0.5356157422065735
Q8TCC7,Q9Y694,1,0.48240038752555847
P03901,Q9P0J0,1,0.9510419964790344
O60841,P08865,1,0.9332577586174011
Q96M96,P80723,0,0.2418217957019806
P62306,P62308,1,0.9398595094680786
Q9UQL6,Q06413,1,0.4944758415222168
Q8N4Q1,O60220,1,0.23849542438983917
Q8NHB1,C9JVW0,0,0.14343662559986115
Q96GA3,P08865,1,0.8845458030700684
P19438,P23416,0,0.1845165491104126
Q8NH40,Q9UPW6,0,0.12225418537855148
Q12959,Q13002,1,0.31011903285980225
Q01826,Q63HM9,0,0.12837371230125427
Q14002,Q96BT1,0,0.13906753063201904
P00533,P27986,1,0.7344332933425903
P35251,P40937,1,0.8045375943183899
Q8NH72,Q16559,0,0.12148821353912354
Q9NZ72,A0A1B0GVY4,0,0.1651962697505951
Q9NVI1,Q8NG85,0,0.09253357350826263
P10155,P18507,0,0.1272296905517578
O00459,P15153,1,0.3513374924659729
P35226,Q8IX15,0,0.37217584252357483
Q8NGQ5,P11509,0,0.1997891068458557
Q92730,P61586,1,0.46857425570487976
Q6STE5,Q4VC05,1,0.8405137658119202
Q9H9J2,Q9Y399,1,0.9358651041984558
Q9NYN1,Q9BXJ7,0,0.14302419126033783
Q8NGA1,A6NE52,0,0.12414523214101791
Q13796,Q13464,1,0.487164169549942
P52630,Q14765,1,0.6261991858482361
P13196,P08397,1,0.7220796942710876
A6NDH6,Q86XJ0,0,0.15306790173053741
Q13606,Q9UJU6,0,0.14108939468860626
P46199,Q15648,1,0.22104138135910034
P25098,Q8WXS5,0,0.3182372748851776
Q8N163,P20382,0,0.17667792737483978
P48169,P18505,1,0.856166660785675
Q8WVN8,P15169,0,0.11702889204025269
A4D1E9,Q9UBN6,0,0.1130986139178276
P27986,Q06124,1,0.7368271946907043
Q9BUL9,Q9H0R3,0,0.18656128644943237
P15538,P08686,1,0.8549991846084595
Q9UNL4,Q8WYH8,1,0.8691826462745667
Q96J88,Q53G44,1,0.18912453949451447
Q8TEA1,Q8IY81,1,0.21611642837524414
Q9NZV8,Q6PIL6,1,0.18895018100738525
P20815,P05177,1,0.8750540614128113
Q86UK0,P02792,0,0.5783080458641052
Q96DA2,P30536,0,0.13297949731349945
P20815,Q16696,1,0.8792851567268372
Q9UPN7,Q9GZK4,0,0.12458405643701553
Q8NGG5,Q14542,0,0.19965051114559174
Q6PIZ9,Q9BYJ4,1,0.19520385563373566
Q8TDM0,Q7Z6M1,0,0.2506175935268402
P15153,Q9NYB9,1,0.7170708775520325
P47736,P05161,0,0.25906819105148315
Q6ZMG9,Q14137,0,0.1301795244216919
P01116,P00533,1,0.2671823501586914
Q9UNQ2,Q15269,1,0.8387108445167542
O14879,Q02318,0,0.13144522905349731
O75379,Q96AJ9,1,0.816177487373352
Q8IUB3,Q8WU66,0,0.18018938601016998
Q9C0D3,Q6PID8,1,0.8018067479133606
A6NJW4,Q8NH79,0,0.13195854425430298
P48058,P10911,0,0.18890374898910522
Q8IUE1,Q8N8Q8,0,0.10996716469526291
Q9NW13,Q14137,1,0.8957479596138
Q96R08,P35575,0,0.4128400683403015
Q96S15,A0A1W2PR64,0,0.8193063139915466
Q99828,P49961,0,0.5066142678260803
O94776,Q9BTC8,1,0.8972654342651367
Q6NT55,Q86UK0,1,0.24264998733997345
Q9HAV0,Q8TCU6,1,0.1474953293800354
P48058,P42262,1,0.9372682571411133
Q6IEZ7,P20062,0,0.28554120659828186
P19099,P08686,1,0.8692157864570618
Q96BN6,Q9GZV1,0,0.17161157727241516
Q5TCH4,P04798,1,0.8081915378570557
Q9NV35,Q9HBF4,0,0.19988501071929932
Q6P6B7,O75689,0,0.171653613448143
Q14964,O94885,0,0.1890423595905304
A4D1E9,Q7Z6J8,0,0.16387218236923218
Q9BXL5,Q6IFH4,0,0.14026416838169098
Q16222,Q3KQV9,1,0.8392546772956848
P63000,Q8WUW1,1,0.4452376961708069
P05177,Q13606,0,0.4448986053466797
P07360,Q13829,0,0.1125873550772667
Q96DN6,A0A1B0GUT2,0,0.1591629534959793
Q96P15,P20853,0,0.3406740128993988
Q86TX2,O00757,1,0.4523216784000397
Q8WVM0,Q6NW34,0,0.4747339189052582
P55809,Q9BYC2,1,0.922337532043457
A6NLC8,Q8NGZ0,0,0.10709530115127563
P31350,P04183,1,0.4837948977947235
P01583,P05412,1,0.2656932771205902
Q8IYU4,Q8IXK2,0,0.11160452663898468
Q7Z449,Q8IWL2,0,0.3074316084384918
O75530,P35227,1,0.8523054122924805
Q00403,P49848,1,0.8543662428855896
Q8NHC7,Q9NP90,0,0.10739006847143173
Q5MY95,O75354,1,0.8722864389419556
O75251,O43676,1,0.800329864025116
Q96QC0,O94842,1,0.29509344696998596
Q9BYQ2,Q9BYQ3,1,0.8718078136444092
Q9Y5M8,P61011,1,0.7911903858184814
O14949,O43676,1,0.9452266693115234
P61587,Q13464,1,0.33496758341789246
Q0VAM2,Q68CQ1,0,0.15352101624011993
Q8NC24,Q9BWS9,0,0.14132438600063324
Q86UF2,Q9HAE3,0,0.18062140047550201
Q5FBB7,Q53HL2,1,0.5114845633506775
P19634,P0DP23,1,0.22322523593902588
Q13200,O14818,1,0.8852246403694153
Q8WXD9,Q8NGN4,0,0.12245702743530273
Q13503,Q9ULK4,1,0.36316150426864624
Q9BT43,P05423,1,0.9177339673042297
Q2M385,Q8WZ92,0,0.19345493614673615
Q9BQ90,Q6PID8,1,0.8779146671295166
P57078,Q68CZ2,0,0.24055364727973938
Q8IXM3,Q9Y399,1,0.9311230778694153
Q13503,Q15648,1,0.2700859308242798
P98095,Q9NRM6,0,0.27716144919395447
O95716,P23416,0,0.130924791097641
Q92796,Q7RTT9,0,0.17926903069019318
Q15796,Q9HCE7,1,0.24257788062095642
O00220,Q93038,1,0.899747908115387
A0PJX2,Q86Z02,0,0.21318651735782623
Q9UBR4,Q86U70,1,0.4666769504547119
Q6FI13,P54750,0,0.1585628092288971
Q15796,Q99717,1,0.6482617259025574
Q15637,Q9UHX1,1,0.8764766454696655
Q8NGL6,Q8N841,0,0.13744236528873444
Q9BQ95,Q9NYN1,0,0.13912057876586914
P16520,P19087,1,0.2186000943183899
Q68G74,O75530,0,0.3350076377391815
Q96DL1,P01111,0,0.1489563137292862
Q8NHZ8,Q08477,0,0.10229311138391495
Q8TD86,P01111,1,0.150416299700737
Q9H9J2,P82914,1,0.9199979901313782
Q15269,P60369,0,0.11943890899419785
P20671,Q7Z7L7,0,0.5374912023544312
P61224,Q9UKW4,1,0.2443668693304062
Q96SQ9,P04798,1,0.8706980347633362
Q01064,P18859,0,0.31953123211860657
P49716,Q7Z3S9,0,0.18580949306488037
Q96EF0,Q8N813,0,0.1264863908290863
Q9Y5V3,Q8NET5,0,0.137391597032547
O60832,O76021,1,0.9274003505706787
Q86YP4,Q14722,0,0.13820847868919373
P49753,P09467,1,0.5070380568504333
Q9H1H1,P07360,0,0.09815152734518051
Q8WU67,O75830,0,0.5990795493125916
Q15637,Q8IWX8,1,0.8586446642875671
Q9UBT2,O75762,0,0.27569133043289185
Q96RC9,Q15620,1,0.8979492783546448
Q8NGF1,Q5TBB1,0,0.10834026336669922
Q01581,P36956,1,0.16214916110038757
Q8WXI8,Q4VC05,0,0.1305903196334839
O60888,Q9H8T0,0,0.16475459933280945
P62826,P18754,1,0.2889702022075653
P46781,P61513,1,0.9572612643241882
P05177,Q86U17,0,0.15721271932125092
Q8IYD2,Q13395,0,0.1310950517654419
Q9BYQ0,Q9BYR4,1,0.5557733774185181
Q8N4F4,Q9NXR8,0,0.10333828628063202
Q9Y3T9,O15213,1,0.9302953481674194
Q53R12,Q12816,0,0.10733170062303543
A7MD48,Q9UKA9,1,0.31043741106987
Q9NYK5,P82914,1,0.9148708581924438
P08754,P48736,1,0.8453353047370911
P36405,O43924,1,0.16375429928302765
Q9H2A9,Q504U0,0,0.10285895317792892
P52948,Q92973,1,0.6180970668792725
P05121,P05120,1,0.7028201818466187
Q9GZK6,Q14032,0,0.14569230377674103
Q9H0B6,P37840,1,0.18452899158000946
P00533,Q14451,1,0.7743377089500427
Q9NZM5,Q8IY81,1,0.9325346350669861
P24462,Q5TCH4,1,0.8828041553497314
Q9UMX1,Q86U44,0,0.4468746483325958
P04899,P63096,1,0.9404478073120117
O95619,P01106,1,0.5343281030654907
P23528,P13686,0,0.17333070933818817
Q16678,O00757,0,0.19239245355129242
Q6ZNK6,Q8IWC1,0,0.18545076251029968
P56524,Q8NG97,0,0.13662396371364594
Q68CP9,Q8WUZ0,1,0.16145804524421692
Q9BU20,Q9NZI7,0,0.21973124146461487
P22460,Q12959,1,0.3266480565071106
Q8N9V2,Q9HC29,0,0.31429851055145264
P60900,P28066,1,0.9176422953605652
Q9HAF1,Q8WYH8,1,0.5478907823562622
P15153,P42336,1,0.462185800075531
P62820,Q86U28,0,0.18956415355205536
Q9BUE6,Q9UMS0,1,0.8919315338134766
A6NND4,Q96M83,0,0.13588757812976837
Q9P086,Q15648,1,0.39053937792778015
Q96EB6,P05412,1,0.6170488595962524
Q01064,Q96GE6,1,0.28093406558036804
O00459,P00533,1,0.8322786688804626
P00533,P40818,1,0.30431532859802246
Q13651,Q6UXL0,1,0.8992757797241211
O95707,Q9H8T0,0,0.16058766841888428
Q9NZM5,O95478,1,0.9459478855133057
P62760,Q99541,0,0.457233726978302
P29992,P62873,1,0.19043388962745667
Q9BZG1,Q86U17,0,0.1215844601392746
P00414,O95050,0,0.16977600753307343
P57087,Q969V5,0,0.24714986979961395
Q7L5N1,Q9H9Q2,1,0.8870426416397095
P60983,P07307,0,0.16073064506053925
A6NLC8,Q9BW91,0,0.1505284458398819
P57772,P62750,1,0.8724632263183594
O60841,P46781,1,0.9034465551376343
P20339,P42338,1,0.17839597165584564
P46199,O60783,1,0.9383675456047058
P62829,O95478,1,0.9446350932121277
P35625,Q12805,1,0.6276717185974121
Q13009,P60763,1,0.18655480444431305
Q8NH48,Q96KP1,0,0.11047506332397461
P57772,P62891,1,0.7022281885147095
P32780,P49848,1,0.8828614950180054
P09874,P16104,1,0.8030685186386108
Q9UPQ4,Q9NQR9,0,0.12142392247915268
Q5JPE7,Q8NGN6,0,0.1437516063451767
Q01085,Q04637,1,0.5683050155639648
Q6PEW1,Q9GZN2,0,0.15107819437980652
O00478,O00212,0,0.1548355370759964
P30953,Q86VW1,0,0.17443111538887024
Q00888,P17535,0,0.13317440450191498
P62750,Q14137,1,0.9118577241897583
Q8WXS5,P42263,1,0.5517808794975281
Q5TBB1,Q9NV31,0,0.7392004728317261
Q9Y4L5,Q8N6F8,0,0.1411460041999817
Q8NGT2,P30679,0,0.14104169607162476
Q9Y399,P46781,1,0.8137043118476868
B2RN74,A0PJX2,0,0.11540252715349197
Q9Y5J7,Q96BN6,0,0.24250073730945587
Q8N271,Q16678,0,0.13705860078334808
Q14542,Q99808,1,0.693004310131073
P51168,Q96PU5,1,0.24294033646583557
P52630,P09913,1,0.17711123824119568
Q9UHP9,Q8NFM7,0,0.1727318912744522
Q96GM5,Q15532,1,0.5322726368904114
P33260,Q6V0L0,1,0.5746875405311584
Q96QE3,Q9Y5P0,0,0.09702962636947632
Q86YP4,Q9ULU4,1,0.8213213086128235
P11712,Q7Z449,1,0.868090808391571
P01111,P48736,1,0.2816881239414215
Q96SQ9,P05177,1,0.8910475969314575
O15442,Q15032,0,0.20859114825725555
P11509,P04798,1,0.84897780418396
Q86VB7,Q30KQ8,0,0.15131188929080963
Q16659,B2RN74,0,0.13794083893299103
O00329,P29350,1,0.5804966688156128
Q96NC0,P35790,0,0.14219988882541656
Q969Q5,Q02535,0,0.17999067902565002
Q9BXY0,Q8IY81,1,0.9103289842605591
Q9NVV4,P16144,0,0.12002429366111755
A6NGC4,Q9HCS2,0,0.18944628536701202
P42336,P60953,1,0.6911614537239075
O75528,Q9H8E8,1,0.7811136841773987
Q9BX67,Q9Y624,1,0.8612541556358337
P14867,P30679,0,0.3149561583995819
O43439,Q06455,1,0.853725254535675
O60516,Q13542,1,0.8485437631607056
Q9H082,Q8NGY9,0,0.10709120333194733
Q5TGY1,P29350,0,0.43875110149383545
O14713,O00522,1,0.23300307989120483
P26718,Q9UBK5,1,0.3632248342037201
Q8WXU2,Q10472,0,0.11697491258382797
P40763,O75925,1,0.3505728840827942
P62891,P62829,1,0.9620790481567383
Q9H2H0,P51589,0,0.11106277257204056
P36954,Q8WVC0,1,0.9039599299430847
Q14684,Q15269,0,0.5936317443847656
Q8NGJ4,Q16478,0,0.21018153429031372
Q9H2C8,Q6UWQ7,0,0.17265430092811584
Q2M385,Q9BZC1,0,0.12995527684688568
Q4U2R6,P82650,1,0.6954460740089417
Q9H2X6,P52630,0,0.1947653591632843
Q9BYJ4,P60953,0,0.5491469502449036
Q8TAG9,P61026,1,0.32201358675956726
Q8IUE6,Q6FI13,1,0.9459297060966492
Q9UIJ7,P63316,0,0.21866513788700104
Q8TDX6,Q3KPI0,0,0.12328175455331802
Q96DN6,Q5MJ68,0,0.17009103298187256
P07307,Q11206,1,0.1563076674938202
Q9NRX2,Q9H4K7,1,0.8514683842658997
Q9BYD3,P62829,1,0.9560351371765137
P49810,Q99828,1,0.3246978223323822
Q5BKX5,Q96M83,0,0.1503734439611435
P63316,P02585,1,0.8721613883972168
Q9NR63,Q02928,1,0.7839256525039673
P51575,Q99571,1,0.783930242061615
O60841,P62829,1,0.9250325560569763
Q9Y3D5,Q9BYN8,1,0.8987005949020386
Q9Y3C7,O43513,1,0.8901764750480652
Q5JTJ3,O14949,1,0.8777473568916321
Q15714,Q92561,0,0.20780342817306519
Q9H9J2,Q9BZE1,1,0.923728346824646
O60431,Q2WEN9,0,0.15870067477226257
Q9UKA9,Q9NRM7,0,0.27007055282592773
Q13946,Q8NGI0,0,0.17449361085891724
P60411,P36871,0,0.12857678532600403
O14807,Q92565,1,0.4389766454696655
Q8TDM0,Q9P219,0,0.1998443454504013
Q99471,P01106,1,0.5221240520477295
Q9Y365,Q9C035,0,0.14371997117996216
Q15648,Q9NV31,1,0.30002766847610474
P11712,P05177,1,0.8513234853744507
Q86V81,Q15287,1,0.9221506714820862
Q8NGM8,O60844,0,0.16827510297298431
P63027,Q9NZN8,0,0.26035502552986145
P84077,Q86WV6,1,0.1768832951784134
P05113,O95760,1,0.8473855257034302
Q86T03,A0A1B0GUT2,0,0.13300617039203644
Q5MY95,Q9UIJ7,1,0.3710639178752899
Q99732,Q15032,0,0.15689398348331451
Q9BYD3,P62241,1,0.8969705104827881
Q96S82,Q92754,0,0.21943633258342743
P25788,P60900,1,0.9368696212768555
P40763,P51692,1,0.9283108711242676
Q13480,Q8TED1,0,0.14804942905902863
P04899,P27986,1,0.8911998867988586
O75380,Q6ZRP7,0,0.16738587617874146
Q9H8M7,Q8NGM9,0,0.1289498507976532
P49753,Q86TX2,1,0.8805715441703796
Q00978,P09913,1,0.2048460990190506
O76021,P60660,0,0.2310776561498642
P48047,P18859,1,0.9312610626220703
P11233,Q96KP1,1,0.3560541868209839
Q96JA1,Q96M89,0,0.1415632963180542
Q9Y679,Q8NGR5,0,0.1928793042898178
O60260,P40818,1,0.2477331906557083
Q8N9F7,Q8NH03,0,0.22808565199375153
P52788,Q8TDI7,0,0.1254199892282486
Q9BPU6,Q9NQ69,0,0.14208407700061798
Q93086,P56373,1,0.7606571912765503
Q92973,P62826,1,0.7235180139541626
O75925,Q8NH60,0,0.10709268599748611
P61225,A6NL08,0,0.10987147688865662
P10301,P48736,1,0.25186464190483093
P62750,P62829,1,0.9629075527191162
P19634,Q13464,1,0.1804610937833786
P18859,O43676,1,0.9510620832443237
Q96HU8,Q8IZP1,0,0.11903045326471329
Q9ULK4,Q15274,0,0.2679566740989685
Q9Y4C4,Q86XI6,1,0.15420328080654144
Q9P258,O95433,0,0.2998044490814209
P35225,Q15238,0,0.1580803245306015
Q7Z2W9,P46781,1,0.9142483472824097
O14786,O60462,1,0.5582302808761597
P33261,P10635,1,0.8573550581932068
P05976,O14950,1,0.4228910505771637
Q9NTN3,C9JR72,0,0.1176883652806282
Q5T8A7,P46781,1,0.1957942247390747
P62879,P08754,1,0.22773253917694092
P40763,P00533,1,0.8879544734954834
P11712,P10632,1,0.9221310019493103
P37837,Q01813,1,0.7236803770065308
Q53F19,P21583,0,0.1308557689189911
Q9UBW8,Q96E22,0,0.16432185471057892
Q5T8A7,P82914,1,0.14339500665664673
P62502,A6NJZ3,0,0.309084951877594
Q9BPU6,Q14195,1,0.913956880569458
O60496,P01112,0,0.18218308687210083
Q9UQK1,Q8NG77,0,0.18610073626041412
O15528,Q15648,1,0.11694345623254776
P35250,P35249,1,0.9248746037483215
P82650,O60783,1,0.7972465753555298
Q12959,A8MTY7,0,0.13338585197925568
Q9UL51,Q6IEY1,0,0.1691807508468628
Q96NM4,Q86US8,0,0.2223374843597412
Q969M1,O00327,0,0.21470694243907928
Q96GE4,Q6ZTI6,0,0.11654407531023026
Q92547,O75943,1,0.7994286417961121
P42229,P42224,1,0.9246102571487427
P20339,P23610,1,0.33741241693496704
Q9P278,Q9Y4W6,0,0.18794305622577667
Q00403,Q7Z7C8,1,0.8935863375663757
Q9Y5L4,O14925,1,0.3318724036216736
Q7Z5H3,Q8N148,0,0.13894763588905334
Q9UJX4,Q9NXR7,1,0.4516134262084961
P19634,Q9NZT1,1,0.17261946201324463
P42226,P42229,1,0.9050552845001221
Q96I99,Q9P2R7,1,0.9402574300765991
P40818,O00566,0,0.16028130054473877
P0C0S5,Q92993,1,0.37404999136924744
Q13330,Q9BTC8,1,0.8792625665664673
O43172,Q9Y333,1,0.9138848781585693
Q6IS24,Q96DP5,0,0.1314350962638855
Q8N8Q9,Q96RT8,1,0.13332971930503845
Q9NRM7,Q14814,0,0.4811745584011078
Q96EH5,A0A0A6YYL6,1,0.9650037884712219
Q8NFM7,Q8NFR9,1,0.8228698968887329
Q96M96,O95843,0,0.16820985078811646
Q86T13,Q5SXH7,0,0.2818179726600647
Q99683,Q701N4,0,0.13380272686481476
A6NFA1,Q9NQZ2,0,0.11116579174995422
P09601,Q96N96,0,0.16804860532283783
Q53QW1,P28908,0,0.24591627717018127
P29992,O75356,0,0.19155347347259521
Q8WTU0,Q96EM0,0,0.16567912697792053
Q8WY98,Q8TDI7,0,0.15400555729866028
Q9Y3D5,P82650,1,0.7558350563049316
Q99551,Q14258,0,0.12802554666996002
P49788,A0A1W2PPL8,0,0.1464756578207016
P00533,P01112,1,0.307557612657547
P80188,Q8WUG5,1,0.16011951863765717
P33260,Q02928,1,0.903892993927002
Q8NGT5,Q6UWI4,0,0.13789671659469604
P01116,Q13009,1,0.15808314085006714
Q8NGP9,Q92543,0,0.14009420573711395
Q9UKG1,Q15788,0,0.1691560447216034
Q8WVQ1,Q9Y227,1,0.555574357509613
P52630,O14879,1,0.1537250280380249
Q6P9A2,Q99567,0,0.11808634549379349
Q9UKS7,Q9H336,0,0.1671750545501709
Q92982,Q8TAI7,0,0.12933099269866943
P10632,Q6V0L0,1,0.5015804171562195
P61966,P53680,1,0.8876728415489197
Q16559,Q9NQZ7,0,0.12817473709583282
P20336,O94983,0,0.2320179045200348
P41159,Q9NRF2,1,0.378391832113266
Q3KPI0,Q6MZT1,0,0.2862825095653534
Q9BXM7,P37840,1,0.13866008818149567
O75380,P09669,1,0.9352055788040161
Q15417,Q9NQ69,0,0.25274595618247986
O75311,Q8TCQ1,0,0.1999020129442215
Q8N944,Q13009,0,0.3109164237976074
P47870,Q5MJ68,0,0.13297012448310852
Q9UK17,Q9NZI2,1,0.2944168448448181
Q9Y4F1,Q96TA2,0,0.14367921650409698
Q9NV31,P62241,1,0.9480193257331848
P29350,P26715,1,0.44839587807655334
Q8N5B7,Q6UWV6,1,0.7053409218788147
P52948,P62760,0,0.13264477252960205
Q96FL9,Q8IZS6,0,0.1460641771554947
O43709,Q9UI30,1,0.17738530039787292
Q9UBR2,Q16322,0,0.19682198762893677
P14598,Q9Y343,0,0.1602046638727188
Q15544,P49848,1,0.8107131719589233
P40763,P42224,1,0.923787534236908
Q9BYD3,Q9BZE1,1,0.9320107102394104
Q7LG56,Q9H773,1,0.7765390276908875
P56385,Q6STE5,0,0.14186519384384155
Q96A32,P02585,1,0.7050000429153442
O43174,P08684,1,0.8332042694091797
Q9Y5U4,Q9BSF0,0,0.14455822110176086
P05177,Q16678,1,0.898178219795227
O75636,P11226,1,0.4476301074028015
Q9NZI7,Q9HBI6,0,0.1352444291114807
P30679,Q9UBV8,0,0.45903757214546204
Q9Y5L3,P31350,1,0.5587007999420166
P20813,P05177,1,0.8778026700019836
Q9Y2V2,P0C0P6,0,0.12785041332244873
Q13003,Q16099,1,0.9309109449386597
O43172,P62308,1,0.9224739074707031
P52198,Q969J5,0,0.15407083928585052
Q8WUZ0,Q9BQE9,1,0.2103637456893921
Q9UKW4,P42338,1,0.631883442401886
P15153,P27986,1,0.5503990054130554
O43709,Q9P1U0,0,0.4101784825325012
F8WCM5,Q9Y5R5,0,0.17001789808273315
Q15796,Q9GZN2,1,0.16724613308906555
Q96JJ3,Q96BJ8,1,0.7293750643730164
Q96QE3,P40938,1,0.6985552906990051
O75830,P06744,0,0.24972178041934967
P20700,Q03252,1,0.9256085753440857
P11511,P08684,1,0.8640351295471191
Q16478,P19634,0,0.44221028685569763
Q9Y399,P62857,1,0.7688266634941101
Q9Y624,O95049,1,0.4422152638435364
Q15303,P78352,1,0.7768232226371765
Q5JT25,Q9Y4G6,0,0.1670699566602707
P15153,P14598,1,0.19800978899002075
P62273,O00303,1,0.5988458395004272
P12524,Q53G44,0,0.188337504863739
Q15392,Q9BPU6,0,0.6194431185722351
Q8TAL6,A0A087WT91,0,0.15533718466758728
O14581,Q6K0P9,0,0.10411743074655533
P49223,Q9NPB3,0,0.16291561722755432
Q8NGI2,Q9BZP6,0,0.1762738972902298
O75925,Q8N4G2,0,0.15589933097362518
Q8IXM6,P41217,0,0.13069085776805878
P62834,P42338,1,0.2702961266040802
Q15648,P62750,1,0.5019794702529907
Q9UGK8,P56556,0,0.12184908241033554
Q96IC2,C9JI98,0,0.10662029683589935
Q9UQE7,Q14442,0,0.1582583338022232
Q96S79,Q13889,0,0.2838493287563324
Q96CD0,Q8NGZ5,0,0.11530175805091858
Q96S82,Q5T5P2,0,0.21260245144367218
Q08477,P10632,1,0.8875243067741394
P11464,Q00888,1,0.8782079219818115
P21860,P42338,1,0.393319308757782
Q9H611,O60938,0,0.1331559419631958
P49753,P17858,1,0.7061309218406677
Q9Y694,O60841,0,0.12393278628587723
Q9BSU3,Q8NF50,0,0.3555753231048584
Q9NRX2,Q9BYD3,1,0.9601863026618958
P52961,P49753,0,0.15554173290729523
Q92993,P01106,1,0.3321475386619568
O60516,Q04637,1,0.3798779547214508
Q9Y2L5,P62820,1,0.33129817247390747
Q9BXN1,Q7Z2W4,0,0.16118520498275757
Q13480,Q06124,1,0.8723225593566895
Q9HAU4,Q13485,1,0.42469751834869385
Q9Y365,O75695,0,0.21323040127754211
Q9BXT4,Q7Z3Z4,1,0.28370800614356995
Q9Y490,Q6UX15,1,0.20761992037296295
A6NKF7,Q96R08,0,0.2720542252063751
Q15583,Q13464,0,0.1712951958179474
Q9NZN9,Q92576,0,0.22753030061721802
Q9GZK4,Q9UIG0,0,0.09998525679111481
P51911,P27482,1,0.17997361719608307
P51692,P46977,0,0.2521361708641052
Q13009,P01112,1,0.1690157651901245
Q9NP62,Q92186,0,0.13262630999088287
Q9UQE7,P08590,0,0.4894649386405945
Q96SQ9,P20813,1,0.8924931883811951
Q9H8W5,P23470,0,0.22092123329639435
Q9NZT1,P02686,1,0.14805997908115387
P61966,Q8WTT0,0,0.1362723410129547
Q7L590,P55809,0,0.1408804953098297
P61224,P27986,1,0.455372154712677
Q9NR63,P08684,1,0.8688012361526489
Q96IQ7,Q8NEM7,0,0.10781536996364594
O75380,P03901,1,0.9263254404067993
Q15615,Q8N4K4,0,0.1490405797958374
Q9NPA3,Q8N5C1,0,0.18113335967063904
Q9NZF1,Q15306,0,0.1925991177558899
Q53S08,Q15287,0,0.16452714800834656
Q8N5D0,P51170,0,0.10188323259353638
Q9Y5U4,A8MVA2,0,0.10284188389778137
Q9BV40,Q96AJ9,1,0.9138561487197876
Q9H8M7,Q9Y6F6,0,0.16612040996551514
Q96GE6,Q92925,0,0.14369255304336548
Q9NZ72,Q9H2A9,0,0.11265350878238678
O00459,P04626,1,0.6749153733253479
Q14653,Q8IZY2,0,0.19508694112300873
P25787,O43242,1,0.4960646629333496
Q8NH00,H3BT92,0,0.12363595515489578
Q8IUW5,Q14213,0,0.47137928009033203
Q9BY50,P35625,0,0.2711048126220703
P30101,Q15049,0,0.17401006817817688
Q9NV31,Q9P203,0,0.15913569927215576
O00337,O95379,0,0.12466459721326828
A6NDH6,Q66K64,0,0.1278960406780243
O75964,P56556,1,0.90382319688797
Q99442,Q8NH74,0,0.14065314829349518
P62829,O76021,1,0.9230608344078064
P05181,P08684,1,0.8928168416023254
P61586,P31997,0,0.24218332767486572
Q96AP7,Q5JRA6,0,0.16332386434078217
P0DP23,Q13813,1,0.2385846972465515
O00566,Q96GA3,1,0.9107682108879089
Q99523,Q8WY21,1,0.4350035786628723
P19634,Q96GE6,1,0.22092360258102417
Q9H340,O14807,0,0.11806947737932205
Q9Y2Y8,Q9UK55,0,0.2809341847896576
Q9H668,Q96HD1,0,0.10851435363292694
Q8N944,P35790,0,0.14416643977165222
P09471,P63096,1,0.9408137798309326
P51665,P25786,1,0.8930832743644714
Q9Y2Y8,P10911,0,0.12190065532922745
O60841,P27540,1,0.2923852205276489
O95319,Q96EK4,0,0.6520757079124451
Q9NVA1,Q8NEA4,0,0.11934135109186172
P62829,Q14137,1,0.8679178357124329
Q9NRB3,Q9BWS9,0,0.6956989169120789
Q13009,P01111,1,0.16458627581596375
P23528,P60953,1,0.5554572939872742
P56385,O43676,1,0.9342225790023804
Q5GH72,Q8N0Y3,0,0.17515750229358673
Q08477,P09960,1,0.4780556857585907
Q9GZU1,O94804,0,0.1459212750196457
P16219,P45954,1,0.9404197335243225
Q8IYK2,P62857,1,0.20712575316429138
Q14202,P78347,1,0.453066885471344
P17858,P06744,1,0.839506983757019
Q9Y6A2,Q9Y617,0,0.43835219740867615
P61970,P62826,1,0.2929737865924835
Q9Y577,Q9BSJ1,0,0.6646354794502258
Q16718,P56556,1,0.9244636297225952
Q9H6B9,Q9H6Q3,0,0.14733771979808807
Q9UQC2,O00329,1,0.3611999452114105
Q15003,Q53HL2,1,0.9188439846038818
Q9NW13,Q9NZM5,1,0.9372066855430603
Q9BUM1,P06744,1,0.4101080596446991
P46199,Q9BYN8,1,0.8668438792228699
P29692,Q15596,0,0.3162602484226227
P01111,Q9NZT1,1,0.13338690996170044
P36954,P18074,1,0.848167896270752
Q03252,Q8TDR4,0,0.14886541664600372
Q14765,Q00978,1,0.47068893909454346
Q9BWC9,Q149M9,0,0.1399572789669037
Q8NGK3,Q9H2G2,0,0.10642275214195251
Q8WVN8,Q8TCB7,0,0.14142073690891266
P50402,Q8NGD0,0,0.1273583173751831
P20815,P05093,1,0.8490391373634338
P62891,P62857,1,0.9010215401649475
O95619,P0C0S5,1,0.41000327467918396
Q9BVS4,Q5JT25,0,0.21868927776813507
Q9NP90,P51151,1,0.7998805642127991
Q96NC0,O43660,1,0.7906810641288757
Q9NR31,Q9UBV8,1,0.16188937425613403
Q96JY6,Q9BYU5,0,0.12922480702400208
Q6P4F7,Q9Y679,0,0.15624666213989258
O94804,Q7Z6R9,0,0.1527700275182724
O75636,O00602,1,0.8020459413528442
Q9H3Z7,O95872,0,0.11568291485309601
P34903,P78347,0,0.1546095609664917
O43818,Q9Y2P8,1,0.8095991611480713
Q9UQL6,P56524,1,0.8881513476371765
P80188,P16410,1,0.277920126914978
Q9P0V3,Q0VF49,0,0.16711798310279846
Q7LG56,Q9UIJ7,1,0.8883808255195618
P52630,Q00978,1,0.34430480003356934
P61586,P15498,1,0.3848639130592346
Q96EH5,P61513,1,0.9622918367385864
Q5T8A7,P62829,1,0.19970977306365967
O96000,O75380,1,0.9098422527313232
P15153,P60763,1,0.9222667217254639
O60292,Q8WZ73,0,0.20269158482551575
Q8IWT3,O15405,0,0.317234069108963
P25063,C9K0I3,0,0.12616750597953796
Q8N8F6,Q13651,0,0.1325833797454834
Q53QW1,Q92547,0,0.12244325876235962
Q8NCW6,Q13018,0,0.5033067464828491
Q9Y281,P23528,1,0.8053619265556335
P07942,Q13330,0,0.14514374732971191
Q9BSR8,Q9GZM5,1,0.8177629113197327
Q9H7D7,O43488,0,0.16067902743816376
P62491,Q9ULH1,1,0.18313173949718475
O75964,P56385,1,0.9256972074508667
P40763,P01106,1,0.6339279413223267
P51170,P37088,1,0.5791566371917725
Q01581,Q12772,1,0.1595166176557541
Q6UWQ7,Q86UN6,0,0.11615980416536331
Q13496,Q86T03,1,0.1860085278749466
P48047,Q53HL2,1,0.18887431919574738
Q8WVM0,O60783,1,0.9057697653770447
Q9Y272,O75052,1,0.15460751950740814
Q6XPR3,P49184,0,0.13368064165115356
O43174,Q96SQ9,1,0.7989814281463623
Q9BUA6,O75116,1,0.1606793999671936
P78329,P05181,1,0.9038777947425842
Q9Y2K5,Q86WT6,0,0.16430139541625977
P13164,P05161,1,0.12426027655601501
Q14137,O95478,1,0.9150192141532898
Q06413,Q02078,1,0.8855125904083252
Q8WV24,Q7L8S5,0,0.12744198739528656
P40199,P31997,1,0.887934148311615
O14893,Q03721,0,0.1217069923877716
Q8NGU4,Q5VZL5,0,0.10541336238384247
A4D2B0,Q9Y577,0,0.1462586671113968
Q15427,A0A087WT91,0,0.12301600724458694
A4D1B5,A0A096LP39,0,0.182932510972023
Q8N6G5,Q8TDX6,1,0.8665686249732971
P61224,O94887,1,0.15286687016487122
P09669,Q12986,0,0.1370856910943985
Q96CK0,Q9H346,0,0.11628762632608414
P59991,Q86YD7,0,0.2301376461982727
Q7Z5K2,Q9UQE7,1,0.4188534617424011
Q5JXX7,Q86VW1,0,0.11109420657157898
P04156,P37840,1,0.1702897846698761
Q9ULS6,Q15011,0,0.1412964165210724
Q5GH73,P14598,0,0.23527877032756805
Q5H9R7,P60412,0,0.13614307343959808
O14649,Q9NPC2,1,0.6968185305595398
P82914,Q9NY47,0,0.15576186776161194
Q9NVR5,Q9ULL8,0,0.33883053064346313
Q8NGL6,Q8IYP9,0,0.4397149384021759
Q8WX92,Q4U2R8,0,0.11569676548242569
Q9BZD2,Q14542,1,0.6480132341384888
Q9Y2W7,Q9UK17,1,0.21734409034252167
P08134,P61586,1,0.9355168342590332
Q8WWZ3,Q01449,0,0.17152102291584015
P84103,Q86V81,1,0.8826735615730286
A6NL26,Q96CP7,0,0.525057852268219
Q86TX2,P08237,1,0.601588249206543
Q9NS61,Q9Y6Y8,0,0.16885216534137726
Q8NGT9,P58004,0,0.17781944572925568
P42226,Q15788,1,0.31576359272003174
Q9UNQ2,Q96GA3,1,0.7926211357116699
O75916,P63096,1,0.4508678615093231
O15083,Q9BYU5,0,0.1374312788248062
Q9Y216,Q96QG7,1,0.5828903913497925
Q8NGC5,Q969F2,0,0.1389462798833847
P27482,P01111,1,0.14067953824996948
P36952,P17676,0,0.1538493037223816
Q13651,Q7Z2T5,0,0.12626005709171295
P09874,P49916,1,0.8206443190574646
O75947,O43676,1,0.9354512095451355
P57729,Q14693,0,0.22755998373031616
Q6ZN84,Q15119,0,0.13990530371665955
Q7Z449,Q5TCH4,1,0.8429448008537292
Q9Y5U4,Q12770,1,0.1712922900915146
Q9P2L0,Q96BJ8,1,0.22552959620952606
Q8N6M0,Q8NGR6,0,0.10278425365686417
E9PRG8,Q96SA4,0,0.09500370919704437
P63098,P27482,1,0.8074755668640137
O75052,Q8N1G0,0,0.13751141726970673
Q96KK3,O94898,0,0.28056859970092773
P50148,P62873,1,0.19490014016628265
P20815,P10632,1,0.8866432309150696
O94804,Q86U28,0,0.18160179257392883
Q15797,Q9HCE7,1,0.39961081743240356
P25787,P25786,1,0.8919227123260498
Q8TCB0,Q8WXG1,1,0.13024556636810303
P35250,P40937,1,0.8855628371238708
P11226,P0C0L5,1,0.2717793881893158
Q96AQ8,O75916,0,0.15018154680728912
Q9H2U2,A2RU48,0,0.15318454802036285
P42336,P01111,1,0.3802378177642822
Q96J94,Q8NDV7,1,0.684455931186676
Q8IXM3,O60783,1,0.960767388343811
O95633,Q9Y6W8,0,0.19027595221996307
P19634,Q6AI14,1,0.6322731375694275
Q68G74,Q86YP4,0,0.39851120114326477
P11712,P11509,1,0.9133620262145996
P02545,P10155,0,0.20532603561878204
P98095,P37840,0,0.1145382970571518
Q9UBS5,P62873,1,0.17642900347709656
O95755,Q8IUC1,0,0.14074251055717468
P62750,Q8IY81,1,0.9188681244850159
Q4U2R6,P46199,1,0.9339704513549805
Q8TC29,Q96RA2,0,0.11060195416212082
O00459,Q06124,1,0.8345171213150024
Q8IXK2,Q9Y3D6,0,0.1537022739648819
O14949,P38484,1,0.12440900504589081
P00533,P42229,1,0.8996350169181824
Q9UQL6,Q14814,1,0.4933316111564636
Q9NZM5,O76021,1,0.9142885804176331
P40763,P41159,1,0.48845425248146057
Q969G9,P60371,0,0.12492182850837708
Q8NHC5,Q8N264,0,0.12458108365535736
Q9NY28,Q6YHK3,0,0.348312109708786
Q7Z6I5,Q12770,0,0.12717242538928986
Q15392,P62857,0,0.20562130212783813
Q9NUJ7,Q8TBN0,0,0.13924413919448853
O15528,P56975,0,0.1414288431406021
Q8WVC0,Q8WX92,1,0.33606934547424316
Q6PIL6,Q9NZI2,1,0.755827009677887
P01833,P37287,1,0.13014940917491913
Q0JRZ9,P53680,1,0.5242939591407776
Q9NRJ4,Q9Y320,0,0.1708531379699707
P01011,Q68CR1,0,0.2738867998123169
Q9Y6X5,Q13609,0,0.36115217208862305
Q9HA82,Q9NR71,1,0.7434912323951721
Q7L7X3,Q9H2K8,1,0.5187329649925232
Q9Y3D5,Q9Y399,1,0.905681848526001
Q5U5X8,Q96AQ8,0,0.1434042602777481
Q8NEC7,A0A1W2PNU3,0,0.11922713369131088
Q9NSE4,P49591,1,0.8537737727165222
Q8TF40,O15244,0,0.14893090724945068
O75380,P56385,1,0.9203752279281616
Q13330,Q8WXI9,1,0.8314625024795532
Q9NZM5,O60832,1,0.8975157141685486
Q9Y2Y8,Q13542,0,0.13049909472465515
Q9Y2U9,Q9BQ90,1,0.8683459162712097
P62241,P62750,1,0.9530762434005737
Q9NQZ2,Q96GA3,1,0.9183468222618103
Q8N6T3,Q15434,0,0.14760152995586395
P01111,P01112,1,0.8917605876922607
Q9H0R3,Q15003,0,0.12873588502407074
O60741,Q8WZ33,0,0.15614643692970276
Q9Y5L4,Q9Y5J7,1,0.8458613753318787
Q66K64,P18085,0,0.3065556585788727
Q8WXI9,Q9BTC8,1,0.8552065491676331
P55822,A8MUN0,0,0.12908804416656494
Q9BXW9,Q9NVI1,1,0.8872361183166504
Q8N0Y5,Q8NHC4,0,0.8764784932136536
O14976,O14966,1,0.2509114146232605
Q8N9B8,P48047,0,0.1540730595588684
Q01449,Q13464,1,0.23965536057949066
Q5H9R7,Q9UPN7,1,0.711529552936554
Q9BXN1,P20774,1,0.809895932674408
P18859,P09669,1,0.9482026100158691
Q9NX05,P63000,0,0.3892592787742615
Q9NYB9,P63000,1,0.7982550263404846
Q92796,Q14258,0,0.3635580837726593
Q9BSE4,Q9BYQ4,0,0.1860857903957367
C9JI98,Q9BZE2,0,0.10339872539043427
O00220,Q13607,0,0.1654801219701767
P52630,Q8N118,0,0.13872545957565308
Q8N8J7,H3BT92,0,0.12285125255584717
P05177,P05093,1,0.8669919371604919
P62879,Q8TCU6,1,0.1480812132358551
P27824,Q13724,1,0.44294989109039307
P01833,P01591,1,0.23798897862434387
P19387,Q00403,1,0.8459088206291199
Q9H0K6,Q9UL26,0,0.24150189757347107
Q8TEA1,Q14137,1,0.35314956307411194
Q96FL8,O15244,1,0.27907729148864746
Q96SQ9,Q02928,1,0.8573415875434875
Q8NGT0,Q9UNN8,0,0.17730271816253662
P56381,H7C0C1,1,0.7126753330230713
P23434,O43766,1,0.6677898168563843
Q9H469,A0A0U1RR32,0,0.8327818512916565
Q96EB6,Q8N163,1,0.3229149281978607
Q9NVI1,P17081,0,0.32249099016189575
P29350,P15498,1,0.8318447470664978
Q8N118,Q9P278,0,0.15079741179943085
P42261,P78352,1,0.6685895323753357
P78347,Q96R69,0,0.11254917830228806
Q01813,P06744,1,0.8636866211891174
Q96SB4,Q96SL1,0,0.12950310111045837
Q16478,P78352,1,0.48338067531585693
P41250,Q96EM0,0,0.7297403216362
Q14213,P27824,1,0.3971726596355438
P48736,P42338,1,0.9037692546844482
P25787,Q12988,0,0.2117498815059662
Q8NG81,Q9HCC8,0,0.5894196629524231
P0DP23,P37840,1,0.2410082370042801
Q9Y399,Q9BYN8,1,0.7901075482368469
P20851,O95057,0,0.1607588231563568
Q8NH87,Q9BQI5,0,0.1339365392923355
P40763,Q06124,1,0.8610619902610779
Q14749,P13196,1,0.2963079512119293
Q93099,Q96IR7,1,0.7680712342262268
Q8NFR9,Q5JTJ3,0,0.13137800991535187
P0C0L4,P0C0L5,1,0.9280421137809753
Q9H340,P41217,0,0.13516460359096527
Q9UNQ2,O00566,1,0.8266652822494507
P62491,P18085,1,0.7172474265098572
Q9Y6K5,Q8WXG1,1,0.28034767508506775
P01112,Q06124,1,0.3795425295829773
Q7RTS9,P51149,0,0.22230729460716248
P09914,Q00978,1,0.23234224319458008
Q8WVM0,P21583,0,0.12261057645082474
Q15648,Q96EH5,1,0.23890025913715363
P04798,Q96S37,0,0.14962612092494965
P61224,P62834,1,0.9246224761009216
Q99983,A8MTY7,0,0.13738971948623657
P09471,P62873,1,0.31049302220344543
O14893,P62308,1,0.8664355278015137
Q7Z3Z4,Q8NDV7,1,0.39325273036956787
O75340,Q9NR31,1,0.1595645546913147
P46199,Q9Y3D5,1,0.9286196827888489
P24462,P04798,1,0.8652143478393555
Q5T8A7,Q7Z2W9,1,0.1682257205247879
O15530,P48736,1,0.4689702093601227
O00757,P09467,1,0.9071316123008728
P48547,Q6PIL6,1,0.2300391048192978
O75899,Q9UBS5,1,0.88005131483078
Q13829,Q9P2K6,1,0.6942599415779114
P09234,Q15427,1,0.8311084508895874
P62857,P51168,0,0.1504872888326645
A6NND4,P33681,0,0.16761378943920135
O75947,H7C0C1,1,0.9027001857757568
Q13829,A6NES4,0,0.14264211058616638
P08138,P61586,1,0.3073329031467438
Q8TDY4,O95157,0,0.14102980494499207
O00566,Q9NQZ2,1,0.924308717250824
Q99571,O15547,1,0.6837825775146484
O60664,O94955,1,0.1279856562614441
P28066,O14818,1,0.9258781671524048
Q9Y5L4,O60220,1,0.8321767449378967
P43235,Q9BXJ7,0,0.18135279417037964
Q96TC7,Q8NHP6,1,0.24101315438747406
Q6ZT07,Q9UQL6,0,0.24781538546085358
Q8NGD3,Q49A17,0,0.24589526653289795
Q9NZM5,Q9NQZ2,1,0.9337874054908752
Q07157,P57087,1,0.37952449917793274
Q9NZS2,P04792,0,0.43548575043678284
Q9BVS4,P62241,1,0.5720887184143066
P11488,Q9HAV0,1,0.2106195092201233
Q96PL5,Q96RD2,0,0.14669573307037354
Q01085,P31483,1,0.8928095102310181
Q13363,Q92618,1,0.15958839654922485
Q9BXY0,Q14137,1,0.9039381742477417
P42224,P05412,1,0.40063798427581787
Q9Y5L4,O96008,1,0.3767094016075134
Q15544,Q6P1X5,1,0.5092752575874329
P15153,Q92556,1,0.675429105758667
P10301,O00329,1,0.20850415527820587
Q9BQI4,Q8NGK9,0,0.1501341015100479
Q9GZK3,Q9C0I9,0,0.11700489372015
Q8N1C3,Q9UJA5,0,0.1206008568406105
Q96NU1,O43516,0,0.21995191276073456
P42336,P42338,1,0.9030314087867737
Q8WVQ1,P31350,1,0.4669402837753296
Q8NGI7,Q86U44,0,0.11000266671180725
P17658,Q14722,1,0.1647702306509018
Q8NH50,Q8WVQ1,0,0.1504015475511551
Q8NGB4,Q13595,0,0.09978660941123962
Q9UHL9,Q96IQ7,0,0.1210685521364212
Q9BUY7,Q9BWS9,0,0.13774046301841736
Q08477,P20813,1,0.9009792804718018
Q99878,Q93077,1,0.9452291131019592
Q6P1J6,Q14393,0,0.1504451036453247
Q502W7,Q15424,0,0.15533913671970367
Q96EB6,O00327,1,0.7148824334144592
Q8TC29,Q5JVL4,1,0.6293670535087585
Q8TEA1,O95478,1,0.28438636660575867
O60260,O14818,1,0.21164515614509583
Q9BT67,Q96PU5,1,0.22160622477531433
P40763,P05412,1,0.510142982006073
P51911,Q9NZT1,1,0.16547775268554688
P15260,P42338,1,0.2585054039955139
P01116,P42336,1,0.34585049748420715
P42081,Q02575,0,0.14225520193576813
P04899,P48736,1,0.8609957098960876
O77932,Q8NGG8,0,0.11309442669153214
P57772,P08865,1,0.8832844495773315
Q96EB6,Q86WX3,1,0.1742081344127655
P51636,O95156,0,0.20076808333396912
Q8IV35,O75409,0,0.22249828279018402
Q8IYS2,Q8IUE1,0,0.1377285122871399
O75096,Q86W26,0,0.15476727485656738
Q9BQA1,O14744,1,0.3641689121723175
Q8IXM3,Q9BYN8,1,0.8711427450180054
P10635,A6NE52,0,0.1281220018863678
P62873,Q9BXW9,0,0.873377799987793
P01116,P15260,1,0.16761989891529083
Q9NXP7,Q96HF1,0,0.1119992583990097
Q9NQZ2,P01591,1,0.667632520198822
O95619,Q9H7Z6,1,0.26907843351364136
Q53F19,O43148,1,0.1857837289571762
P78329,P20813,1,0.9043540358543396
P0DN86,Q9UMR7,0,0.28152868151664734
Q12891,Q9BVG3,0,0.13311930000782013
P61020,Q9ULL0,0,0.15238341689109802
Q9H2A9,Q8NC44,0,0.14123375713825226
P62491,P20339,1,0.8289175033569336
Q9UNQ2,Q9NQZ2,1,0.8364036679267883
O60234,Q8NI35,0,0.2995260953903198
Q96BW5,Q14765,0,0.18354766070842743
P01116,Q9NZT1,1,0.13387009501457214
Q8N9L9,O00757,1,0.3384662866592407
P60660,O14950,1,0.7409983277320862
Q8NGJ0,P59103,0,0.12017281353473663
O14949,O43677,1,0.9479289054870605
P20815,P04798,1,0.8639945983886719
Q9ULH1,P84077,1,0.20333458483219147
P41159,P49715,1,0.2433730661869049
Q9BRB3,P0CI25,0,0.12022345513105392
Q3KQV9,O95626,0,0.1759052276611328
Q8TCJ2,P50479,0,0.15892291069030762
Q86WX3,Q9UHD1,0,0.18165165185928345
P61006,O15213,0,0.1630723923444748
Q93045,Q96EH5,0,0.1381102204322815
P34903,P40198,0,0.19482335448265076
A8K979,Q96B96,0,0.13130639493465424
F8VUJ3,Q9BXN2,0,0.2026013284921646
O43677,P56556,1,0.9342751502990723
P60900,O43242,1,0.7788999676704407
P48547,Q03721,1,0.9080578088760376
O14966,Q7Z304,0,0.10908517241477966
P46199,P46781,1,0.9161335229873657
Q9ULL0,Q8WXE9,0,0.17320924997329712
P07307,Q6PJ69,0,0.19447356462478638
P29622,Q8N2R8,0,0.13835306465625763
Q8IWX8,Q9NQR1,0,0.29132068157196045
Q8TCB0,P05161,1,0.4797837734222412
Q13884,Q5GH76,0,0.20570452511310577
Q99574,P12872,0,0.7824191451072693
Q92947,Q6IEE8,0,0.13241872191429138
Q9Y6X5,O15442,0,0.23349763453006744
Q8WWH5,P07093,0,0.15073786675930023
P0DPK3,Q96R47,0,0.16556291282176971
Q8NA29,Q9NP62,0,0.13371498882770538
P61020,P51148,1,0.8238654732704163
P01023,P01011,1,0.3490932583808899
O00566,Q8IY81,1,0.9314318299293518
P63098,Q96GE6,1,0.7209228873252869
Q9NTN3,P20813,0,0.40836775302886963
O75355,Q9Y5L3,1,0.8754804730415344
P16520,Q8TCU6,1,0.14364659786224365
Q8NHZ8,P31350,0,0.2081478387117386
Q8WU66,P11926,0,0.13642571866512299
P18440,Q96QE3,0,0.12028345465660095
Q00888,Q86UX2,0,0.21676401793956757
P24534,P62829,1,0.9329668283462524
Q8WVQ1,Q8N162,0,0.15849147737026215
Q96GE4,Q8NET5,0,0.11661559343338013
O14594,Q96GW7,1,0.8444564342498779
P05155,P01023,1,0.47497397661209106
Q8NBS9,P49903,0,0.4360533356666565
Q9NQW7,Q8NGF4,0,0.16883285343647003
O75821,P46781,1,0.9241542220115662
Q53G44,Q8WXG1,1,0.1397067904472351
Q8IUC0,Q8WTV1,0,0.20894621312618256
O00258,Q9BRF8,0,0.1313313990831375
O14558,P04792,1,0.7572652697563171
Q8WTR4,Q92737,0,0.13326331973075867
Q8NHB1,Q96C45,0,0.10583596676588058
O60260,Q8NG81,0,0.1209750548005104
Q8WZ73,Q9H2A9,0,0.12024170160293579
O75356,Q9Y227,1,0.4753778576850891
Q2M3T9,Q96HP0,0,0.16975155472755432
P98179,P27487,0,0.11765992641448975
Q8IVS8,Q86T13,0,0.12060770392417908
P19256,P09326,1,0.9225195050239563
Q9BTC8,Q02078,0,0.4363859295845032
O00566,O76021,1,0.9110411405563354
P51636,Q96GE6,1,0.6017290949821472
O15528,Q15788,1,0.11502400785684586
Q96R08,P50402,0,0.12602250277996063
Q12852,Q06828,0,0.48395076394081116
P38117,P11310,1,0.35044559836387634
Q8NGL0,P19827,0,0.34601646661758423
O75947,Q7Z4Y8,1,0.9170255661010742
Q8IYK2,P61513,1,0.16134779155254364
O60841,P62891,1,0.8942669630050659
Q9HAV0,P08754,1,0.22792525589466095
Q9BY71,O14807,0,0.1318528652191162
P09914,Q14653,1,0.3529966175556183
P24844,O75116,1,0.2043110728263855
P62750,O94776,0,0.683052659034729
P62072,O60220,1,0.8647928237915039
P27482,Q9NZT1,1,0.8646881580352783
P14598,P63000,1,0.259698748588562
Q8TF74,P60981,0,0.4272613525390625
P20671,P06744,0,0.16640883684158325
Q07864,Q9ULC0,0,0.11172511428594589
Q9H9A7,O15360,1,0.5921775102615356
Q9Y221,Q9NV31,1,0.7964096069335938
O43150,Q8IVH2,0,0.18132242560386658
Q92686,Q9NZT1,1,0.14360269904136658
P19634,O75116,1,0.16035416722297668
Q9NR63,Q5TCH4,1,0.74604332447052
Q15382,O43924,1,0.16770990192890167
Q8IV50,P0C5Y9,0,0.16439618170261383
A0A1W2PR48,O94905,0,0.24826981127262115
Q9NV31,P46781,1,0.959277331829071
P27487,O43895,1,0.7241491675376892
P01116,P04899,1,0.42599305510520935
Q8NC24,A8MUX0,0,0.11661973595619202
Q9Y5M8,O76094,1,0.7933305501937866
Q7L8S5,Q8TAE7,0,0.11593212187290192
O95157,Q8N163,0,0.10872425884008408
Q16678,A8MTY7,0,0.1067119762301445
O95373,Q9UM19,0,0.11549241840839386
Q9H672,Q7L5L3,0,0.13766591250896454
P28476,Q8WUM0,0,0.11437729746103287
Q8NGA0,O75964,0,0.15167547762393951
Q15485,Q9Y6Z7,1,0.3121635615825653
Q9NV31,O14581,0,0.09498050063848495
P62502,Q86WX3,0,0.09274514019489288
Q8NF50,P60953,1,0.603564441204071
Q9BZE9,Q9NUY8,0,0.6250174641609192
Q96PC3,P84077,1,0.5077283978462219
Q9BVA0,A4GXA9,0,0.2630082964897156
Q86X24,Q8IZU3,1,0.48764514923095703
Q03468,P18074,1,0.767393946647644
P61129,Q96AX2,0,0.17434976994991302
P57730,Q9UBK5,0,0.14697875082492828
P05108,P08686,1,0.8625796437263489
P04899,O00329,1,0.7263972163200378
O43175,Q14849,0,0.233144149184227
P82914,P62750,1,0.9345670938491821
P49223,Q9H0R3,0,0.1641411930322647
P25789,P28066,1,0.9018551111221313
Q9UL25,A4D1B5,0,0.21137839555740356
Q9UIJ7,P54750,1,0.7217724919319153
P51589,O75715,1,0.3412362039089203
P22459,Q9NS61,1,0.3236362934112549
Q00587,P60953,1,0.18984869122505188
Q96EB6,O95069,0,0.1457160860300064
P42336,P10747,1,0.42198407649993896
P27482,P54750,1,0.2171112596988678
Q8WWH5,Q13231,0,0.14380623400211334
Q9Y5L3,Q5MY95,1,0.8995846509933472
P04626,Q06124,1,0.6609202027320862
Q15648,P62273,1,0.3684379458427429
Q9P086,Q00403,1,0.7065721154212952
Q14684,Q14137,1,0.7724907398223877
Q96N96,O60832,0,0.12362825870513916
P01584,P40763,1,0.7912320494651794
Q9Y239,Q8NGW6,0,0.1393866389989853
P05019,Q13322,1,0.1916571706533432
Q96NC0,P62308,1,0.8790532350540161
Q6PIU1,Q9ULC0,0,0.2958044707775116
P41236,O43670,0,0.8306960463523865
O43677,P49821,1,0.38575658202171326
P42336,H0Y626,0,0.23240891098976135
O95568,P84157,0,0.1862460970878601
Q969M3,Q9Y2Y8,0,0.12067384272813797
Q8IU89,O14896,0,0.1629236489534378
Q8NCJ5,P05543,0,0.1384831815958023
P07311,Q5BJH2,0,0.1316283643245697
Q00403,P18074,1,0.8704026341438293
Q5JTJ3,O75602,0,0.12364527583122253
P60329,Q96K17,0,0.1402340531349182
O76021,O95478,1,0.9379497766494751
P20340,Q5VIR6,1,0.3177166283130646
P09914,Q92985,1,0.2241014540195465
E9PRG8,O15265,0,0.1855495125055313
P51589,Q8TED1,1,0.7515491247177124
Q9HCS2,Q8NGP6,0,0.28675350546836853
Q9NQ35,P25788,0,0.25158756971359253
Q96GW9,O43324,1,0.372615247964859
P48764,Q99653,1,0.16043289005756378
P01116,P04626,1,0.18429547548294067
A6NM76,Q99828,0,0.1668665111064911
P49441,Q6UDR6,0,0.11552778631448746
Q08334,P25774,1,0.15350747108459473
Q9GZU1,Q8IZK6,1,0.8679611682891846
Q96EB6,O43463,1,0.8109105825424194
P04626,P27986,1,0.5053273439407349
P35237,Q8NGI4,0,0.2536590099334717
Q15797,Q13485,1,0.5815770626068115
P37837,P09467,1,0.414665162563324
O00459,Q9UKW4,1,0.8877341151237488
Q7Z7L7,Q6PID8,1,0.5928439497947693
Q8NAX2,Q9H765,0,0.11938659101724625
Q8WVQ1,Q9NWZ5,1,0.3526046872138977
Q9UBK5,O00329,1,0.2689089775085449
O75362,Q9Y6Q9,1,0.3039763867855072
P0C7X1,Q9BWS9,0,0.15895895659923553
Q99439,O14594,0,0.3536001741886139
Q99523,Q9UJY5,1,0.2752295136451721
Q16777,P18754,1,0.6828389167785645
O43684,P30260,1,0.7315930128097534
Q8IVH4,Q96C45,0,0.16916963458061218
O94955,O95371,0,0.11394914239645004
Q96GM5,Q9BQE9,1,0.8139674067497253
Q8TF74,O43516,1,0.9134320020675659
Q8N7A1,Q8WTT0,0,0.15046097338199615
Q9BYD3,Q7Z2W9,1,0.9604299068450928
Q92185,Q9Y274,1,0.44962379336357117
P26374,P62820,1,0.2396104782819748
Q8IV35,O75916,0,0.1379639208316803
Q9UIG0,P35659,1,0.8365508317947388
Q99935,Q9BYQ0,0,0.17587752640247345
Q9H9J2,Q9HBI6,0,0.15720166265964508
P42229,Q06124,1,0.8826426267623901
Q8NGY9,Q6ZSC3,0,0.12825821340084076
Q8N0X7,P53990,1,0.30168136954307556
A6NFK2,Q96LD4,0,0.1522998809814453
Q9H4I8,Q969M1,0,0.32628771662712097
P01112,P48736,1,0.304247111082077
Q9NRM6,O95760,1,0.8837542533874512
Q8NB37,P58549,0,0.15035292506217957
A0A0A0MSP3,Q9BY50,0,0.176980122923851
Q15582,Q9NZP2,0,0.24066480994224548
P54750,P55263,1,0.7934989333152771
O14976,Q8WX92,0,0.17120398581027985
Q96EL1,Q96BU1,0,0.2774469256401062
P80192,Q8NH02,0,0.14075979590415955
Q8NH43,P0DN87,0,0.1393095701932907
Q96N96,Q96AJ9,0,0.16049274802207947
Q8NF50,Q8NEX6,0,0.12821568548679352
Q6IF63,P30533,0,0.1837928146123886
Q96GA3,P62241,1,0.8892433047294617
Q9P253,Q9H270,1,0.8719602227210999
O95918,O76002,0,0.890485942363739
Q9NZP0,O15528,0,0.30334484577178955
Q8N5B7,Q6ZMG9,1,0.9172385334968567
P36871,P06744,1,0.9125737547874451
P61224,Q13009,1,0.16403625905513763
Q8NFV4,A6NGB9,0,0.14156389236450195
P61586,Q14344,1,0.5917430520057678
P01024,P07204,1,0.3482232093811035
P62241,O00303,1,0.48967528343200684
O75251,P03901,1,0.8823554515838623
P48230,Q7L8S5,0,0.10721316933631897
P18858,P18074,1,0.6564871072769165
P27824,P13667,1,0.41523346304893494
Q96D53,Q9NVA1,0,0.8449164628982544
Q9NVI1,O15287,1,0.16074001789093018
Q07973,Q2VPK5,0,0.18987691402435303
Q9HA82,Q96G23,1,0.9167411923408508
Q9Y576,Q9H0B8,0,0.14304231107234955
Q5VZL5,O94844,0,0.3681239187717438
O75952,Q9BQ95,0,0.13452266156673431
Q8NGX9,Q7Z4G1,0,0.1310655027627945
P0DP23,A6NCI8,0,0.13404743373394012
Q9H0N5,Q9BQ61,0,0.2122536450624466
P21860,Q15303,1,0.9331046342849731
Q96M63,Q4G0X9,1,0.206499844789505
P07711,P07858,1,0.8963382244110107
P19099,P05093,1,0.83897864818573
Q9HA82,Q8N5B7,1,0.9165931940078735
Q6STE5,Q9BQE9,1,0.8363400101661682
Q9P0J0,A0A3B3ISG8,1,0.6357795000076294
Q8NGZ5,P05113,0,0.2133563756942749
Q8NG97,Q15615,0,0.8608459234237671
P07711,Q92539,0,0.18098308145999908
Q96QV6,Q9H0K6,0,0.36787399649620056
Q8TAA3,O14818,1,0.9279258847236633
O00459,P15260,1,0.40219834446907043
P35226,Q9UM13,1,0.525887668132782
P61371,Q9UBR4,1,0.6920345425605774
P29350,P42338,1,0.6882286071777344
O43242,Q13200,1,0.8990879058837891
P20815,Q96SQ9,1,0.862212061882019
P49588,P41250,1,0.8808937072753906
Q9UKU7,Q6UWQ7,0,0.12686491012573242
Q9UKW4,P27986,1,0.7898668646812439
Q9NP64,P41250,0,0.1816767454147339
P10747,P16410,1,0.8930578231811523
Q9BVS4,P62273,1,0.6807683110237122
Q9BQ61,O14949,1,0.15543317794799805
P17900,Q8IUE1,0,0.12922094762325287
P20813,P05181,1,0.913457989692688
Q9H2G2,Q9H7D7,0,0.21684233844280243
O00459,Q9UBK5,1,0.34079575538635254
Q9P219,Q8WTT0,0,0.14308471977710724
O14976,A0A1B0GUT2,0,0.12142863869667053
Q8TD86,Q96GE6,1,0.7654474973678589
P49903,Q96CE8,0,0.13730429112911224
Q9Y2Y1,O15318,1,0.6996424198150635
Q9Y4L5,P10515,0,0.2053881734609604
O14818,P25786,1,0.9235804677009583
Q93099,Q8TDI8,0,0.1502343714237213
Q8WXS5,Q969F0,0,0.15492582321166992
Q9UK17,Q9NS61,1,0.31534942984580994
Q96QC0,Q9UQ90,0,0.23609638214111328
Q9P253,A6NGY5,0,0.11199059337377548
P43080,O95843,1,0.861897349357605
Q8WYA1,O00327,1,0.6575352549552917
P56381,P48047,1,0.7703030109405518
Q9NZM5,P62750,1,0.9252121448516846
Q9NY12,Q8NGY9,0,0.09033764153718948
Q86VR2,Q2TAL6,0,0.1438460499048233
Q9ULK0,Q6NUT3,0,0.2625892758369446
Q8WV24,Q969Q4,0,0.12483198195695877
P04798,P10635,1,0.8923855423927307
O75425,P78563,0,0.16120952367782593
A0A1W2PPE2,Q9Y5L3,0,0.13256478309631348
Q9P2S2,P54868,0,0.11918942630290985
P36954,Q00403,1,0.9001526236534119
O95900,Q9NPE2,1,0.7931646108627319
P0DO97,O95707,0,0.11486996710300446
P17676,O95626,0,0.1772487610578537
Q6UXL0,Q8NGZ2,0,0.15672658383846283
Q9UL68,O95544,0,0.8922112584114075
P23434,Q8N7W2,0,0.15174806118011475
Q13002,P78352,1,0.4359282851219177
Q9NR63,P04798,1,0.8602480888366699
P43080,Q9UMX6,1,0.8700335025787354
Q6L8H4,P21810,0,0.16528618335723877
O15409,Q8WXS5,0,0.2189522087574005
P01116,P50148,1,0.3248409926891327
O60841,Q9NV31,1,0.870276927947998
O43504,Q8IV53,0,0.22514823079109192
Q9BT43,P31350,0,0.2903352379798889
Q7L5N1,Q9UGF7,0,0.11463230103254318
O95347,Q6UWI4,0,0.12863172590732574
Q14534,Q01581,1,0.4059481918811798
P08684,Q9BXF3,0,0.12491434067487717
Q96L94,O14492,0,0.18523289263248444
O15371,P55884,1,0.6476192474365234
P51589,P08684,1,0.897814154624939
Q13424,Q9NSN8,1,0.3688066601753235
Q9UMR7,Q12959,0,0.25371110439300537
Q9NZF1,A8MYV0,0,0.24797509610652924
O75947,Q53HL2,1,0.19154345989227295
Q92187,P08134,0,0.138981893658638
Q9NSC7,Q9NY28,1,0.7505736947059631
Q9H6Q3,Q8NHA4,0,0.13309699296951294
Q9UIG0,P16104,1,0.7882378697395325
Q9BRB3,P37287,1,0.1649623066186905
P41250,P49590,1,0.9022629261016846
Q0P670,Q14151,0,0.12512174248695374
A4D1E9,Q9NRX2,1,0.7622813582420349
Q8WU66,P0C0P6,0,0.1684878170490265
Q8IUD2,Q8NGA0,0,0.11957075446844101
Q9Y6K5,P52630,1,0.14579236507415771
P36404,O43924,1,0.1677277535200119
P20700,P09497,0,0.3393039405345917
Q15648,P46781,1,0.4448254108428955
Q8TAV0,Q6QNY0,0,0.1772797703742981
Q15819,Q92963,0,0.36841222643852234
Q14444,O15528,0,0.126988023519516
Q9NWU1,P49327,1,0.8492925763130188
Q8NGX1,P50583,0,0.11807271093130112
P60412,Q01064,0,0.11318621784448624
Q9NZM5,P61513,1,0.9155707955360413
Q5VIR6,Q6JQN1,0,0.13863202929496765
P33681,P42081,1,0.912369966506958
Q9Y5J6,Q96RJ6,0,0.146369069814682
P51589,P05181,1,0.9075943827629089
Q9NRM6,Q5VZ66,0,0.3639211058616638
Q96CX6,H7C241,0,0.13881267607212067
Q9NZ52,Q9HCL2,0,0.17244774103164673
Q15648,Q9ULK4,1,0.3412057161331177
Q9Y5P0,Q9Y5P1,1,0.8425799608230591
Q9NV31,O95478,1,0.9563184976577759
Q9H9J2,Q9NS39,0,0.38893288373947144
Q9Y2B1,Q86W10,0,0.16623899340629578
P52735,O00329,1,0.4475908875465393
P41227,O75648,0,0.7140253186225891
O60832,Q14137,1,0.9103105068206787
O75964,H7C0C1,1,0.6823674440383911
Q502W7,Q8NH42,0,0.11447715759277344
P01229,O00459,0,0.2786395847797394
P60900,Q13200,1,0.9136331081390381
Q03113,Q14344,1,0.8708432912826538
P16949,Q9UBQ6,0,0.11086808890104294
Q9BXW9,Q00597,1,0.18891559541225433
Q9GZM6,Q15797,0,0.12099918723106384
Q9P0V3,Q8NGH5,0,0.1444566696882248
Q8WU58,Q9NRR1,0,0.2606152296066284
Q86YD7,Q86XR7,0,0.22779856622219086
P20851,P0C0L4,1,0.4394172728061676
Q9H446,P01024,0,0.15299716591835022
Q6ZNA5,P84022,0,0.11421863734722137
P08134,P15153,0,0.919272780418396
Q9H694,Q5XX13,0,0.1942712515592575
Q86U28,A6NL82,0,0.14926132559776306
Q8TAL6,A0A096LPK9,0,0.14579437673091888
O15265,P49848,1,0.2928653359413147
O95222,A2VCK2,0,0.12482359260320663
O00764,P20061,0,0.1677536815404892
Q9Y5J9,Q13796,0,0.2116054892539978
O76002,P08138,0,0.15245088934898376
P52735,P61586,1,0.38121962547302246
Q14055,Q8NGW6,0,0.14691805839538574
Q8N6L1,P61165,1,0.23670397698879242
P10916,P24844,1,0.884349524974823
O43174,P05177,1,0.8333254456520081
P17676,P49716,1,0.7095030546188354
Q7Z449,P10632,1,0.872039794921875
Q96GM5,Q4VC05,1,0.7897982001304626
Q8NGG3,Q8N6M8,0,0.13859176635742188
O15466,Q6K0P9,0,0.09843665361404419
Q4G0T1,Q14814,0,0.13044729828834534
Q00597,O15360,1,0.2366701066493988
Q09470,P16389,1,0.9061120748519897
Q9Y2P8,Q19AV6,0,0.21207547187805176
Q9NV31,Q5QJE6,1,0.44612962007522583
Q8WXS5,P42261,1,0.5828483700752258
P25789,P60900,1,0.9085283875465393
P60763,Q96N96,1,0.21672093868255615
Q8IXM3,P62829,1,0.9426037669181824
Q8WXS5,P42262,1,0.5999920964241028
P32929,Q9H091,0,0.16965129971504211
Q99878,P0C0S8,1,0.9457065463066101
O75340,Q9UBV8,1,0.4339097738265991
P62750,P61011,1,0.8911025524139404
Q93086,Q9UBL9,1,0.7916670441627502
Q8WUM0,P12270,1,0.2648625671863556
P46952,Q8TDX5,1,0.5237008929252625
Q9NR80,P22001,0,0.551678478717804
Q9Y3N9,A4D1S5,0,0.1071045845746994
Q86UF2,Q99466,0,0.15970724821090698
Q5JT25,P49327,0,0.11343120783567429
P60409,P15169,0,0.15020044147968292
Q86U38,O76021,1,0.8469906449317932
O43174,Q5TCH4,1,0.6818152666091919
P57052,P78406,0,0.2582736015319824
Q07157,P78352,1,0.7231374979019165
Q9UL51,Q8N998,0,0.15734080970287323
P22557,Q9H7E9,0,0.20329201221466064
C9J202,Q5TCX8,0,0.12220034748315811
Q9NSC7,Q16842,1,0.562223494052887
Q9H343,Q9H344,1,0.8263547420501709
Q96GA3,P46781,1,0.918860673904419
Q5NDL2,Q9NS39,0,0.17364276945590973
Q5TCH4,P08684,1,0.8791741728782654
Q8IXQ8,P23528,0,0.1860281378030777
Q53G44,O14879,1,0.521049976348877
P42226,Q14765,1,0.8060487508773804
Q9BXC9,P52198,0,0.3050483167171478
Q16696,P05181,1,0.9158793091773987
Q9BRB3,Q14442,1,0.27449867129325867
P25787,P60900,1,0.9079971313476562
Q16584,P60953,1,0.4257052540779114
Q96DD7,Q8N100,0,0.13455776870250702
Q13087,Q6QNY0,0,0.12183965742588043
P33681,P10747,1,0.9165074825286865
A0A3B3IT33,P49441,0,0.1280571073293686
Q9NPE2,Q8NH64,0,0.11291280388832092
O43174,O95154,0,0.5180028080940247
Q49AM1,Q6FI13,0,0.30508551001548767
Q8TDR0,Q9BW83,1,0.2503047287464142
Q9NQZ2,Q9NV31,1,0.9279163479804993
Q8NHZ8,Q8J025,0,0.1366422474384308
Q8TCC7,A6NE52,0,0.12390528619289398
Q9NZI6,Q5VWG9,0,0.36210641264915466
P19087,O75916,1,0.46426889300346375
Q9NRE1,Q6T310,0,0.12358437478542328
Q8WVQ1,O75354,1,0.43660616874694824
Q9UQE7,Q8IY18,1,0.7916572690010071
Q9UJ37,Q7Z5H3,0,0.1340159922838211
P09669,Q9H340,0,0.14696121215820312
Q9Y227,P98095,0,0.15865103900432587
Q9UK55,P48167,0,0.31811606884002686
Q9UJX4,P35226,1,0.25369715690612793
O75251,O43677,1,0.7654539346694946
Q9BW83,A0AVF1,1,0.36059558391571045
P55884,P62273,1,0.49115726351737976
Q9Y6N6,Q9NY47,0,0.1626041829586029
P18858,Q8NGD5,0,0.10385935753583908
Q9NWZ5,P32320,1,0.559532105922699
P62070,Q2M3C7,0,0.2556362450122833
Q9Y4H4,Q9H841,0,0.11871001124382019
P20815,Q5TCH4,1,0.8827379941940308
C9JXX5,Q8TAG5,0,0.39808985590934753
P61224,O43516,0,0.207953080534935
O94776,Q13330,1,0.8990141749382019
A0MZ66,Q9H0Y0,0,0.3593197464942932
P46977,P61165,1,0.6647710800170898
Q8NH73,Q6ZT98,0,0.12683658301830292
Q9NRX2,Q15648,1,0.20035338401794434
P60763,P60953,1,0.9385144114494324
Q96RD2,P40937,0,0.10895390063524246
O00566,Q99575,1,0.7985982894897461
Q9NSC7,Q8NCL4,1,0.80813068151474
P62273,P62829,1,0.9554682374000549
Q9H2C1,O60412,0,0.11449403315782547
Q96RJ6,Q0VAM2,0,0.1567043960094452
Q9BXY0,Q96GA3,1,0.9011660814285278
Q8TB40,Q2VYF4,0,0.1298767328262329
Q8NGM9,Q8N465,0,0.16848112642765045
Q8IUB2,Q9UN30,0,0.14429232478141785
P05546,P02671,1,0.6270338296890259
Q5T2W1,Q96S37,1,0.1809394657611847
Q8TAG9,Q96QF0,1,0.408284455537796
Q96G23,Q8IU89,1,0.8824853897094727
P11488,P62873,1,0.2351391613483429
Q9UPQ4,Q8IXB1,0,0.12259632349014282
Q13003,Q01628,0,0.16414155066013336
C9K0I3,O95843,0,0.12343749403953552
O00459,Q8TCU6,1,0.7306391596794128
Q9Y5M8,P11226,0,0.12880948185920715
P59190,P15169,0,0.1343175321817398
P05177,P04798,1,0.9114713668823242
Q96KP1,P62491,1,0.2571282386779785
Q9NRX2,Q9NYK5,1,0.9152963757514954
P61586,P0C0P6,0,0.21376779675483704
Q16478,Q9BXY0,0,0.13131871819496155
Q7L1S5,Q9H3Y8,0,0.11654609441757202
Q13464,P61586,1,0.5599151849746704
P08185,Q9BYS1,0,0.13543173670768738
O43513,Q9ULK4,1,0.39588966965675354
P19823,P16870,0,0.312871515750885
Q9NY12,H7C0C1,0,0.2521381676197052
P02686,P51884,0,0.4016273319721222
Q8NGK3,P48169,0,0.24184593558311462
Q96KP1,Q9Y2D4,1,0.861249566078186
Q9HD15,Q8IZP0,1,0.5087141394615173
O75251,O96000,1,0.7879743576049805
P51884,P21810,1,0.9110749959945679
Q66K64,O75528,0,0.2784344553947449
Q92993,Q9HAF1,1,0.17490112781524658
Q92556,P84095,1,0.3825632929801941
P10916,P08590,1,0.2743358314037323
Q9H6L2,Q96GX1,1,0.5743710994720459
O15371,P51665,1,0.6774917244911194
P37837,P06744,1,0.8732627034187317
P42226,Q00978,1,0.7453340291976929
O95379,Q9H205,0,0.11700857430696487
A6NH57,Q15615,0,0.10979243367910385
Q8NGX9,Q96QF0,0,0.1288076937198639
P60014,O43868,0,0.11495291441679001
P62829,Q5EB52,0,0.12172862887382507
Q9NPJ8,P61970,1,0.7553067803382874
P61970,O14581,0,0.13387583196163177
P17342,Q16661,1,0.18666842579841614
Q96L15,O15318,0,0.10927589982748032
P05423,Q96Q06,0,0.1308884173631668
Q9HAF1,Q9H7Z6,1,0.17724664509296417
Q96R27,Q9NY99,0,0.13270623981952667
Q01064,Q8TD86,1,0.2605453133583069
Q02928,P04798,1,0.8379504680633545
O95347,Q8NEU8,0,0.19844070076942444
P11511,P32929,0,0.38764089345932007
P31350,Q8NGQ6,0,0.18635590374469757
Q16718,P49821,1,0.8256485462188721
Q9Y5J9,Q92947,0,0.4191526174545288
O00459,P15498,1,0.8693652749061584
Q86T03,Q13613,1,0.23027338087558746
Q684P5,Q92547,0,0.15329502522945404
O95685,Q9H7J1,1,0.408834844827652
Q8NGZ9,Q53S99,0,0.12737694382667542
Q14919,Q8NGK3,0,0.10273087024688721
P78406,P54198,0,0.7474835515022278
O00566,Q15269,1,0.8400692343711853
Q9Y530,Q8N0Y5,0,0.13311916589736938
Q9NSC7,Q86SF2,1,0.8099659085273743
O96008,O14925,1,0.3433801531791687
Q9H0U4,Q92930,1,0.6141467094421387
Q8N5L8,O95707,1,0.44734564423561096
Q92686,P0DP23,1,0.14695696532726288
Q13424,Q13425,1,0.6384912729263306
Q8N1G0,Q5W0N0,0,0.12315376847982407
Q8NGG6,P38567,0,0.22265981137752533
P63000,Q8TCU6,1,0.3248565196990967
Q9ULH1,Q1A5X6,0,0.16313917934894562
Q8WVM0,O00411,1,0.8997707962989807
P01116,P01112,1,0.8954556584358215
Q92187,P27540,0,0.12941516935825348
P03901,P00414,1,0.18266832828521729
Q96S90,Q96Q05,0,0.18680819869041443
P08134,Q13464,1,0.5022738575935364
Q3LI83,Q9Y2G4,0,0.13505156338214874
Q9H0Y0,Q9NT62,1,0.38812461495399475
A6NIJ9,Q6QNY0,0,0.11974437534809113
P51170,Q9UHX1,0,0.1108935996890068
Q6P597,Q07866,1,0.6619154214859009
P27986,P42338,1,0.7433866858482361
O00459,P01116,1,0.30468428134918213
P0DP23,Q8TD86,1,0.7877611517906189
Q13595,P13196,0,0.15324221551418304
A4D0S4,P49810,0,0.13992635905742645
O75081,A6NFQ7,0,0.17128142714500427
Q9Y305,O60841,0,0.20271413028240204
Q96A65,Q8N264,0,0.2250601202249527
Q92610,P62879,0,0.41360610723495483
Q9H4E5,Q13322,0,0.15830957889556885
Q6MZQ0,P85299,1,0.20048893988132477
Q9Y5U4,Q12772,1,0.12689998745918274
Q641Q3,Q53GG5,0,0.1616208851337433
O95967,Q9UBS5,0,0.3536193370819092
Q9BZD2,Q99808,1,0.5733729004859924
P13667,Q2TAL6,0,0.16563712060451508
Q3LI76,Q9BX67,0,0.10613669455051422
O00212,O43529,0,0.11777868121862411
Q15427,Q96NC0,1,0.41718044877052307
P20339,Q9UKG1,1,0.18321534991264343
P10916,P14649,1,0.5718002319335938
Q13485,P05412,1,0.4724172055721283
Q9H2S9,Q96NM4,0,0.44595083594322205
Q9NV31,Q99795,0,0.09890033304691315
Q8NDH3,P13164,0,0.11753928661346436
Q86US8,Q9HBL0,0,0.22316981852054596
Q9NYK5,Q9BYD3,1,0.9224674105644226
P41250,P12081,1,0.8901718258857727
Q9UJY5,Q5JW98,0,0.15354828536510468
B7ZBB8,Q9UPQ9,0,0.15007680654525757
Q96IQ7,Q9NQQ7,0,0.13759422302246094
Q99683,O95568,0,0.2189115434885025
Q8IYT2,Q14344,0,0.16911670565605164
P56385,Q7Z4Y8,1,0.918739378452301
Q14739,P50402,1,0.13932573795318604
P49768,Q3LI77,0,0.11473828554153442
P51149,P24386,1,0.20441778004169464
P36954,Q15544,1,0.7841131091117859
Q16082,Q12988,1,0.22095008194446564
Q8NGD4,Q8WWW8,0,0.1433064192533493
P25789,P25787,1,0.927668571472168
Q96EY8,P19634,0,0.28136947751045227
Q9NWU1,Q14011,0,0.13291175663471222
Q9P278,Q8TF40,1,0.47578391432762146
Q9Y6K5,P42224,1,0.1627170294523239
Q13480,P42336,1,0.5566475987434387
Q9UPE1,P05165,0,0.234720841050148
O00303,Q8N4E7,0,0.1400693953037262
Q5TGU0,O43278,0,0.13592039048671722
Q6NT55,P36871,0,0.6297868490219116
Q9BUM1,Q9NQR9,1,0.9076423048973083
P42336,P62834,1,0.3504500091075897
P19823,Q9BPU6,0,0.17557379603385925
Q9HCL2,P60953,0,0.245350643992424
O95251,O00481,0,0.1588192880153656
O00459,O15530,1,0.6870561242103577
Q86UN6,Q8NAX2,0,0.13272561132907867
P10747,P19256,1,0.8354557156562805
O60260,Q8NEX6,0,0.143491730093956
Q8NH10,Q9Y5L4,0,0.13283728063106537
P22460,O43448,1,0.16726574301719666
Q9ULY5,Q8WXI8,1,0.8909223675727844
P18074,Q13889,1,0.8125030994415283
P0DP23,Q9NZT1,1,0.8013443946838379
Q9Y227,O75354,1,0.6191545724868774
Q9BY78,Q9NS37,0,0.2370585799217224
Q9H343,Q9UJY4,0,0.12377462536096573
Q9NRX2,Q9Y399,1,0.9334717988967896
Q8TAG9,P61006,1,0.321419894695282
Q9BZC1,Q8N323,0,0.1295364648103714
P19099,Q9P0K9,0,0.15631063282489777
P78563,P63096,0,0.25889989733695984
A0A3B3ITR4,Q5MY95,0,0.2182343304157257
Q9NQ69,Q9H0Y0,0,0.19991803169250488
O43745,A0A0G2JNH3,0,0.13876114785671234
Q8N9F7,Q7L5L3,1,0.9017991423606873
Q15619,O60938,0,0.19199515879154205
P04792,Q04637,1,0.2769629955291748
Q15836,P23763,1,0.9010027050971985
Q9NRM6,Q8NFM7,1,0.888149082660675
P62273,A0A0A6YYL6,1,0.9606176614761353
Q8NHB7,A0A3B3IT33,0,0.12060419470071793
P47870,P18507,1,0.8794585466384888
Q9NP81,Q9P0J0,0,0.4389919936656952
Q15417,O14990,0,0.3009691834449768
Q12770,Q99575,0,0.12881474196910858
Q08477,P11712,1,0.8861886858940125
Q9UKP3,P07306,0,0.161740243434906
O00459,P60953,1,0.5544267892837524
Q9UGK8,P25098,0,0.21406017243862152
Q9NP56,Q9Y257,0,0.15529890358448029
Q9HAS3,P0C0L5,0,0.3948563039302826
Q9H340,Q9H341,1,0.8394702672958374
Q969G2,A0A1B0GVS7,0,0.10978105664253235
O00303,P62857,1,0.8606048226356506
O43895,Q7Z769,0,0.4997623860836029
Q01064,P55263,1,0.7953316569328308
Q9BZG1,P07585,0,0.18379727005958557
P57772,P62857,1,0.8732045292854309
O43818,P62857,1,0.8991214632987976
P46531,Q15797,0,0.21237064898014069
Q8NGP6,Q8N4Q1,0,0.18373095989227295
Q8N5M9,Q92882,0,0.1301971673965454
Q8IY81,O95478,1,0.938247799873352
P08575,Q8NH76,0,0.16430555284023285
Q96LI9,Q9Y5Y5,0,0.19540677964687347
O15287,Q96I34,0,0.14889240264892578
Q7Z4G1,Q567U6,1,0.21393334865570068
Q9NW13,Q9Y6J9,0,0.5251450538635254
Q01085,P33260,0,0.12127797305583954
Q9NSC7,Q9HCQ5,1,0.7552521228790283
Q92796,Q15700,1,0.9236518740653992
Q08477,P98187,1,0.9092234969139099
P51636,P00533,1,0.4103454053401947
P24903,P07099,1,0.624454915523529
O43513,Q15648,1,0.69016033411026
P58182,Q92565,0,0.13115398585796356
P12270,P78406,1,0.33810216188430786
O60841,Q8WUM0,0,0.3487592041492462
P23763,Q8NG77,0,0.13612288236618042
Q8NGT0,Q9NYR9,0,0.11222143471240997
Q14153,P04626,0,0.5259790420532227
P05452,Q15434,0,0.1301482915878296
Q53GG5,P50583,0,0.11944971233606339
Q16082,Q04637,1,0.1666710525751114
P20815,P24462,1,0.9167667031288147
Q6ZUT1,Q13099,0,0.18698374927043915
P49753,O00757,1,0.5037950277328491
O95835,Q96J02,1,0.832659125328064
Q96F44,Q86WA6,0,0.16814953088760376
Q8NGK1,Q8IVF5,0,0.12189500778913498
P61513,P62829,1,0.9644030332565308
Q8TDY4,Q9Y530,0,0.16697648167610168
Q9UK17,Q9NZV8,1,0.8856168389320374
Q9UBL9,Q99571,1,0.8257853388786316
Q8N4K4,Q8IZP0,0,0.17594963312149048
Q6P597,Q92616,0,0.12232105433940887
Q07444,Q92616,0,0.11046767979860306
Q92993,Q9UKV0,1,0.32196715474128723
P32754,Q8NFA2,0,0.13469235599040985
Q9NSC7,Q86SR1,1,0.7920053005218506
O43818,O15213,1,0.8926476240158081
Q15771,O00337,0,0.10671781748533249
Q5JSL3,P60953,1,0.8116292357444763
A0A096LNW5,Q6JVE5,0,0.3175901472568512
Q9H0U4,Q15907,1,0.6459218859672546
P23434,Q9UNN8,0,0.15696796774864197
P0C0L4,Q8N6T3,0,0.19182799756526947
Q15544,P18074,1,0.7750231623649597
Q8TEA7,Q8NFR9,0,0.13457028567790985
Q14195,Q16555,1,0.9260582327842712
Q9UDY6,P51884,0,0.2982015311717987
Q15485,P11226,1,0.6732164621353149
Q8IYD2,P53370,0,0.12876570224761963
Q13485,Q99717,1,0.5931801795959473
O94900,Q96N06,0,0.18901674449443817
P04632,Q13480,0,0.22692304849624634
Q92581,Q8NGP0,0,0.15343961119651794
Q13200,P19256,0,0.18330292403697968
Q5T4F7,Q9Y2Y8,0,0.16963499784469604
Q9UNQ2,P62241,1,0.9137900471687317
O00478,Q9BZ29,0,0.240756556391716
P32780,Q5VWG9,1,0.7176579236984253
P46952,Q9ULY5,0,0.1562156230211258
Q5VWG9,O95661,0,0.15055519342422485
O14775,P09471,1,0.371767520904541
O14807,P42338,1,0.30605819821357727
Q15797,P84022,1,0.6363285183906555
P11226,P0C0L4,1,0.2810419797897339
P40763,P04626,1,0.7689844369888306
Q86YQ8,P01023,0,0.3163491487503052
Q9H270,Q969F0,0,0.15751369297504425
P60763,P27986,1,0.6772727370262146
Q9UPQ9,P58549,0,0.12215588241815567
O75636,Q9BWP8,1,0.399588018655777
P39086,Q13002,1,0.9290626645088196
P01033,P57772,0,0.13485822081565857
Q01813,P09467,1,0.7009161710739136
O15231,Q8IZS6,0,0.4157557189464569
O75900,P58181,0,0.16902348399162292
Q9NYS0,Q11203,0,0.13248029351234436
P61106,Q15417,0,0.3097051978111267
Q9Y2P8,Q5QJE6,1,0.42565760016441345
Q5W0V3,Q6IF00,0,0.12337211519479752
P11509,P08684,1,0.886568546295166
Q86X24,P58181,0,0.10718858987092972
P19634,O43745,1,0.1885901689529419
P25789,Q13200,1,0.8056917786598206
P31644,Q96N96,0,0.32196804881095886
P61006,Q8N813,0,0.14856646955013275
Q92686,P27482,1,0.14093397557735443
P61513,Q8NGB6,0,0.1099628359079361
Q96Q77,Q8TDI8,1,0.32386282086372375
Q9Y272,P63096,1,0.42179054021835327
P62070,P42336,1,0.36093881726264954
Q15797,Q99717,1,0.7764372825622559
Q13480,P13667,0,0.20171688497066498
Q9NXR8,Q9H7Z6,1,0.24107789993286133
P14598,P62834,1,0.17503726482391357
O14525,Q9P1W3,0,0.1573973298072815
O15442,Q9NQ35,0,0.1580595076084137
P20815,O43174,1,0.812537431716919
Q96G23,P17405,1,0.7229761481285095
Q6PD74,P53680,1,0.6165067553520203
Q92186,Q7Z769,0,0.44237831234931946
O60841,Q15648,1,0.3340360224246979
Q6PIZ9,Q8IYM9,1,0.17614640295505524
Q9HAV0,P63096,1,0.21893273293972015
Q8IY81,O76021,1,0.9303426146507263
Q9NRX2,P62273,1,0.9541523456573486
P69849,Q13422,0,0.22324742376804352
Q9ULL0,Q96EC8,0,0.12483212351799011
O15371,P20042,1,0.9040552973747253
P11509,P05181,1,0.9138283729553223
Q8NH18,Q9NV35,0,0.1503131240606308
O00459,O14807,1,0.36851775646209717
P54578,Q13200,1,0.23346929252147675
Q68CP9,Q4VC05,1,0.7695012092590332
P15153,P52735,1,0.2491481900215149
P07225,Q5XLA6,0,0.11896735429763794
Q8N6T3,Q13724,1,0.14520926773548126
Q6ZMG9,P47869,0,0.41048821806907654
Q9BY71,P52961,0,0.1965908706188202
P20339,P61020,1,0.8284335732460022
Q9Y333,A0A1W2PNU3,0,0.1273253709077835
P05108,P60763,0,0.16138502955436707
Q8NG41,Q8N729,1,0.6652270555496216
P29350,O60828,0,0.13247211277484894
Q6AI14,Q86UB2,0,0.12598684430122375
P08697,P02671,1,0.6907121539115906
P00533,Q13322,1,0.6933535933494568
O60832,Q96JP2,0,0.12553679943084717
Q16555,P58505,0,0.1418500542640686
Q8NGI7,Q9C0F0,0,0.10266686975955963
Q9P086,Q5JQS5,0,0.10039790719747543
Q701N4,O75762,0,0.13806454837322235
Q6L8G5,Q6ZWL3,0,0.1205323189496994
Q9UKU7,P45954,1,0.9310879707336426
Q6UXH1,Q9BPU6,0,0.18578511476516724
Q8NGJ4,Q6PML9,0,0.174948588013649
P17900,A0A1B0GTR7,0,0.12918218970298767
P50148,P01112,1,0.39230209589004517
O00459,P10301,1,0.37462306022644043
O15213,Q8IY81,1,0.9375191330909729
O95156,P57772,0,0.1175571009516716
Q96QG7,Q96EF0,1,0.7482773661613464
P15260,P01111,1,0.1737602949142456
Q9Y221,Q14137,1,0.8897698521614075
P12081,P49590,1,0.9039467573165894
P15538,P05093,1,0.8466768264770508
Q5U5X8,O43463,0,0.23377442359924316
O75251,P00414,1,0.3195094168186188
Q14534,P54868,1,0.6250165104866028
Q8NGX1,Q96P15,0,0.3021334409713745
Q9NRE1,Q15782,0,0.32492899894714355
Q96QD9,P84022,0,0.15825293958187103
P30953,Q8NFD2,0,0.12325868010520935
Q86US8,Q9HAU5,1,0.7974900603294373
O60841,P55884,1,0.7971761226654053
Q9NR63,P24462,1,0.86252361536026
Q9NVJ2,Q9UJY4,0,0.4561987519264221
P05412,Q14653,1,0.6025462746620178
P17405,Q6IFH4,0,0.28436702489852905
Q8WXE9,Q9H611,0,0.14628879725933075
Q9NSC7,Q14435,1,0.8191372752189636
P20815,P33261,1,0.8880074620246887
Q96GF1,Q99942,1,0.5956893563270569
Q8WV60,Q15118,0,0.25951436161994934
P35225,O95760,1,0.8645844459533691
P62491,Q15907,1,0.882458508014679
Q8WUA8,Q71UI9,0,0.17672668397426605
Q9Y6Q9,P36639,0,0.1278095692396164
P26718,P26717,1,0.8978270292282104
Q92754,P01106,1,0.30688804388046265
P52630,A0A3B3ITR4,0,0.2965209186077118
Q9HAU5,Q15287,1,0.7967242002487183
O95711,Q9BQI5,0,0.23291699588298798
Q86UW1,Q9NRB3,0,0.16699476540088654
Q14393,Q9Y4C0,0,0.3932535648345947
P47870,P14867,1,0.8835223317146301
A6NDG6,P61019,0,0.15758563578128815
P01111,P27986,1,0.4583221971988678
P61020,Q7KYR7,0,0.1381629854440689
Q8IXM6,O94804,0,0.11641121655702591
Q8NGZ5,A6NKF7,0,0.24066461622714996
Q8WXD9,Q8NG85,0,0.1173887550830841
Q6NXT1,P50454,0,0.1396486461162567
Q8IY92,Q96FV0,0,0.30199962854385376
P18858,P35249,1,0.8651777505874634
Q8NGC9,Q15544,0,0.09925787150859833
Q9BU19,K7ERQ8,0,0.17079097032546997
P43234,Q9Y6Y1,0,0.12608687579631805
Q8NH41,Q9HAU5,0,0.0948222354054451
Q06124,P24462,0,0.2235422283411026
Q9UKW4,O00329,1,0.47145259380340576
O75762,P02489,0,0.23261769115924835
P58181,Q8NGA8,0,0.8721495270729065
Q8TD86,P27482,1,0.7633376717567444
P25774,P20338,0,0.1256895661354065
P17275,P47928,0,0.5222303867340088
O15213,P62857,1,0.7861161231994629
Q969M1,O96008,1,0.9148432016372681
O75916,P08754,1,0.4697206914424896
Q13099,Q8TDR0,1,0.7933293581008911
P42262,P42261,1,0.9374070167541504
P54750,Q96GE6,1,0.24498572945594788
P10632,P98187,1,0.8999047875404358
Q86YD3,Q9P2K2,0,0.12455839663743973
P22557,P02750,0,0.1506364345550537
Q8NGD5,Q86YJ5,0,0.15107043087482452
P54578,O14818,1,0.22346603870391846
Q9NPY3,Q96S82,0,0.14628297090530396
P11712,Q02928,1,0.9031270742416382
Q14684,Q8IY81,1,0.6161293387413025
P13726,P07204,1,0.5444692373275757
Q9Y3D5,Q9HAU5,0,0.3369940519332886
O94905,Q13395,0,0.14464202523231506
Q9BXU2,Q9BYC2,0,0.11648652702569962
P35250,O75943,1,0.8608207702636719
Q9Y3T9,Q14684,1,0.607886791229248
Q00597,O15287,1,0.43167880177497864
P18859,Q7Z4Y8,1,0.9380437135696411
Q9H668,Q15648,1,0.44553375244140625
Q6STE5,Q8WUZ0,1,0.17288453876972198
Q9Y5J6,O60220,1,0.786826491355896
Q9NZM5,Q9Y221,1,0.7838993668556213
P05108,Q8NH81,0,0.24663518369197845
Q15583,Q9H2S9,0,0.20624518394470215
P19438,P01583,1,0.7186663150787354
P12270,O15182,1,0.1874939203262329
P53602,Q15126,1,0.5064039826393127
Q99683,P60953,1,0.740553617477417
Q00403,Q6P1X5,1,0.6928205490112305
Q8WVN8,Q93045,0,0.14293162524700165
Q9UKY1,Q6VVX0,0,0.1048450618982315
Q8TDX6,P15169,0,0.40734168887138367
Q14202,O60663,0,0.555354654788971
Q00G26,Q8WTS1,1,0.19827698171138763
Q9Y5P1,Q9Y6X8,0,0.10345573723316193
P36222,Q13568,0,0.16045202314853668
O43818,P62241,1,0.918275773525238
Q9Y5Y5,P28328,1,0.44804832339286804
Q8NGS9,Q8NH05,0,0.8193770051002502
P42224,O14879,1,0.14977605640888214
Q717R9,Q9GZM7,0,0.14993388950824738
P52948,P41208,1,0.14403264224529266
Q6IN84,Q96R08,0,0.10776403546333313
Q99576,Q9C037,0,0.16595371067523956
P04899,P42338,1,0.8501359820365906
P61224,O00329,1,0.23916830122470856
P41208,P04792,0,0.2815348207950592
Q8N5C1,Q8NGL3,0,0.1808551698923111
Q9H9Q2,Q9UBW8,1,0.9143515825271606
P17081,Q96A65,1,0.27964115142822266
Q86SR1,P49768,0,0.2187758833169937
Q15287,O00422,1,0.8644320964813232
P14373,Q14002,0,0.23236297070980072
Q15124,P06744,1,0.9014050364494324
Q9UBK7,Q96GA3,0,0.54932701587677
Q96FL9,A6NKK0,0,0.24597586691379547
P20813,P24462,1,0.8901143670082092
P04908,Q99878,1,0.9449876546859741
Q13303,Q8NHB7,0,0.17240206897258759
Q9Y216,Q9BYQ2,0,0.11285129189491272
Q96BT1,Q9UQ72,0,0.13672728836536407
P62308,Q96QC0,0,0.8878681063652039
P10747,O00329,1,0.33754923939704895
Q96HP0,Q5TAT6,0,0.20362915098667145
O96000,P49821,1,0.5457552671432495
P12270,P41208,1,0.1954907923936844
P08575,P41217,1,0.5807313919067383
O95568,Q9NR80,0,0.11045630276203156
Q5T655,Q96HU8,0,0.47373101115226746
P14866,P26599,1,0.8928171396255493
Q9UQE7,P63000,0,0.8514488935470581
P51692,Q00978,1,0.732161819934845
Q15003,Q86XI2,1,0.6568968296051025
P11245,P08575,0,0.15387530624866486
Q02928,P10632,1,0.9051397442817688
Q96FN4,Q02575,0,0.1684945970773697
Q9H160,Q00G26,0,0.13259105384349823
Q15303,O00329,1,0.436858206987381
Q15532,O60224,1,0.1737494170665741
P0CG37,P25787,0,0.14168186485767365
Q13018,Q9NPA3,0,0.1978493630886078
Q9Y399,P62829,1,0.9217292070388794
O00478,Q99541,1,0.42919430136680603
Q6JQN1,Q9BSU3,0,0.3448493480682373
Q8IWL2,Q96HF1,0,0.19718201458454132
P01024,P05155,1,0.6733176112174988
Q6P1X5,O60462,0,0.1225709542632103
P18858,Q07864,1,0.8500104546546936
Q9UBR4,Q8IV53,0,0.13362547755241394
Q9Y585,O60832,0,0.10341127961874008
A6NGJ6,Q16842,0,0.12243935465812683
Q9NSC7,Q8IXK2,1,0.8435857892036438
P19387,P46781,1,0.9149130582809448
Q96BQ1,Q9UMX6,0,0.2069997787475586
O15213,Q14137,1,0.8813284039497375
P54277,Q15648,0,0.692041277885437
O43684,Q8N5M9,0,0.1354404091835022
A0PJX2,A4D2B0,0,0.24975161254405975
Q9UGU5,Q9BXF3,1,0.7790384292602539
P54578,O95822,0,0.18181709945201874
P62829,Q9BRR3,0,0.133429616689682
Q9Y6J9,Q8NEM7,1,0.35714805126190186
O75916,P04899,1,0.464126318693161
P02792,Q13772,1,0.1597793996334076
P02545,P50402,1,0.5637443661689758
Q15648,P62857,1,0.6522964239120483
Q8N6L0,Q7Z7L7,0,0.14358456432819366
P05181,P07099,1,0.6048997640609741
Q9C019,P28476,0,0.1278819888830185
O75251,Q9BQ95,1,0.9198523163795471
Q8N4L2,Q13614,1,0.30981558561325073
Q7RTP0,Q96RT8,1,0.1291169375181198
Q9NVI1,O15360,1,0.7420218586921692
Q6ZT98,A6NFK2,0,0.16311858594417572
Q9BQA1,Q9NQ92,1,0.15557906031608582
Q9H0M4,Q8WTR4,0,0.12542174756526947
Q4W5P6,Q9UPQ9,0,0.11881611496210098
Q9H668,Q9ULK4,1,0.30997762084007263
Q8IUD2,Q9Y2L5,0,0.3710830509662628
P61224,Q92565,1,0.34877270460128784
O60841,O14807,0,0.2797843813896179
O76000,Q14002,0,0.16238170862197876
P98073,O60224,0,0.10385715216398239
Q16696,P07099,1,0.6589211821556091
Q16661,Q5JRA6,0,0.17626817524433136
O75128,Q9BYD5,0,0.20948123931884766
P42224,Q14653,1,0.5939280986785889
Q93038,Q15836,0,0.15524938702583313
Q8WVC0,Q03468,1,0.7401877641677856
Q13772,P51148,0,0.3753798007965088
P56975,Q9UL26,0,0.13836480677127838
Q6IQ22,Q86VW0,0,0.1929628998041153
Q96R45,Q96B49,0,0.19078925251960754
Q8NGI9,Q8NG76,0,0.8570601344108582
P48058,Q0JRZ9,0,0.23423799872398376
Q9ULT8,Q14195,0,0.1907198429107666
Q15836,L7N2F9,1,0.5633344650268555
O95741,Q8N6L1,0,0.14073961973190308
P60900,P25786,1,0.9288402199745178
Q92185,Q11201,1,0.734915018081665
A8K830,Q8NC01,0,0.17739605903625488
Q9HAU5,Q92540,1,0.4055987000465393
P05093,P08684,1,0.862612783908844
Q86YD3,Q9H8M7,0,0.1302231103181839
P56381,O75964,1,0.2139120101928711
P84103,Q96SB4,1,0.2565855085849762
Q96RJ6,Q96N03,0,0.16784773766994476
Q9GZU1,Q8N100,0,0.14155986905097961
Q8NGJ0,Q96EN8,0,0.13441744446754456
Q9BZF9,Q92754,0,0.1650170236825943
Q9NZT1,P37840,1,0.2648238241672516
P63000,P52735,1,0.3317151367664337
P10916,P19105,1,0.8822928071022034
O00303,Q8TCB6,0,0.10277653485536575
Q96BY6,Q9HB15,0,0.1290302872657776
Q9NVV4,Q16322,0,0.12153767794370651
Q9BQ95,Q9P0J0,1,0.9147812128067017
O43684,Q8NHZ8,1,0.6375816464424133
Q7Z2W9,P82914,1,0.9471907019615173
Q9NR63,P05177,1,0.8595572113990784
P11509,Q92610,0,0.11961798369884491
Q7LG56,P31350,1,0.9414249062538147
Q92481,O43513,0,0.1368439644575119
O60841,A0A0A6YYL6,1,0.9101353883743286
Q99942,Q8TDR4,0,0.23179885745048523
O95343,Q71UI9,0,0.31508979201316833
Q9UKP3,Q9UHP9,1,0.16139894723892212
Q8WWX0,Q96F44,0,0.17605221271514893
Q01581,P54868,1,0.8785700798034668
Q15836,Q9BV40,1,0.9111559391021729
O75356,P49961,1,0.8320965766906738
P47736,Q96QG7,0,0.2993432879447937
P51884,P07476,0,0.1860189139842987
Q96GE6,Q8WWX0,0,0.12319426983594894
Q15427,P62308,1,0.7089291214942932
Q6PCB0,Q8NGE7,0,0.15384897589683533
Q92565,P62834,1,0.3180098533630371
Q4U2R6,P82914,1,0.9664434194564819
O95900,P51636,0,0.13068002462387085
Q96SQ9,P43235,0,0.27555495500564575
Q13018,P22897,1,0.8134617805480957
Q8NGI0,A0A087X1G2,0,0.17653992772102356
O75602,P24387,0,0.11722985655069351
Q93086,O15547,1,0.5257326364517212
O75356,O75354,1,0.8839348554611206
Q08AI8,Q14195,0,0.15524433553218842
O95926,P62306,1,0.891137957572937
O00459,P60763,1,0.4511664807796478
Q9UN30,Q8TC59,0,0.17570357024669647
Q8NG99,Q96P15,0,0.2945772111415863
P11233,P60763,1,0.8859262466430664
P15153,P61586,1,0.908146858215332
Q9NY99,Q9H469,0,0.11701071262359619
Q6NT16,O75128,0,0.1538991928100586
P17676,Q13485,1,0.3412964344024658
Q15427,O43660,1,0.7601926326751709
P35575,Q9NQR9,1,0.9176957011222839
Q6UWV6,P17405,1,0.8197880983352661
P25787,Q8TAA3,1,0.8979603052139282
Q8NH10,Q13614,0,0.15162429213523865
Q96NM4,P11234,0,0.3725680112838745
Q68CP9,Q92925,1,0.8167091012001038
Q9BYD3,P82914,1,0.952266275882721
P18085,Q9BXS0,0,0.1773499697446823
P54819,P78310,0,0.14664965867996216
P82914,P61513,1,0.934597909450531
Q13018,Q9UBG0,1,0.8438272476196289
P24386,P51159,1,0.20414018630981445
Q15303,Q06124,1,0.8776257038116455
P42262,P78352,1,0.6220846176147461
Q9BXN1,A6NKX4,0,0.20676536858081818
Q96LL4,Q9H2S9,0,0.12543676793575287
P02671,Q6NXS1,0,0.1985863298177719
P20815,P20813,1,0.8853254914283752
O00459,P42338,1,0.7075222134590149
P08397,Q5JR98,0,0.22055774927139282
P42336,P63096,1,0.8891478776931763
O14775,Q8TCU6,1,0.17235727608203888
P25063,Q6NT55,0,0.12619802355766296
Q5VZ52,O00337,0,0.14943929016590118
Q8NFV4,Q9H7Z6,0,0.2324998527765274
P52735,P27986,1,0.7622967958450317
P17535,P05412,1,0.8204249739646912
P36954,Q9Y3C7,1,0.9004035592079163
P57772,P49903,1,0.34449830651283264
Q00587,Q9NPF8,0,0.1524987369775772
P33260,Q5TCH4,1,0.9040706157684326
Q7LG56,Q9P2R7,1,0.8864915370941162
P05177,P51589,1,0.8908196091651917
P62834,P27986,1,0.4130011200904846
Q4U2R6,Q8IXM3,1,0.9588811993598938
Q99541,Q6UXE8,1,0.39062973856925964
P22001,Q13303,1,0.17457887530326843
Q9UL40,P01106,1,0.3268577754497528
Q96N03,Q8IVS8,0,0.12747134268283844
Q8IUH5,Q9UBS5,0,0.6175780892372131
Q14258,P05161,1,0.448098361492157
Q9HAF1,Q9UNL4,1,0.43611469864845276
Q8IXM3,P82914,1,0.954836368560791
Q8WVQ1,O75356,1,0.45421072840690613
Q15120,Q8WXS5,0,0.1653427630662918
O43174,P11509,1,0.7216982245445251
Q9Y6W8,P10747,1,0.8863629102706909
Q96Q06,P21860,0,0.6792044043540955
P01116,P63096,1,0.39230865240097046
Q9NQR1,Q53G44,0,0.20360437035560608
O60449,Q969F1,0,0.1302696168422699
Q5SV17,Q9UMS6,0,0.14615215361118317
Q53R12,Q5EB52,0,0.16421447694301605
Q9UEU0,Q15003,0,0.17991900444030762
Q5FBB7,Q6FI13,1,0.6831753849983215
Q8IU89,Q8N5B7,1,0.8819937109947205
O43174,Q02928,1,0.7204577922821045
Q9UM22,Q9HC29,0,0.1477096974849701
Q8NH61,P43080,0,0.18112798035144806
P62241,P08865,1,0.9245603084564209
O43866,Q6P1Q9,0,0.15765352547168732
Q9NZV8,Q8N608,1,0.1624452918767929
Q53EU6,Q6NUI2,1,0.7457996010780334
Q15269,P62857,1,0.8153143525123596
Q9NRX2,P62829,1,0.9594755172729492
Q9UMS6,Q9BRT3,0,0.21808823943138123
Q9BYN8,P82650,1,0.7416519522666931
Q8NGG4,F5H4B4,0,0.1267322301864624
A4D2G3,Q9BYD5,0,0.14385519921779633
P20339,Q9P2Y5,1,0.2805294990539551
Q16777,Q8IX12,0,0.8424274921417236
Q8WZ82,Q9NRE1,0,0.154964417219162
P20815,P11509,1,0.8755843639373779
Q9NZT1,Q9NRF2,0,0.14613346755504608
Q15653,Q9NYS0,1,0.3963836431503296
P20813,Q16678,1,0.8473791480064392
Q99541,Q96PL5,1,0.3519671857357025
Q8NEV8,P31152,0,0.31907153129577637
P78329,P33261,1,0.9027886390686035
Q4U2R6,Q9NRX2,1,0.9591970443725586
Q9P2E8,Q8NGR1,0,0.16562429070472717
Q0P5N6,Q8N1N0,0,0.11095032095909119
Q96A65,Q8TAG9,1,0.8782464861869812
Q14258,Q6ZRI6,0,0.17748992145061493
O00566,Q9Y2P8,1,0.45784854888916016
Q8NGN3,Q9HBM1,0,0.11405029892921448
Q9BVS4,P62857,1,0.7771005034446716
O75528,Q8NAX2,0,0.12293461710214615
Q9H2A7,Q7Z7E8,0,0.11471410095691681
P25788,Q13200,1,0.8938924670219421
Q8IY92,Q96AY2,1,0.6316680908203125
P27986,Q13322,1,0.4651351571083069
Q6YHU6,Q5T0D9,0,0.14025691151618958
P30260,Q9H2A9,0,0.10295640677213669
Q8NGL3,Q96PP4,0,0.10968248546123505
P56545,O75362,1,0.18328814208507538
Q13464,Q02045,1,0.25986719131469727
Q8NGS8,Q8WVV5,0,0.19725503027439117
P11488,Q96PQ0,0,0.3538438379764557
Q63HR2,Q96IU4,0,0.1613612323999405
Q16718,A0A3B3ISG8,1,0.8818640112876892
P42336,O15530,1,0.6194919347763062
P09234,Q9Y333,1,0.8030080795288086
P58005,Q6PKX4,0,0.1321765035390854
Q9Y6J9,P49848,1,0.7253480553627014
Q9NXP7,A8MVA2,0,0.16021095216274261
P19387,P49848,1,0.8150854110717773
Q8IYK2,Q9BYD3,1,0.15926070511341095
Q9UQC2,P42338,1,0.45724907517433167
P51168,Q8NGP4,0,0.1482270509004593
Q9NY99,Q13425,1,0.5442046523094177
Q9Y5J7,O14925,1,0.20162956416606903
A6NF89,A6NJW4,0,0.13420727849006653
Q9NX95,Q9UJW0,0,0.2562452554702759
Q5JSP0,P60953,1,0.23403923213481903
P14867,P18507,1,0.9083933234214783
Q5H9T9,O75952,1,0.2401718646287918
O60741,P19823,0,0.2146325409412384
A8K979,Q9P0V8,0,0.10819646716117859
Q15003,Q10571,0,0.32991740107536316
Q8WZ94,Q6ZVC0,0,0.1291584074497223
O75751,Q9UPN7,0,0.14698082208633423
Q8NFD2,O95222,0,0.12263108044862747
P46781,P08865,1,0.9440054297447205
P01023,P01009,1,0.48069509863853455
O00459,P01111,1,0.3309025466442108
Q969G9,Q969F2,1,0.868787407875061
Q8NGR9,Q9NUQ8,0,0.12299064546823502
P52735,P42338,1,0.5864952802658081
P62750,O95478,1,0.9611653685569763
Q8N5B7,P17405,1,0.6395274996757507
Q96LD4,P29508,0,0.2507145404815674
Q08477,Q2WGJ8,0,0.13989469408988953
P07942,P11047,1,0.9031075835227966
P14866,P84103,1,0.9079322814941406
Q8NGL6,Q6UW02,0,0.1934596449136734
Q99741,A0AVK6,1,0.4624491333961487
P10747,P42338,1,0.45315301418304443
L0R819,Q6PEX3,0,0.1276852786540985
Q9Y6W8,O75144,1,0.8315765261650085
P24557,Q9NX05,0,0.11678469181060791
Q9Y2W7,P49810,1,0.403980016708374
Q5JTZ9,Q5JPH6,1,0.7407313585281372
P37837,O00757,1,0.4070330560207367
Q9Y6K5,O14879,1,0.2510904371738434
P50336,P20340,0,0.14181038737297058
Q8WVN8,Q7Z7E8,1,0.7940985560417175
Q71F23,Q9BS16,1,0.7287982106208801
Q9Y3C7,Q00403,1,0.873942494392395
O43868,Q9Y6B6,0,0.12910278141498566
Q96AJ9,Q9UEU0,1,0.9343125820159912
P78406,Q99567,1,0.4134514629840851
P32780,Q13889,1,0.8556342124938965
Q4FZB7,Q6ZN84,0,0.14220397174358368
Q8WUI4,Q92993,1,0.23058143258094788
P17342,Q02747,1,0.22854746878147125
P50479,Q9UNN8,0,0.17938439548015594
P00533,P01111,1,0.2971959710121155
P20042,P62273,1,0.9341752529144287
Q8TCB0,P09913,1,0.39478546380996704
Q96CE8,Q96TC7,0,0.22337990999221802
Q13503,Q9NTX7,0,0.19594329595565796
Q53EU6,Q3LIE5,1,0.19016453623771667
P48047,P56385,1,0.9208568334579468
Q02747,P50402,1,0.15941424667835236
Q8NET6,Q9NRB3,1,0.888427197933197
P12270,P12829,0,0.2978404760360718
A0AVF1,Q7RTP0,0,0.1404133141040802
P01112,P42338,1,0.3185198903083801
P33260,P24462,1,0.8914341330528259
Q9NW13,Q9GZR7,1,0.9049479961395264
P84022,Q9Y2K5,0,0.24715185165405273
Q9P2L0,P02750,0,0.14294204115867615
P51665,Q13200,1,0.9131903648376465
P19387,Q9P086,1,0.6630202531814575
Q8NH21,P24046,0,0.17024506628513336
Q99576,Q6IEZ7,0,0.11713419109582901
Q9NSC7,Q11201,1,0.6313196420669556
Q9H015,Q969P0,0,0.20288345217704773
Q9P2L0,Q9BW83,1,0.3228854835033417
Q9Y281,P61586,1,0.4361072778701782
Q693B1,Q96ST8,0,0.16553927958011627
Q9NSC7,Q49A17,1,0.8290606141090393
Q9BPW5,Q4U2R6,0,0.12574510276317596
Q9BRB3,O00337,0,0.7527732849121094
Q9NR63,P20815,1,0.8567145466804504
Q68CQ1,P60410,0,0.13537569344043732
Q6ZRI6,P14384,0,0.13198214769363403
Q8NDA8,O75899,0,0.19310633838176727
Q96A65,P62491,1,0.2425241768360138
P20815,Q02928,1,0.8945119380950928
Q6ZWL3,Q12934,0,0.12180151790380478
Q06828,Q6ZT98,0,0.17892825603485107
P56556,Q8N5Q1,0,0.1240813359618187
P25788,P25787,1,0.9155020713806152
Q9Y6P5,Q5BKX5,0,0.3662393093109131
Q9NXR7,Q9UM13,1,0.6756860017776489
O15503,Q12772,1,0.138056218624115
P10632,P08684,1,0.8859487771987915
Q96ST8,Q5T681,0,0.15852199494838715
Q9NRR8,Q9BZE1,0,0.13656874001026154
Q15796,Q86U44,1,0.21261633932590485
Q8WX92,Q15369,1,0.18984082341194153
Q6XE24,Q96RD1,0,0.10851036757230759
Q9NQW7,P0C5Z0,0,0.12444332987070084
Q92581,Q96T83,1,0.7164666652679443
P28476,Q8WWQ0,0,0.11592830717563629
Q9UNQ2,Q9UI30,1,0.3354727029800415
P11511,Q7Z7L7,0,0.15152020752429962
Q53G44,P09913,1,0.4960569441318512
O43660,P20774,0,0.1430159956216812
Q15796,Q9HAU4,1,0.241775244474411
Q49AM1,Q9BVV8,0,0.10625684261322021
P52948,P78406,1,0.777887761592865
Q15836,P63027,1,0.901214599609375
Q9Y5P1,P84095,0,0.11607924103736877
Q8WX92,Q8N201,1,0.4428899586200714
Q6UW02,Q2TAL8,0,0.11194228380918503
Q08477,P05181,1,0.9002074003219604
Q9Y6J9,O75528,1,0.6606456637382507
P01008,A0A1B0GVS7,0,0.1391259729862213
P09601,P30519,1,0.9188005924224854
Q49AJ0,Q8IUC1,0,0.11098910123109818
Q969G2,Q86U70,1,0.5831364393234253
Q9UKW4,Q9NRE1,0,0.17350129783153534
Q13795,Q8NGH8,0,0.11908793449401855
Q8N2W9,P09874,1,0.4843796193599701
Q92925,Q4VC05,1,0.7856505513191223
Q7Z2W9,P82650,1,0.7789587378501892
P08138,P42336,1,0.342120885848999
Q96I36,Q8IWC1,0,0.11692138761281967
P42224,Q92985,1,0.7915194034576416
Q8NGB9,Q86Z02,0,0.10180986672639847
Q8NGL3,Q9GZR7,0,0.10037360340356827
P82914,P82650,1,0.7398574352264404
A0A1W2PPH5,Q8TEW6,0,0.11370052397251129
Q7Z736,Q8N9V2,0,0.1437845528125763
Q9NY12,Q8WWH5,1,0.33800220489501953
O94776,Q86YP4,1,0.8301501274108887
Q9UQK1,O95685,1,0.5388669967651367
O43379,Q96Q11,0,0.42237865924835205
P62834,O00522,1,0.23236249387264252
Q9ULB1,P78352,1,0.2847716510295868
Q9BYD3,P82650,1,0.7611711025238037
Q9UNQ2,Q9NV31,1,0.9169554114341736
B8ZZ87,Q8NHV4,1,0.16992798447608948
Q12959,Q15700,1,0.8857334852218628
P00533,O00329,1,0.37845999002456665
O15409,Q9H334,1,0.8564673662185669
O14949,P49821,1,0.555191695690155
P48047,Q08752,1,0.5470117330551147
Q9NYK5,Q9Y399,1,0.9323464035987854
Q13009,Q86Z02,0,0.1321495771408081
Q9UQL6,Q02078,1,0.5056713223457336
P20339,P20338,1,0.7840426564216614
Q9H3R2,O95626,0,0.15931813418865204
Q9UKW4,P61586,1,0.41186827421188354
Q9NZM5,Q9H2C1,0,0.16421538591384888
Q15427,P62312,1,0.7373473644256592
P08865,P61011,1,0.8846080303192139
Q969G9,P36404,0,0.13424599170684814
Q9Y333,P62308,1,0.9238612055778503
Q8WY21,Q13889,0,0.12173325568437576
P0DO97,Q8NGX9,0,0.127113938331604
P62750,P61513,1,0.9677931070327759
P08134,A8K830,0,0.38789862394332886
Q8N5B7,Q9NR71,1,0.7563337683677673
P19387,Q8WVC0,1,0.8591426610946655
Q14919,Q9BV40,0,0.14997169375419617
Q4FZB7,Q9Y221,0,0.35771968960762024
Q9UHP9,Q5TEU4,0,0.12253021448850632
Q8NGR5,Q9BXU2,0,0.11937028914690018
Q8IYM2,P30101,0,0.14603279531002045
Q9Y3D5,Q9BYD3,1,0.9514143466949463
O43709,Q5TBC7,0,0.14537103474140167
P36404,Q9UMX1,0,0.2544053792953491
Q9ULD6,Q9BU20,1,0.5436252355575562
Q86YP4,Q9BTC8,1,0.8323020935058594
Q9UK17,Q8N608,1,0.16610650718212128
Q15532,Q4VC05,1,0.4392869472503662
Q4G0T1,Q9HCM1,0,0.11453072726726532
Q08477,Q5TCH4,1,0.8917981386184692
Q9UKA9,O14531,0,0.1646287441253662
Q9HCJ1,Q3LIE5,0,0.4477534592151642
O75821,O00303,1,0.37292373180389404
Q14739,Q8N944,0,0.128076434135437
Q01581,Q9BYC2,1,0.8911632895469666
P17535,Q86WX3,0,0.13495682179927826
Q9NXZ1,Q641Q3,0,0.1609061062335968
O00459,P01112,1,0.3746369779109955
Q86U44,O95477,0,0.16475148499011993
Q8NGG7,A0A1B0GVS7,0,0.13945452868938446
P04899,P62873,1,0.2579783797264099
Q96GF1,Q8NGE3,0,0.1332021951675415
Q9BYD3,P61513,1,0.9513578414916992
Q13009,P60953,1,0.22849886119365692
O75144,Q01581,0,0.17404688894748688
P31644,Q8NA66,0,0.14710788428783417
O60412,Q7Z745,0,0.13084818422794342
A4D0S4,P37235,0,0.15687118470668793
Q9NQZ2,Q8IY81,1,0.9460139870643616
Q8WVI0,Q9Y4K1,0,0.18686452507972717
Q8N465,P35225,0,0.13452863693237305
Q5T5P2,Q8NH59,0,0.12396780401468277
Q9NV31,P62829,1,0.9456495046615601
O60663,Q86U70,1,0.6655867695808411
Q68CP4,Q86UK0,0,0.1839378923177719
P62070,Q9H2C5,0,0.11493868380784988
O00329,Q06124,1,0.6010668873786926
Q9Y587,P61966,1,0.9012856483459473
Q4KWH8,A4D1B5,0,0.1253371238708496
Q15003,O95347,1,0.7873740792274475
P55083,Q13003,0,0.25284284353256226
Q15788,Q15596,1,0.8655369877815247
P61006,Q96QF0,1,0.3213627338409424
P41217,Q9NYB9,0,0.31564489006996155
P48047,Q7Z4Y8,1,0.8783140778541565
Q96RQ3,P26440,1,0.7407212853431702
O75380,O75947,1,0.9355132579803467
A0A096LPI5,P24386,0,0.11932205408811569
Q58A45,Q15109,0,0.14749500155448914
Q9UNT1,Q8NGA8,0,0.10395020246505737
Q12798,Q12800,0,0.13958662748336792
P15538,P11511,1,0.8625243902206421
Q86SR1,O76021,0,0.1234065443277359
Q9UIG4,C9JI98,0,0.1662791669368744
P10916,O14950,1,0.8792092800140381
O75355,Q9NWZ5,1,0.221896231174469
Q9HCN8,Q15345,0,0.1410628706216812
O43432,Q04637,1,0.9080219268798828
K7ERQ8,P0DN86,0,0.11061513423919678
Q13009,O14807,1,0.17769645154476166
Q9HBI6,Q9BSF0,0,0.11918099969625473
Q00887,Q8NGS9,0,0.16051417589187622
Q9NRW1,O14594,0,0.1277283877134323
Q9BV40,P63027,1,0.8654254078865051
O00566,Q9BVS4,1,0.5112859606742859
Q9BVG3,Q92616,0,0.14620307087898254
Q9NYK5,Q9BZE1,1,0.8762176632881165
Q93086,Q99571,1,0.8388914465904236
P07225,P0C0L5,1,0.7492190003395081
Q8NH50,Q9HA82,0,0.3891467750072479
Q7Z769,Q01064,0,0.24852952361106873
Q6ZUT1,Q96BQ1,0,0.14023244380950928
P39086,Q16099,1,0.9286494255065918
P62330,P84077,1,0.8893975019454956
Q9BVA0,Q96E17,0,0.3274521827697754
Q92187,O60828,0,0.10609987378120422
Q9Y227,P49961,1,0.6781936883926392
Q8NEC7,Q02080,0,0.1494295299053192
P36639,Q8NGX2,0,0.13702711462974548
Q8NGX8,Q9Y6K5,0,0.10892009735107422
Q6PIZ9,Q14142,1,0.25925329327583313
P27986,P15498,1,0.7493789196014404
P78329,Q02928,1,0.9016955494880676
Q8NGR1,Q9NWH2,0,0.1241128221154213
Q5JXX7,Q92990,0,0.1749539077281952
Q92547,Q7L590,1,0.8035482168197632
Q13438,P29372,0,0.1536932736635208
Q9UBM4,Q2M2W7,0,0.20383724570274353
Q8IU99,Q86XJ0,1,0.5576745867729187
P08865,A0A0A6YYL6,1,0.9445289373397827
Q8WXE0,Q5VWI1,0,0.1763136088848114
O75052,P16410,0,0.46649324893951416
P60660,Q8NGP0,0,0.12376030534505844
P42224,Q8WXG1,1,0.17187733948230743
P31350,P49961,1,0.5199326276779175
O75251,P56556,1,0.8904222846031189
P28330,P13521,0,0.2911754846572876
P61026,Q14CZ7,0,0.18974615633487701
Q14814,Q8NGY0,0,0.12727604806423187
P30260,Q9UM13,1,0.3610855042934418
Q86U44,P84022,1,0.294942170381546
P0DP23,Q96EN9,0,0.2167661190032959
Q9H4A4,Q8IUN9,0,0.18282997608184814
Q8NGB8,P0CG32,0,0.10375973582267761
Q6NXT1,Q9P0V8,0,0.15108752250671387
P36952,P54750,0,0.30439528822898865
Q96RD6,Q6NUJ2,0,0.14433978497982025
P25789,P51665,1,0.878260612487793
Q15262,Q9H7E9,0,0.11918515712022781
Q02928,Q5TCH4,1,0.9133932590484619
P63027,Q5JPE7,0,0.40142977237701416
P04626,P01111,1,0.19772304594516754
Q8N4L2,Q9NRR6,1,0.44651302695274353
Q9NRX2,Q9Y3D5,1,0.9466526508331299
Q8IWC1,Q8NA47,0,0.28709933161735535
Q9NQR9,P06744,1,0.45906662940979004
Q9NW13,Q9BXY0,1,0.92237389087677
Q9BPU6,Q16555,1,0.9139675498008728
P28827,P61165,0,0.2103385031223297
Q9NSC7,Q8N428,1,0.6695793271064758
Q8N0S6,Q8N729,0,0.12008708715438843
Q9Y3C7,Q13503,1,0.2473696917295456
P07311,P14621,1,0.9281925559043884
Q96GW9,Q5JPH6,1,0.8169248104095459
Q9UDY6,Q5NDL2,0,0.1355234980583191
Q15648,P08865,1,0.3943098187446594
Q96RT6,P31152,0,0.15388357639312744
Q8TCJ2,Q13487,0,0.13136795163154602
Q7LG56,Q8WVQ1,1,0.3867136240005493
P19634,Q8TD86,1,0.257483571767807
Q6STE5,Q96GM5,1,0.8917080760002136
P46199,P62750,1,0.9406241774559021
P28472,P18507,1,0.8899508118629456
Q5H9R7,Q8NH90,0,0.12084411829710007
Q86W10,Q13574,0,0.16475746035575867
Q9Y679,Q8NHZ8,0,0.12065710127353668
Q9NW13,Q9NQZ2,1,0.9418700933456421
O14775,Q6MZT1,1,0.13566312193870544
Q9NQ92,Q96Q77,0,0.13277503848075867
O14746,Q9H6Q3,0,0.11101041734218597
P42224,Q00978,1,0.6384367346763611
P00533,Q9UQC2,1,0.9390235543251038
Q9GZU1,Q7Z4R8,0,0.187056764960289
O75947,P56556,1,0.941738486289978
Q9Y5P1,A0A087WT91,0,0.1723158359527588
Q67FW5,O95741,0,0.32179874181747437
Q9Y3D5,O60783,1,0.9573362469673157
Q6PEX3,Q567U6,0,0.10753356665372849
Q8IXQ8,Q8IVF5,0,0.16708776354789734
Q9Y530,Q8NGK2,0,0.12868845462799072
P35225,Q96HF1,0,0.3909085690975189
P62891,P62241,1,0.9289766550064087
P02794,P02792,1,0.9152804017066956
Q6PI98,Q9H7Z6,1,0.23230847716331482
O95822,A8MUX0,0,0.1236489787697792
Q9Y5L3,P54819,1,0.42610207200050354
P58004,P37837,0,0.5669034123420715
Q8WZ84,Q16777,0,0.11284790933132172
Q8NEM7,O95424,0,0.18520046770572662
Q53RD9,P41218,0,0.11136963218450546
P08697,P01023,1,0.4126279354095459
O75715,Q8TED1,1,0.2755691111087799
P55822,Q86U28,0,0.19818836450576782
P10747,P51149,0,0.15142880380153656
Q9Y320,P43364,0,0.11936482042074203
Q9BXW9,P49821,0,0.14716428518295288
O75116,P19105,1,0.21012020111083984
P51575,Q8TDI7,0,0.37954893708229065
Q53G44,P09914,1,0.36598438024520874
Q7Z449,P05181,1,0.8919675946235657
Q6P1R4,Q8NHC7,0,0.12781760096549988
Q9Y3C7,Q15648,1,0.5353286266326904
O95741,Q15003,0,0.15331169962882996
Q8TCJ2,Q13724,1,0.4816909730434418
Q9P2S2,Q9ULB1,1,0.7318615317344666
Q93045,Q96CX6,0,0.23312942683696747
P20042,P62241,1,0.9324257373809814
Q8TCU6,Q9H3R2,0,0.2468026727437973
P62873,Q14344,1,0.18437747657299042
Q7Z3Z3,Q9NQR1,0,0.2660716474056244
P48764,Q96LQ0,0,0.13038094341754913
P24534,P62750,1,0.9254105687141418
Q96M89,Q8IUB3,0,0.12415027618408203
Q99466,Q7Z4M0,0,0.15548181533813477
P09234,P62308,1,0.8292438983917236
P35226,P30260,1,0.5046672224998474
Q15648,Q7Z2W9,1,0.21419279277324677
P27824,P30101,1,0.5195499658584595
P62879,P63096,1,0.21883423626422882
Q9UNQ2,O43709,1,0.8048449158668518
D3W0D1,P05019,0,0.1736457645893097
O14949,Q8NGF6,1,0.136007159948349
Q15583,Q96RQ3,0,0.12144148349761963
Q9UGK8,Q9NP86,0,0.1338820606470108
Q9NPF2,Q9HAV0,0,0.12047227472066879
P48058,Q6UXH1,0,0.6725336909294128
Q86XI6,Q9H7J1,1,0.39485082030296326
O43242,O14818,1,0.7294073700904846
P57078,O75629,0,0.25378748774528503
Q07866,P37840,1,0.17147007584571838
O14949,P56556,1,0.9297357797622681
Q92698,Q86V40,0,0.1386788785457611
Q8N815,Q9GZM5,0,0.13401223719120026
Q96EH5,P62857,1,0.8982956409454346
Q9Y6K5,P09913,1,0.3335697650909424
Q9Y6K5,Q8TCB0,1,0.1951572149991989
Q02928,P05181,1,0.8949930667877197
Q96RQ9,Q5UAW9,0,0.2785913646221161
Q6ZT07,Q6IN84,0,0.13139007985591888
Q9Y221,P04798,0,0.12073279917240143
Q86VQ1,Q96AP7,0,0.14543573558330536
Q9UKS7,Q6NT55,0,0.1210508868098259
P49591,P17342,0,0.20587113499641418
P19387,P04908,1,0.6112393140792847
Q92186,Q9NZV8,0,0.1677999347448349
P02774,P30519,0,0.4944969415664673
Q8WUD1,Q9HCM9,0,0.32238978147506714
Q9Y2U2,Q9BZE1,0,0.10433939844369888
Q9P0N8,Q9Y4H4,0,0.14011108875274658
Q96RD0,O75251,0,0.13209852576255798
P84022,Q9GZN2,1,0.16056416928768158
Q9BYQ0,Q9BYQ2,1,0.8574495315551758
O75380,Q16718,1,0.9201837778091431
O15213,O76021,1,0.9318092465400696
Q969Q5,Q5JTJ3,0,0.12407799810171127
P13584,Q8NHC4,0,0.24723659455776215
P15153,P60953,1,0.9259718060493469
O94776,Q8WXI9,1,0.8506709337234497
P50583,P24534,0,0.21713943779468536
P58170,P62857,0,0.13350731134414673
Q49AJ0,Q9BXN1,0,0.23538297414779663
Q5T013,P36955,0,0.14880062639713287
P26599,Q92879,1,0.5418816804885864
P62891,P08865,1,0.9354626536369324
Q9UKK6,P52948,1,0.22235572338104248
P62072,O14925,1,0.24611766636371613
O43242,P25786,1,0.8027023673057556
Q9UK58,Q6DHY5,0,0.09160810708999634
P62241,O43709,1,0.8822622895240784
Q8N8F7,Q8NGG7,0,0.14491654932498932
P08865,O00303,1,0.8304461240768433
Q96JM4,Q86US8,0,0.23110368847846985
P35790,Q9Y259,1,0.8442610502243042
P20042,Q04637,1,0.8170041441917419
Q5JRA6,Q8IVB4,0,0.14700539410114288
P16949,Q9HAF1,0,0.15961728990077972
Q49AJ0,Q96DX5,0,0.15497231483459473
Q969Q5,Q86YJ5,0,0.13970151543617249
P51575,Q9UBL9,1,0.8342536091804504
Q14765,Q9BUM1,0,0.15665823221206665
P52630,Q92730,0,0.150969997048378
Q6UXE8,Q13428,0,0.16525296866893768
P46781,P62750,1,0.9624745845794678
P32780,P18074,1,0.7634785771369934
Q01064,Q9NZT1,1,0.18214663863182068
Q7Z7L7,Q9C0D3,1,0.8238191604614258
O60741,Q7Z6V5,0,0.1404505968093872
Q96RQ3,Q6ZNG9,0,0.11577538400888443
P78329,P98187,1,0.9147297739982605
Q9UNQ2,P46781,1,0.9267544746398926
O96000,A0A3B3ISG8,1,0.8922125101089478
P10155,A0A1B0GVY4,0,0.2406233847141266
Q96NC0,O43172,1,0.8587434887886047
Q9Y6W8,P42338,1,0.3961079716682434
P31350,Q9UIJ7,1,0.8800386786460876
P19474,Q14653,1,0.2911756932735443
Q5U5X8,Q6IFH4,0,0.12213192135095596
Q9Y6Q9,Q15596,1,0.8717522621154785
O75380,Q9P0J0,1,0.9381596446037292
Q92985,Q14653,1,0.8165921568870544
Q9Y4W6,Q9UQ90,1,0.9385265707969666
Q5TCX8,Q96FC7,0,0.16942457854747772
P63098,Q9NZT1,1,0.7543160319328308
A6NE52,Q6UWI4,0,0.1240512803196907
Q86WV6,Q6ZVC0,0,0.10258615016937256
Q5VWG9,Q15544,1,0.8106516599655151
Q6ZUI0,P11464,0,0.1493348628282547
O43513,Q4G0X9,0,0.24153529107570648
Q14814,Q02080,1,0.19645318388938904
P19387,O43513,1,0.8312450051307678
P50336,P08397,1,0.4592050015926361
Q9BYC5,Q9H672,0,0.15757325291633606
Q5T3F8,Q92838,0,0.20025919377803802
Q02928,Q7Z449,1,0.8514568209648132
Q6T311,Q5QJE6,0,0.2936694622039795
Q8NGC0,Q5TGU0,0,0.1755037009716034
P56373,Q9UBL9,1,0.8305156826972961
P51692,Q15303,1,0.9003753662109375
Q9UK61,P58549,0,0.13367034494876862
O14763,P57078,0,0.25629618763923645
O14525,Q8NGN6,0,0.13704323768615723
P63027,Q9UEU0,1,0.8531524538993835
Q6NVH7,Q19AV6,1,0.4661255180835724
Q8WUZ0,Q6P582,0,0.15226112306118011
Q86YD3,Q96LZ7,0,0.16800732910633087
A0A1W2PP81,P14621,0,0.3899538815021515
O75528,Q8NEM7,1,0.621577799320221
P09914,P05161,1,0.3799782693386078
P16410,Q8WXU2,0,0.1321479231119156
Q15796,P01106,1,0.36595579981803894
Q8N2C3,Q8NH05,0,0.12687109410762787
Q15532,Q6MZT1,0,0.3308617174625397
Q9NV31,O76021,1,0.9373915195465088
Q8TCU6,Q96DA2,0,0.15485814213752747
Q9HBM1,P38405,0,0.22069253027439117
P62750,O76021,1,0.9394460916519165
Q9UJY4,Q9UJY5,1,0.9020359516143799
P61224,P42336,1,0.3808358609676361
A4D1E9,P48764,0,0.11748301237821579
P11233,Q96A65,1,0.3803020119667053
Q9NR80,Q53H47,0,0.15660515427589417
Q8WXI9,Q86YP4,1,0.867378830909729
Q9UBG0,P22897,1,0.7054364085197449
Q86W26,Q9UN30,0,0.24271540343761444
A8MZA4,Q92520,0,0.11324357241392136
Q5XLA6,Q9BXN6,0,0.17968955636024475
Q9Y3D5,Q8IXM3,1,0.9500182271003723
Q96TC7,Q9H3Z7,0,0.2742551863193512
Q9Y5J6,P62072,1,0.9028422236442566
Q15269,Q5QJE6,1,0.6282600164413452
Q9HCE7,P61586,1,0.5267446637153625
Q9UKV0,Q9P278,0,0.4512084126472473
P61006,Q92930,1,0.8301585912704468
O43463,Q8TCB0,0,0.18644686043262482
Q96SE0,Q9Y257,0,0.2409161776304245
P55884,P62241,1,0.5064945816993713
P56385,Q9P0J0,1,0.9257497191429138
Q92540,Q9H346,0,0.11108851432800293
B4DJY2,P02654,0,0.1370144635438919
Q8NGS8,Q6IEE8,0,0.15671485662460327
Q92556,Q96BJ8,1,0.753250002861023
Q99942,Q9P2R6,0,0.2662722170352936
A0A2R8YED5,O14786,0,0.15332375466823578
Q9Y620,O15054,0,0.2495570331811905
Q9NZV8,Q9NZI2,1,0.2392132431268692
P15260,P01112,1,0.1813972443342209
P11712,P05181,1,0.910699188709259
Q8NGS6,Q9UKA9,0,0.09654829651117325
Q8N9L9,P51888,0,0.2176571637392044
Q9UJX4,P30260,1,0.44580215215682983
Q9H2C1,P25788,0,0.18251939117908478
Q9H343,Q9H341,1,0.7964117527008057
Q08477,Q96P15,0,0.32270029187202454
P28838,Q9NQW7,1,0.766067385673523
Q693B1,Q9UK55,0,0.13340337574481964
Q6NSI4,P51884,0,0.1527484804391861
P29692,P62829,1,0.7895321846008301
Q8IY81,Q9Y4C8,1,0.9346476197242737
O75636,Q92686,0,0.13622356951236725
P51692,P42229,1,0.9411236643791199
Q9NVV9,Q96EK4,1,0.3932727575302124
O75947,O14949,1,0.9376665949821472
O95619,Q92993,1,0.2396240383386612
Q53QW1,O95822,0,0.14226941764354706
Q8NGY5,P0C0S8,0,0.11247129738330841
O00244,O95382,0,0.44863367080688477
Q9GZU1,Q8TDD5,1,0.8818475008010864
Q9Y5J6,Q96SQ9,0,0.1577668935060501
P84022,Q96PU5,1,0.2462596446275711
Q16322,A6NET4,0,0.24410177767276764
P09669,Q9Y227,0,0.1648232787847519
P11234,P60763,1,0.8695988655090332
Q9Y221,Q9Y2P8,1,0.7448497414588928
Q9BX67,P57087,1,0.8922790288925171
Q09470,Q14722,1,0.20255662500858307
Q13303,Q09470,1,0.29304423928260803
Q9NR80,P60953,1,0.24245457351207733
Q96JJ3,Q9P2L0,1,0.5253431797027588
P40938,Q14444,0,0.5929981470108032
Q9NRX2,A0A0A6YYL6,1,0.9602420330047607
O00566,Q9NV31,1,0.9121552109718323
Q9H205,P30519,0,0.2485772967338562
Q86U44,Q7RTT5,0,0.1523597240447998
Q9H1H1,O43424,0,0.11195198446512222
Q8NGD5,O75952,0,0.13939878344535828
P19087,P62879,1,0.22986188530921936
Q9BVS4,P08865,1,0.6348037719726562
O14949,Q9P0J0,1,0.9273079633712769
Q8N0S6,Q9BS16,1,0.6059377193450928
P43235,P07711,1,0.8755180239677429
P0C0S8,Q9NQR1,1,0.5325630307197571
Q76G19,P0C7T3,0,0.13598006963729858
Q8TDD5,Q8IZK6,1,0.8884232044219971
P09960,Q86YP4,0,0.13008324801921844
P49327,Q9BQM9,0,0.12060064822435379
Q9Y5Y5,Q14142,0,0.13558928668498993
Q8NGT2,P62166,0,0.15085722506046295
Q4G0X9,Q6AZZ1,0,0.1511431485414505
Q15326,Q7Z589,1,0.7896155118942261
O15360,Q8IUW5,0,0.10917946696281433
P51636,P0DP23,1,0.5732754468917847
P38117,P20813,0,0.18976980447769165
O95347,Q86XI2,1,0.6252191066741943
Q6ZRI6,Q9NW82,0,0.16971154510974884
Q9Y5L3,Q01085,0,0.14725597202777863
P15153,Q8NFA2,1,0.1617632657289505
Q8WYQ9,Q96EN9,0,0.143264502286911
Q9NY15,P84157,0,0.1707700788974762
Q99685,P49821,1,0.26529526710510254
P10632,P33261,1,0.922469437122345
Q9GZN2,Q86UX2,0,0.13313893973827362
P01116,P27482,1,0.14012053608894348
P42224,Q8TCB0,1,0.16647720336914062
Q96SB4,Q9UGF6,0,0.1221783384680748
Q8NI35,Q8IUS5,0,0.1401512175798416
P51911,Q96GE6,1,0.21596738696098328
P42336,Q15303,1,0.6505768299102783
Q15049,Q9UIG0,0,0.09562796354293823
O14775,P50148,1,0.22585348784923553
Q9H270,A0A1W2PPH5,0,0.5335853695869446
P46781,O95478,1,0.9628684520721436
O43463,Q8TBE0,1,0.40020373463630676
P01031,P01024,1,0.866060197353363
Q9Y221,Q8TEA1,1,0.36912280321121216
Q7Z7C8,P49848,1,0.7570043802261353
Q9UI30,Q58A45,0,0.32741737365722656
Q08477,A6NDB9,0,0.1514686793088913
P09914,Q5T764,1,0.833008885383606
P05177,Q6V0L0,1,0.7527650594711304
Q8WYA6,O43660,1,0.8391992449760437
Q15544,Q14722,0,0.14839576184749603
Q86US8,Q92540,1,0.5647903084754944
Q9UPW6,Q6UWF7,0,0.1346132606267929
Q14765,P42224,1,0.8873059153556824
P21860,P27986,1,0.6296684741973877
Q96BM0,Q96PC3,0,0.14092740416526794
P23528,Q9UBX5,0,0.17769306898117065
P28838,Q96LZ3,0,0.17236174643039703
P84022,Q99717,1,0.8237968683242798
Q9UJA5,Q8IY81,1,0.6737594604492188
O75379,O43493,1,0.14970631897449493
Q9UNT1,P52961,0,0.11164601892232895
P29372,Q9NQR9,0,0.13856148719787598
Q96BH3,Q9Y272,0,0.15751250088214874
Q7Z2W9,Q8IXM3,1,0.9502524137496948
P84022,P46531,1,0.1558561772108078
Q9NR71,O00391,0,0.20091810822486877
P14314,O95918,0,0.19002145528793335
P30953,Q9Y2P8,0,0.10613030940294266
Q96GD0,P58173,0,0.1294422745704651
Q9NZ72,Q96BJ8,0,0.18280814588069916
P46781,A0A0A6YYL6,1,0.948270857334137
Q4VC05,Q8IZY2,0,0.13469082117080688
Q9HAU4,Q9H334,0,0.3698846399784088
P59991,P37840,0,0.1281774789094925
Q9HBZ2,P27540,1,0.8016403913497925
Q7Z7M1,Q9Y6B6,0,0.12044583261013031
O75964,P09669,1,0.9245575070381165
Q7Z2W9,P61011,1,0.8826401233673096
P35250,O14581,0,0.10288460552692413
Q96J88,Q8TCB0,1,0.20669683814048767
A6NFY4,O76001,0,0.1646050065755844
A0A087WVF3,Q8N0Y3,0,0.18829016387462616
O95661,Q96A32,0,0.1772814691066742
P61006,P62820,1,0.7597304582595825
A6NFQ7,Q9BZE2,0,0.12659718096256256
Q9ULW5,P40199,0,0.16429194808006287
O75131,P10632,0,0.2529287338256836
Q9NYB9,Q8WUW1,1,0.32733359932899475
O43676,Q8WVV5,0,0.14587761461734772
Q8WVC0,Q15369,1,0.18369697034358978
Q99578,Q8WVC0,0,0.18124982714653015
Q9Y3T9,Q8IY81,1,0.9270655512809753
Q9H469,O15442,0,0.4698047339916229
Q8WUZ0,Q92925,1,0.1789170503616333
Q8IU99,Q14722,0,0.12605926394462585
Q8IVV2,Q8NH09,0,0.1399070769548416
Q96NC0,Q9Y333,1,0.7504535913467407
Q6XPR3,Q9Y530,0,0.14012792706489563
Q9UBS5,Q8TCG1,0,0.195394828915596
Q13099,A0AVF1,1,0.7007309198379517
O00566,P46781,1,0.9271312952041626
Q7L804,P0C7X1,0,0.15462544560432434
Q8IYK2,P82914,1,0.15960191190242767
Q6P597,Q9H0B6,1,0.8720818161964417
Q96KP1,P12081,0,0.15993665158748627
Q8NGN6,Q8IZD6,0,0.14671462774276733
Q7Z444,P63098,0,0.15726611018180847
O75251,Q9P0J0,1,0.894016444683075
Q8IVH2,O00481,0,0.22581690549850464
O15265,P01583,0,0.18080294132232666
Q5T8A7,P62750,1,0.2445916086435318
P42336,P01112,1,0.4131852388381958
A6NFA1,Q9NYN1,0,0.12068477272987366
P01584,P01023,1,0.38529810309410095
O95926,Q9UJY1,0,0.12514245510101318
Q8N6L7,P28838,0,0.16103388369083405
Q08477,P51589,1,0.8856680989265442
Q9UBS5,P63096,1,0.7139638066291809
O15090,Q8N0S6,0,0.13690505921840668
O95183,O43490,0,0.2884019911289215
Q01449,O75116,1,0.1928141713142395
P62879,P45954,0,0.15804238617420197
Q92796,P78352,1,0.922333836555481
P10916,P05976,1,0.34735381603240967
Q6VUC0,P24903,0,0.12392619997262955
P57052,Q5VZ66,0,0.13902103900909424
Q8N998,P01591,0,0.35633423924446106
P46781,P62829,1,0.9469994306564331
Q16718,Q9P0J0,1,0.9137620329856873
Q01064,Q9UIJ7,1,0.7392356991767883
Q9BUK6,O95154,0,0.17009806632995605
P42336,P48736,1,0.9116506576538086
Q8WUG5,Q07444,0,0.15230989456176758
O00329,P48736,1,0.8722399473190308
Q4U2R6,Q9NYK5,1,0.9181391596794128
P07711,P61026,0,0.1440301537513733
Q14137,O76021,1,0.8935548663139343
P15153,Q08752,0,0.4335266351699829
O43670,Q8N465,0,0.2348865419626236
Q03113,Q5T5P2,0,0.5383188724517822
Q14814,Q02078,1,0.8598925471305847
Q53QW1,Q9H346,0,0.14170442521572113
Q9Y6K5,Q00978,1,0.19273506104946136
P26718,Q15762,1,0.47139590978622437
P08865,Q8TCJ2,0,0.22249387204647064
Q9UKV0,Q02078,1,0.6040374636650085
P24534,P08865,1,0.9391141533851624
O75695,Q8NGE3,0,0.13464918732643127
Q8NH00,Q6P996,0,0.15079618990421295
A6NF89,P20336,0,0.11041877418756485
Q14137,Q9GZR7,1,0.8645884394645691
P20815,P33260,1,0.8884345889091492
Q15326,Q07973,0,0.13109523057937622
Q93038,O14977,0,0.11758974939584732
Q9NW13,Q9NVF9,0,0.12601083517074585
Q8WUI4,Q02078,1,0.24697178602218628
F8WCM5,P25789,0,0.1285986453294754
Q9NW13,O15213,1,0.9414134621620178
Q99741,Q96A57,0,0.15426279604434967
Q9UL26,Q96L33,0,0.22270332276821136
P47928,Q9NWH9,0,0.20799988508224487
Q8WTR4,A0A1W2PPW3,0,0.11442086100578308
Q9H0B8,P98187,0,0.14477549493312836
P46531,Q9H0T7,0,0.13718192279338837
Q15181,Q4KMP7,0,0.17268215119838715
P46199,Q7Z2W9,1,0.937562108039856
Q9NR63,Q6L8G5,0,0.11806511133909225
Q00403,Q53EU6,0,0.12673893570899963
Q6AI12,Q13231,0,0.14203399419784546
Q14055,P0CI26,0,0.15536563098430634
Q9Y5L3,P49961,1,0.8709020018577576
Q8NGA6,O43488,0,0.1596023142337799
O00764,P13667,0,0.5077491998672485
Q6L8G5,P16410,0,0.1149267852306366
Q6UXG8,Q8NDY8,0,0.25304311513900757
Q4U2R6,Q9Y3D5,1,0.9533281326293945
Q8NGS3,A0A1W2PR48,0,0.11748445779085159
Q9H2U2,Q9H008,1,0.44289055466651917
Q8WYQ9,P61165,0,0.18514463305473328
Q9UQL6,Q9Y333,0,0.41944727301597595
P52948,P12270,1,0.2559400796890259
Q6UXD7,Q8N5W8,0,0.14319771528244019
P11712,P07099,1,0.48623666167259216
P32320,Q8TCB7,0,0.5302761197090149
P62330,Q9ULH1,1,0.2561432123184204
Q6UWS5,Q8N960,0,0.1457410454750061
P0C0S5,Q9UBV8,0,0.1440453976392746
O96000,P03901,1,0.8681535124778748
Q9BUA6,Q13464,1,0.18645520508289337
Q8WUM0,Q99567,1,0.7059018015861511
Q02556,Q9NQW7,0,0.17672611773014069
O00566,Q5QJE6,1,0.5093254446983337
Q9BQE9,Q4VC05,1,0.8702461123466492
P62879,Q6L8H4,0,0.13352414965629578
Q9NR63,P11509,1,0.77677321434021
P16219,Q92947,1,0.9199637770652771
O75251,O75380,1,0.9036824107170105
P42336,P29350,1,0.7122209668159485
P20815,P11712,1,0.8855464458465576
Q8TD86,P02686,1,0.15810996294021606
Q92561,Q6UX41,0,0.1511852741241455
P10916,P12829,1,0.2380480170249939
Q15181,O43150,0,0.15796460211277008
B8ZZ87,Q96RT8,1,0.17139627039432526
Q8N5W8,Q8IXX5,0,0.13791874051094055
Q96AQ8,Q03252,0,0.20382072031497955
Q9UGL9,Q9BU19,0,0.1580599695444107
P16219,Q9UKU7,1,0.9361270070075989
O43448,P22459,1,0.17191176116466522
Q93086,P51575,1,0.7856665849685669
Q86XP1,Q9BSY9,0,0.5245290398597717
Q9H0M0,Q92985,0,0.7103021144866943
Q96PC3,P56377,1,0.9279820919036865
Q8WUZ0,Q4VC05,1,0.15303805470466614
Q13363,O75362,1,0.1638086587190628
Q96GD0,Q9NVS9,1,0.2309403419494629
Q6IF42,Q8NG92,0,0.896233081817627
O00329,P15498,1,0.4007057249546051
Q8IZK6,Q8NGQ6,0,0.16252385079860687
Q8IYK2,P62750,1,0.17096248269081116
P14598,Q8NFA2,1,0.5278065204620361
P48047,Q15238,0,0.14476028084754944
Q96BW5,Q9ULL0,0,0.12786756455898285
Q12852,A6NIJ9,0,0.1449054330587387
O14896,Q92748,0,0.1795753836631775
P42081,P16410,1,0.8719046115875244
Q8N4L2,Q13613,1,0.2541806697845459
P24844,Q13464,1,0.2626606225967407
P61371,Q86U70,1,0.693828284740448
Q6STE5,Q15532,1,0.5415871739387512
Q9NPF2,Q9NRB3,1,0.8536120653152466
Q6K0P9,Q08752,0,0.13383744657039642
Q9UNN8,P07204,1,0.16054996848106384
P11509,Q5TCH4,1,0.8963589072227478
O43439,Q15653,0,0.30865785479545593
Q8N6V4,P58170,0,0.10036644339561462
A1A5D9,Q9Y399,0,0.13195006549358368
P36639,Q9Y5X0,0,0.14043806493282318
P0CI26,Q2VYF4,0,0.1303454041481018
Q5XX13,Q9H341,0,0.12512320280075073
Q15269,O76021,1,0.826443076133728
Q06455,P49715,1,0.5734541416168213
Q6P1X5,Q13889,1,0.6171789765357971
Q8TCS8,P20671,0,0.3306919038295746
Q86XL3,Q96L94,0,0.1371304988861084
Q00978,P05161,1,0.4199484884738922
P55884,O00303,1,0.6553840637207031
P62273,P62241,1,0.9466130137443542
Q16777,Q92993,1,0.4510827958583832
Q9Y3C7,Q9P086,1,0.40593990683555603
Q4U2R6,Q9BYD3,1,0.954383134841919
O75116,Q96A32,1,0.19493089616298676
Q5R3K3,Q96A47,0,0.11508045345544815
P05177,P08684,1,0.890744149684906
P0CG32,P27144,0,0.1323184221982956
Q5QGZ9,P08590,0,0.15801121294498444
P26440,P18085,0,0.1430554836988449
O43175,P52735,0,0.2014234960079193
O14949,P09669,1,0.941372275352478
P55060,P51665,0,0.5460368990898132
P51665,P54578,1,0.19921353459358215
O60404,Q6DHY5,0,0.1917858123779297
Q9NXV6,A6NEM1,0,0.10706765204668045
Q8NGB6,Q15126,0,0.1247565820813179
O75157,Q8NH85,0,0.13697543740272522
Q9H1Q7,A0MZ66,0,0.13845232129096985
Q03113,P61586,1,0.4844623804092407
Q16478,P39086,1,0.9229916930198669
P52630,P42224,1,0.573837399482727
O00180,O95069,1,0.40108659863471985
Q92618,P13686,0,0.1393234133720398
Q8N6T3,P84077,1,0.46074074506759644
P25788,Q5MJ68,0,0.14042532444000244
P28827,O00327,0,0.3016849458217621
O75636,Q15485,1,0.8095377087593079
P53990,Q9NW13,0,0.15894509851932526
Q6P1L5,Q8WVM0,0,0.1418166309595108
A6NJI1,A8MYV0,0,0.132116436958313
P48736,P63096,1,0.8632609844207764
P56373,Q99571,1,0.8001030087471008
Q16760,Q8IUZ0,0,0.1565079689025879
P17081,Q00587,1,0.1556818187236786
Q6P499,P43378,0,0.1756906360387802
O94887,P62834,1,0.14645691215991974
A1A5C7,Q9Y587,0,0.11539505422115326
P36956,O95477,1,0.15691886842250824
P11509,P10635,1,0.8700720071792603
O75355,P31350,1,0.3446473777294159
P52735,Q06124,1,0.8473738431930542
Q9Y3T9,O76021,1,0.9356563091278076
Q9NYR9,Q14653,0,0.3692127466201782
Q8N349,A6NGC4,0,0.3790479600429535
Q9NQR1,Q15118,0,0.20642630755901337
Q96A47,Q86U70,1,0.5498802065849304
Q969Q5,Q8NGT2,0,0.10662303864955902
Q8N815,Q9HCN8,0,0.11728620529174805
Q96EK7,Q9UM19,0,0.12024763226509094
O75355,Q99575,0,0.11289171129465103
Q8TAE7,Q96GE4,0,0.15201042592525482
Q13946,Q15788,0,0.13286025822162628
P20340,P82094,1,0.3819206655025482
Q8NG85,P14314,0,0.19131749868392944
Q9BXL5,Q8IZP1,0,0.127298966050148
Q15345,Q99442,0,0.17132706940174103
Q1L6U9,P56385,0,0.1341545581817627
P35250,P35251,1,0.8925778269767761
Q9Y3D6,Q9BXM7,1,0.1743200123310089
Q96EB6,Q9ULC0,0,0.18916265666484833
O75528,P49848,1,0.8722288012504578
Q9NRJ4,P78406,0,0.4371773898601532
O75970,Q9HAY6,0,0.18882235884666443
Q6IS24,P62745,0,0.1383177936077118
Q13606,Q12798,0,0.1650535762310028
Q8N7A1,Q15369,1,0.7187484502792358
P01583,P01584,1,0.8525412678718567
O00459,Q9Y6W8,1,0.44170305132865906
P05093,P05181,1,0.8348247408866882
Q9Y2W7,Q9NZV8,1,0.18799413740634918
P58004,Q96S15,1,0.23125143349170685
P50479,Q9H344,0,0.12399745732545853
Q8NGZ9,Q14624,0,0.3406485915184021
P50402,Q8IYJ1,0,0.2466401904821396
Q96TA2,Q96DL1,0,0.1673344373703003
P20813,P51589,1,0.9008313417434692
Q9P0P8,Q9H334,0,0.1529301553964615
O00566,P62241,1,0.8943997025489807
Q9UQK1,Q9H7J1,1,0.34024637937545776
Q9NZP5,Q96AJ9,0,0.1191476583480835
Q9NRX2,Q8IYK2,1,0.1480000913143158
P01833,P20337,1,0.12785278260707855
P60371,Q8NGH3,0,0.13060812652111053
P53567,Q96R30,0,0.11215467005968094
P05113,P01583,1,0.4213310480117798
O15528,Q6VVX0,1,0.8686415553092957
P10301,P61586,1,0.7091678380966187
P49327,P36956,1,0.1417933851480484
P60900,O14818,1,0.9347419738769531
Q86U28,P49715,0,0.16744540631771088
Q8NGG0,Q9NSC7,0,0.33139893412590027
O14879,Q00978,1,0.16381068527698517
Q13009,P62834,1,0.1564008742570877
P01111,O95872,0,0.6343699097633362
P32320,P04183,1,0.33480218052864075
P11464,Q16557,1,0.8850201964378357
Q01064,P27482,1,0.24636618793010712
Q9NP62,O75603,1,0.6377224922180176
Q6JQN1,P29144,0,0.5969027280807495
Q86YW7,Q8NGY3,0,0.1904701292514801
Q9GZM6,P61225,0,0.11017117649316788
P51170,Q96PU5,1,0.19082918763160706
O75081,Q86U70,1,0.6860294938087463
Q9UPT8,Q92520,0,0.16248546540737152
Q9HCM9,Q9BQI9,0,0.16960224509239197
P19387,Q13889,1,0.7189096808433533
O43174,P04798,1,0.833162248134613
P20815,P07099,1,0.6817885041236877
Q16842,A4GXA9,0,0.10238726437091827
Q9NY12,Q86XI6,0,0.12231168895959854
Q04760,Q96RD3,0,0.13889281451702118
O96000,O43677,1,0.877346932888031
P19438,Q9H0F6,1,0.20003379881381989
Q96JJ3,P84095,1,0.41275283694267273
Q9BYJ4,Q4W4Y0,0,0.2665897011756897
O60841,P62241,1,0.8562019467353821
P48547,Q9NZI2,1,0.3093431293964386
Q15126,Q14534,0,0.22650779783725739
P46781,O00303,1,0.7171169519424438
Q8NH19,Q13231,0,0.23665021359920502
P0DP23,O43303,1,0.18649938702583313
Q8TDR0,A0AVF1,1,0.4001370370388031
Q86WA6,P54277,0,0.13203005492687225
O95159,Q5TCH4,0,0.1257796585559845
O75177,Q8TEW6,0,0.21083255112171173
Q96FC9,P57078,0,0.20245011150836945
Q15382,Q13541,1,0.796038031578064
Q7Z6J8,Q9BUB7,0,0.12656578421592712
P36405,Q9H7J1,0,0.1202816516160965
P49753,Q8N9L9,1,0.8581740260124207
Q8TBY8,A6NL08,0,0.12081443518400192
Q9BTC0,Q96L46,0,0.1129264235496521
Q8N474,Q8WVM0,0,0.15552976727485657
Q9P2L0,A0AVF1,1,0.4897472858428955
Q13485,Q9HCE7,1,0.39606770873069763
Q13231,Q9BZP6,1,0.8932766318321228
Q5VWG9,P49848,1,0.7545521259307861
Q9UJY1,Q12988,1,0.4999494254589081
P0DO97,P84157,0,0.16724103689193726
P08865,P62857,1,0.9417821168899536
Q12770,P36956,1,0.16987325251102448
Q8TCB0,P09914,1,0.3137586712837219
Q13227,P0C7H8,0,0.1790727972984314
Q13753,Q9UMD9,1,0.5518776178359985
O96000,P56556,1,0.9137006402015686
Q12959,P42261,1,0.46693384647369385
P11509,Q6V0L0,1,0.5804668664932251
P25786,O75603,0,0.1980324536561966
Q9UHQ1,P01008,0,0.21113494038581848
Q9NZT1,Q96GE6,1,0.40491676330566406
Q8N5L8,Q9BUL9,1,0.7782513499259949
Q15836,Q9UEU0,1,0.8872871398925781
Q9Y6Q9,Q15788,1,0.8555727601051331
O43516,Q8NF50,1,0.3003171980381012
Q13424,Q9NY99,1,0.6080188155174255
O60664,Q8NGJ8,0,0.1603628545999527
P0DP23,P01111,1,0.1526782363653183
Q96BQ1,Q86VW1,0,0.21854576468467712
Q6ZVC0,A8MVA2,0,0.11685910820960999
P57735,Q7L804,1,0.12960809469223022
Q96GA3,P62857,1,0.8594080209732056
P19474,P04626,1,0.17638644576072693
Q16082,Q9H1H1,0,0.11763298511505127
Q9NS56,Q8IUE6,0,0.865797221660614
Q63HM9,P46199,0,0.12084487080574036
Q92925,Q8WTU0,0,0.6160867810249329
Q5TBB1,Q8NGN1,0,0.1159299835562706
P62491,P61006,1,0.8286951780319214
Q68CP9,Q15532,1,0.45889824628829956
P03901,O43677,1,0.9420996904373169
P49767,Q9Y6H1,0,0.36817336082458496
Q96HF1,Q9P203,0,0.23479683697223663
Q7Z449,P33261,1,0.8722045421600342
P10301,P42338,1,0.26788070797920227
Q14140,Q92543,0,0.18289358913898468
Q8IYK2,P62829,1,0.17093726992607117
P56975,O43818,0,0.13794423639774323
Q8NHC7,Q8NG85,0,0.8771231770515442
Q96SB4,Q6NT16,0,0.14257872104644775
P11712,P24462,1,0.8848642706871033
P41250,Q8WXS5,0,0.1443866491317749
Q9H0Y0,Q12816,0,0.2229984849691391
P11926,P52788,1,0.8628922700881958
P01008,P02671,1,0.49244225025177
P37088,Q96PU5,1,0.25394007563591003
O75081,O43679,1,0.7581491470336914
Q15286,P51589,0,0.11434175074100494
O00757,P06744,1,0.47999364137649536
O75899,P08754,1,0.7070515155792236
A6NFA1,Q96BQ3,0,0.11392276734113693
P02489,B8ZZ87,0,0.13298636674880981
P09237,P35625,1,0.2311822474002838
P35237,Q96L46,0,0.2018459588289261
Q86YQ8,Q01826,0,0.3110577464103699
Q5VZ52,Q92187,0,0.1299390196800232
P23246,Q9UKA9,1,0.8925032615661621
Q9Y4L5,Q6IEZ7,0,0.1264982521533966
P52630,Q92985,1,0.37018856406211853
P37837,P08237,1,0.7125641703605652
Q86TX2,Q96QD9,0,0.12695258855819702
P01111,P08754,1,0.4542078971862793
Q9HCL2,Q3LIE5,1,0.23813645541667938
Q4U2R6,Q9BZE1,1,0.9099826812744141
Q9BQE9,O95477,0,0.18416622281074524
P62070,P48736,1,0.2735006511211395
P25098,P62873,1,0.21088914573192596
Q96G23,Q9NR71,1,0.823771059513092
P48169,O14764,1,0.7652688026428223
Q8NGS0,O60496,0,0.14240054786205292
Q9NZT1,O75096,0,0.1518363356590271
P10747,P42081,1,0.8916468024253845
O75899,P14867,1,0.8369457721710205
Q96AY2,A4GXA9,1,0.6110287308692932
Q15544,Q9Y2E8,0,0.12300166487693787
Q13480,P00533,1,0.939272403717041
P58005,P16389,0,0.25624167919158936
P54868,Q9BYC2,1,0.8910794854164124
Q9Y6C9,Q8N813,0,0.13461196422576904
P47870,P28472,1,0.9143959283828735
O43439,O75081,1,0.7934731841087341
P49441,Q9H792,0,0.15905994176864624
O15503,P36956,1,0.13294711709022522
P01583,A6NJW4,0,0.3188241422176361
Q13753,P55268,1,0.8482813239097595
Q15612,Q8NG97,0,0.882240355014801
O75380,O43677,1,0.924379289150238
A8MXZ3,Q9NSA2,0,0.1277710646390915
Q9UKW4,P60953,1,0.40937408804893494
Q99622,Q86U17,0,0.15253028273582458
P48058,P42263,1,0.9368464946746826
Q9NR80,Q96N96,1,0.8753068447113037
Q9BYD3,A6NCI8,0,0.14068761467933655
A4D161,A4GXA9,0,0.26363593339920044
P61020,O95760,0,0.15247619152069092
Q9BVS4,P46781,1,0.6713950634002686
Q8IUH4,Q9P1Z3,0,0.20079773664474487
Q6NT76,A6NI03,0,0.14990058541297913
Q6P1X5,O95049,0,0.21904835104942322
Q8NHZ8,A0A096LPK9,0,0.08897686004638672
Q9H9J2,Q9NRX2,1,0.9397792816162109
O15182,Q01064,0,0.28290924429893494
Q8NGX0,Q8WVV5,0,0.18353034555912018
O00220,Q9UBN6,1,0.889747679233551
Q9UM47,O00308,1,0.2977445125579834
O15371,P62857,1,0.8497301340103149
P0C7T8,P51575,0,0.22637224197387695
P40763,Q9P0J0,1,0.13670022785663605
Q6IF42,Q9H672,0,0.11757795512676239
Q96N96,P78363,0,0.2781457006931305
O14949,Q16718,1,0.9220313429832458
Q9BUL9,O95707,1,0.27241528034210205
P58182,P14598,0,0.130086287856102
P62273,P61011,1,0.8587313890457153
O14775,P63096,1,0.29685142636299133
P42336,Q06124,1,0.7438265681266785
Q9H4K7,Q6NT16,0,0.12655645608901978
Q5XLA6,P57730,1,0.866887092590332
Q9NR63,P11712,1,0.7563303112983704
P02750,Q6P4F7,0,0.14316970109939575
P24844,P14649,1,0.59915691614151
Q8NGK3,Q8NEX6,0,0.18014495074748993
Q6ZWE6,Q6NXS1,0,0.22454853355884552
Q8NGH3,Q96DL1,0,0.22260300815105438
O75052,O15466,0,0.12635599076747894
P58004,Q9Y6P5,1,0.7235464453697205
Q13636,Q9NSU2,0,0.16859064996242523
Q96DP5,Q96GW9,1,0.6643677949905396
Q86YD1,Q92737,0,0.15794624388217926
P78563,P30408,0,0.12409213930368423
P19087,Q6NT52,0,0.2692736089229584
Q9Y6P5,P58005,1,0.8236299157142639
Q16478,Q13002,1,0.9278790950775146
Q13363,Q9Y617,1,0.8731917142868042
Q5T890,Q9C0I9,0,0.14674298465251923
P20813,P33261,1,0.913497269153595
Q13503,Q00403,1,0.4031679332256317
P17676,P53567,1,0.447491317987442
Q9UGK8,Q15796,0,0.34770306944847107
P19387,Q9NV31,1,0.8849421143531799
P54578,Q14142,1,0.17230676114559174
P01116,P01111,1,0.9045556783676147
O00212,P0DP23,0,0.1379469633102417
Q6PJ69,Q86VM9,0,0.15706640481948853
Q96GW9,Q9NSE4,1,0.8877896666526794
P14598,P19320,1,0.4652771055698395
Q9UM22,Q96R45,0,0.27164649963378906
Q9UBR4,Q96Q05,0,0.14488694071769714
Q96F44,Q8IXM6,0,0.12111545354127884
Q96FG2,Q9HAU4,0,0.15880271792411804
Q15269,Q9Y3T9,1,0.8340513110160828
Q9Y272,P04899,1,0.4511696398258209
P42261,P42263,1,0.9407415986061096
Q15181,P55822,0,0.37828806042671204
Q8N0X7,Q9H0M0,1,0.3002170920372009
Q8WUW1,Q6ZMT9,0,0.2488100528717041
Q8N7M0,Q14088,0,0.21387934684753418
P46781,P61011,1,0.8065573573112488
Q92616,Q8IVF5,0,0.12128783017396927
P0CI25,P0C0P6,0,0.14249922335147858
Q96L33,Q9NY99,0,0.13258999586105347
P16219,Q15326,0,0.1515749841928482
O15432,Q8TD86,0,0.297889769077301
P55263,O75425,0,0.159556582570076
Q96N96,P60953,1,0.27191466093063354
Q9NZT1,P54750,1,0.16917917132377625
P18859,Q16718,1,0.9297741055488586
P36954,O43513,1,0.8801299333572388
Q9Y689,Q86XT4,0,0.17185959219932556
Q8N6Q1,P42658,0,0.13016241788864136
Q92993,P16104,1,0.4955263137817383
Q5MJ68,P28330,0,0.11680132895708084
Q9NP72,O00116,0,0.13788914680480957
O75690,Q68D91,0,0.13692529499530792
Q8NGH9,Q96LT6,0,0.11481274664402008
P42224,Q9Y6X2,1,0.3037378489971161
O15371,P46781,1,0.9202750325202942
Q96QF0,Q96SL1,0,0.1537589430809021
Q9P1V8,Q8N4K4,0,0.16155970096588135
Q9Y2L5,P48553,1,0.8805297613143921
O95273,A4D0S4,0,0.18863800168037415
O75871,Q8IW75,0,0.15854012966156006
P78329,P09960,1,0.4702889919281006
Q9BUL9,Q99575,1,0.28348466753959656
Q96S15,Q96R47,0,0.11998361349105835
O43439,Q6ZSC3,0,0.1916995644569397
P62750,P62857,1,0.9424917101860046
O60844,P26374,0,0.13010218739509583
Q7RTP0,Q08334,0,0.1256614625453949
P42336,P21860,1,0.44388502836227417
Q56P42,Q9H3M0,0,0.15190039575099945
Q86UT5,P0C5Y9,0,0.10827825963497162
Q9Y5U4,P36956,1,0.12218689918518066
Q01064,P54750,1,0.9181294441223145
O14807,P27986,1,0.5036793947219849
P19387,Q7Z2W9,1,0.8908511400222778
Q5JTZ9,P49588,1,0.889666736125946
P60900,O75970,0,0.3597222864627838
Q9Y585,Q9NSA2,0,0.15235409140586853
A0A3B3IT33,Q9UGF7,0,0.1211872547864914
P62273,P62750,1,0.9672616124153137
P11712,P20813,1,0.9081724286079407
Q8IUA0,Q6P047,0,0.13140618801116943
P13164,Q00978,1,0.11354351788759232
O14713,A0A3B3ITR4,1,0.23604601621627808
P10155,Q07864,0,0.550136923789978
P62308,O43660,1,0.9000216722488403
Q7Z589,Q717R9,0,0.14247742295265198
Q6ZTI6,Q5JVL4,0,0.15600436925888062
Q02078,Q9UPI3,0,0.13453377783298492
Q9Y5J9,A8MUX0,0,0.15217910706996918
Q9UJX4,P35227,1,0.34499427676200867
P28330,P16219,1,0.9272154569625854
P24534,P29692,1,0.8734462857246399
Q9GZM6,P05111,0,0.14173506200313568
P41159,P05019,1,0.3420553505420685
P09471,P08754,1,0.9413279294967651
Q96HD1,P86496,0,0.1640954613685608
Q8N9F7,Q6UWR7,1,0.5086911916732788
P22557,Q9BYQ7,0,0.1435747742652893
O96000,O43676,1,0.9185982346534729
P52735,P60953,1,0.38322967290878296
P60981,Q149M9,0,0.19305451214313507
Q8NGA8,Q8IU60,0,0.10782002657651901
P62273,Q96EH5,1,0.96035236120224
Q9P1V8,P13521,0,0.5931299924850464
Q8NG77,O95870,0,0.24839060008525848
Q9H0R4,Q8NGY5,0,0.1416667401790619
Q9UHL9,P78347,1,0.6499837636947632
Q15269,Q8IY81,1,0.8177898526191711
O75916,P62873,1,0.15680092573165894
Q9UJA5,Q9UBQ6,0,0.1236623153090477
O43513,P18074,1,0.8314642310142517
Q9Y6W8,P27986,1,0.4291093647480011
P05423,O15318,1,0.9124579429626465
Q9H1M0,Q8NGM1,0,0.10061962902545929
Q9C0I9,P18440,0,0.10521067678928375
P21810,Q06828,1,0.9211024641990662
Q9Y239,Q92974,1,0.19689978659152985
Q9NQZ2,P62857,1,0.7941238284111023
Q14055,Q15622,0,0.1441788375377655
P20813,P04798,1,0.8581768274307251
Q9Y5X2,Q8WXU2,0,0.15556791424751282
P16520,P54750,1,0.15982310473918915
Q99581,Q13410,0,0.21461765468120575
Q9NYN1,P41217,0,0.1259889304637909
Q13099,Q9BW83,1,0.3044154942035675
Q53G44,Q16384,0,0.23431745171546936
P48169,P18507,1,0.8826220035552979
P06744,P08237,1,0.8503209352493286
O00602,Q8N807,0,0.16216595470905304
Q9UJ42,Q8IW75,0,0.2741704285144806
P40261,Q9H8M7,0,0.23792307078838348
O60431,P33681,0,0.20212943851947784
Q9BZ29,P60953,1,0.8130591511726379
Q9NRF2,Q9UQQ2,1,0.8193601965904236
Q6PIZ9,Q9C035,1,0.21673902869224548
Q9Y5U2,Q9Y312,1,0.33085253834724426
O75762,Q9H6L2,0,0.21962317824363708
Q7Z2W9,O60783,1,0.9540529847145081
Q8WXI8,O75751,0,0.16451044380664825
Q15648,P05412,1,0.4825620949268341
Q9Y305,Q8IYD2,0,0.14235785603523254
Q9Y221,P62829,1,0.7449666857719421
Q9Y3C7,Q9ULK4,1,0.32724687457084656
Q9Y2Y1,Q9BT43,1,0.6529461145401001
Q8N1C3,P17900,0,0.17104724049568176
Q9Y6W8,P16410,1,0.8602150082588196
Q86XR7,A0A0G2JNH3,0,0.13420557975769043
Q13395,Q8WTR4,0,0.1364244967699051
Q9NY12,O60832,1,0.9127775430679321
Q96J94,Q9BXT4,1,0.2535516619682312
Q13227,Q9ULI2,0,0.16695770621299744
Q9NWW7,Q9UBQ6,0,0.100908562541008
Q6P1X5,P61018,0,0.20921927690505981
P62306,Q96NC0,1,0.8748660683631897
Q9HB15,Q5T3F8,0,0.2657426595687866
Q99685,P56556,1,0.13112202286720276
Q9Y2P8,P62857,1,0.8018128275871277
Q5T6C5,Q8TDM0,0,0.1398463249206543
O75355,Q8WVQ1,1,0.39164647459983826
Q8WV60,Q6ZS30,0,0.19259239733219147
O75838,Q9BQ61,0,0.14774495363235474
P42336,P00533,1,0.550652265548706
P62312,P62308,1,0.9281114339828491
P80188,Q6UXM1,0,0.18595223128795624
Q15118,Q15119,1,0.9217921495437622
Q9BUE6,Q86U28,1,0.9181758761405945
P60660,P60953,1,0.5709829330444336
Q96N03,Q15637,0,0.16234929859638214
O15033,Q9NQZ7,0,0.17722107470035553
Q9Y6K5,Q92985,1,0.19016702473163605
Q9BSU3,P41227,1,0.9189079999923706
O75116,O14950,1,0.20864874124526978
Q86XI2,P54819,0,0.18046444654464722
O94955,Q8NGB6,0,0.11464378237724304
O75251,Q99685,1,0.1685473918914795
Q9BXY0,Q8TEA1,1,0.25625333189964294
P25788,P28066,1,0.9297036528587341
Q9BVV8,Q8N5U6,0,0.11686244606971741
Q9GZN2,O95382,0,0.15126797556877136
Q7Z7C8,Q13889,1,0.8175888657569885
Q9Y6N6,Q58F21,0,0.12316208332777023
P20336,P63027,1,0.2393212616443634
P01116,P0DP23,1,0.15166158974170685
Q9HCL2,Q86UL3,1,0.644088864326477
P56385,O14949,1,0.9380440711975098
P41236,Q9HBI6,0,0.12294556945562363
P35250,P40938,1,0.914109468460083
Q9Y620,Q6NUJ5,0,0.21379202604293823
P08910,Q6ZMT9,0,0.12998154759407043
P05452,Q86TX2,0,0.1926073580980301
Q16478,Q13003,1,0.9338191151618958
P02774,Q92805,0,0.1651366502046585
P61019,A0A1W2PP81,0,0.8011906743049622
Q9UJ42,Q9NZM5,0,0.09003140777349472
Q9UNL4,Q4KWH8,0,0.17103411257266998
Q15648,P62829,1,0.34150373935699463
Q9BSF0,P40818,0,0.14267383515834808
P49588,Q6DHY5,0,0.12328937649726868
Q9BXC9,Q96QF0,1,0.30442264676094055
Q5JTZ9,Q9NSE4,1,0.8591784834861755
Q8NGQ3,Q9H0F7,0,0.1144460141658783
Q03252,P02545,1,0.921512246131897
P10515,Q96I99,1,0.9090256690979004
Q9BZ71,Q9UN88,0,0.1368250697851181
P29372,Q9ULK2,0,0.30712080001831055
Q03468,Q15369,1,0.2775123715400696
P36871,Q8NBQ7,0,0.14206692576408386
Q9NXK8,Q8NG94,0,0.12505465745925903
Q9BQI4,Q8N6Q3,0,0.1743002086877823
O43174,P10632,1,0.7045164704322815
Q13425,Q13884,1,0.7216325998306274
Q8NGE8,Q8NGG7,0,0.8821319341659546
Q8IWT3,Q9UQL6,0,0.5228819251060486
P27540,Q8N1B3,0,0.30127912759780884
P11509,P18440,1,0.3640199899673462
Q9NSC7,Q10471,1,0.7951040267944336
O14746,P01106,1,0.26567342877388
Q96SQ9,P07099,1,0.6973745226860046
Q13009,P61586,1,0.23992443084716797
Q7Z401,Q96GW9,0,0.18596842885017395
P07942,Q9Y6N6,1,0.7869953513145447
Q8TC29,Q5JST6,1,0.42195823788642883
Q12805,Q5EB52,0,0.14191724359989166
O95619,Q9HAF1,1,0.36903220415115356
P23416,P05113,0,0.16582101583480835
Q9H0U4,P62820,1,0.8495813012123108
Q52LG2,Q15819,0,0.13077694177627563
Q8NG94,Q15124,0,0.16296997666358948
Q9H346,Q9H341,1,0.8547965884208679
Q9NYK5,Q8IXM3,1,0.93221515417099
Q96GA3,O43709,1,0.8946791291236877
Q96DX5,Q9C0F0,0,0.170437291264534
P42336,P50148,1,0.794824481010437
O96000,P09669,1,0.9211767911911011
P62745,Q9P260,0,0.498409628868103
Q92748,Q9ULX5,0,0.1843821257352829
O14976,O95013,0,0.1229608952999115
O00329,P01112,1,0.25682419538497925
Q9HAU4,P84022,1,0.23197655379772186
Q13231,O15442,0,0.17572113871574402
P00533,P21583,1,0.35958582162857056
P53370,Q13438,0,0.14488434791564941
P58181,Q9NW82,0,0.1005026251077652
P46781,O60783,1,0.8987324833869934
Q6IFN5,P48167,0,0.19089220464229584
Q14D33,Q07444,0,0.15349993109703064
Q6P4E1,Q9H3Z7,0,0.15576115250587463
Q9HA82,Q6ZMG9,1,0.906998336315155
Q8WV60,Q7Z589,0,0.19075363874435425
Q9H346,Q9H343,1,0.8307178616523743
P23434,Q92187,0,0.15731064975261688
Q96T49,Q8NFD2,0,0.1749645322561264
P10632,P04798,1,0.8149884939193726
O75838,Q8TDI8,1,0.2960151731967926
Q96SL4,O75715,1,0.7208893299102783
Q6PIL6,Q9NS61,1,0.7583185434341431
Q9NR63,P10632,1,0.7580509781837463
P36954,Q8WX92,1,0.28678786754608154
Q14003,Q15126,0,0.19298429787158966
Q6P1X5,P18074,1,0.7864870429039001
Q9P2S2,Q6UXC1,0,0.23073965311050415
Q9UBS9,Q15700,0,0.31956952810287476
P04908,P0C0S8,1,0.9492377042770386
P62891,P61011,1,0.8916181921958923
Q9H668,Q9H672,0,0.42320480942726135
Q9NRM7,Q86T13,0,0.20407049357891083
Q96RT8,Q5JPH6,0,0.23481746017932892
Q13424,Q6P1L5,0,0.1706775277853012
Q9UMS6,Q9H082,0,0.1572187840938568
O75251,Q5TEU4,1,0.9187852144241333
Q9BXY0,P62750,1,0.937877893447876
Q01064,Q8N1B3,0,0.1362113505601883
Q7Z6R9,P14621,0,0.23029550909996033
P13727,P20339,0,0.117176853120327
Q96G23,Q6ZMG9,1,0.9120393991470337
P62070,Q13009,1,0.17841652035713196
Q96EY8,Q8NH54,0,0.24485529959201813
P38405,Q6ZWL3,0,0.18292666971683502
Q8NHC5,O15554,0,0.19640983641147614
Q86V81,O15442,0,0.22043456137180328
P60981,Q9Y281,1,0.41134530305862427
Q9H008,Q63HM9,0,0.26802313327789307
P62891,A0A0A6YYL6,1,0.9650163054466248
Q08334,Q8WY98,0,0.11695969849824905
Q2VPJ9,Q96M69,0,0.23191946744918823
P56524,P84022,1,0.2829171419143677
P61006,Q96DA2,1,0.7964338064193726
P0CI25,P0CI26,1,0.8639264106750488
Q96R69,Q8IX12,0,0.1110241562128067
P57772,P62829,1,0.849218487739563
Q7Z2W9,Q9H4K7,1,0.8824047446250916
Q13438,Q9Y259,0,0.197770357131958
Q9BQA1,P62306,1,0.6058688759803772
O75355,Q9UIJ7,1,0.2103375345468521
P37287,O75131,0,0.39547598361968994
O00180,P60411,0,0.11009029299020767
Q14739,Q13480,0,0.162440225481987
Q96BS2,Q9NS39,0,0.14314386248588562
P16520,P04899,1,0.22008763253688812
P01148,P01225,1,0.8625279664993286
P38405,P62873,1,0.19310599565505981
P15907,Q96A70,0,0.16809654235839844
Q96JJ3,Q92556,1,0.9131032228469849
P22001,Q14722,1,0.1467611938714981
Q8NG94,P58004,0,0.161912739276886
Q9BXN2,Q9HB15,0,0.13624128699302673
Q6NXT1,O43766,1,0.1351810097694397
Q7LG56,O75356,1,0.36078211665153503
Q9P2E8,Q8IVF5,0,0.2259667068719864
Q9H008,Q15181,1,0.7244428992271423
Q6UXG8,Q96LT6,0,0.11528483033180237
O15213,Q5QJE6,1,0.3819311857223511
P49848,Q8NEM7,1,0.42816081643104553
P09326,A6NNE9,0,0.3230178952217102
Q14722,Q8WVI0,0,0.23489664494991302
Q9NRI5,Q15907,0,0.2022978663444519
Q07864,Q5BKX5,0,0.16745568811893463
P11233,P11234,1,0.9172301292419434
Q99571,Q9NRZ9,0,0.10767648369073868
Q9Y2P8,O76021,1,0.6141111850738525
P10301,P62070,1,0.7152698636054993
Q9Y239,Q13009,0,0.177801251411438
Q14534,Q86SR1,0,0.18186083436012268
Q30KQ8,P42338,0,0.14180824160575867
Q9UG63,Q9Y6F6,0,0.1659536361694336
O43676,P56556,1,0.931308925151825
O15530,P27986,1,0.7617340087890625
O43684,O43670,1,0.8578810691833496
P30626,P49810,1,0.17965930700302124
Q8NGA8,Q9UBR2,0,0.1916918009519577
O43148,Q9NQ92,0,0.16333751380443573
Q02078,Q14393,0,0.14349038898944855
O15287,O15360,1,0.19900432229042053
Q9H3M0,Q8N5B7,0,0.2822597920894623
Q07627,O60220,0,0.13871516287326813
Q9Y2P8,P62241,1,0.6486852169036865
P25788,P54578,1,0.21348600089550018
Q9BT43,O15318,1,0.9515407085418701
A8MTJ3,P54750,1,0.29666322469711304
Q9NSE4,Q5JPH6,1,0.7427985668182373
P58005,Q9H0N5,0,0.5801007747650146
Q8IUC8,O43679,0,0.1343705803155899
Q8TDY4,A2AJT9,0,0.11442700773477554
Q9UBG0,O14896,0,0.23164646327495575
P84074,Q9UNT1,0,0.12724007666110992
Q16842,Q8NET5,0,0.1382530778646469
P11245,P11509,1,0.35541877150535583
Q9NQZ2,Q86U38,1,0.8343146443367004
O43543,O95433,0,0.17280004918575287
Q9C0D3,Q9BQ90,1,0.7273338437080383
P42166,Q5T890,0,0.7173919081687927
Q8IVS8,Q9UMX1,0,0.3309623897075653
Q6ZVW7,P11712,0,0.11403121054172516
Q13724,O14713,0,0.13269878923892975
P51692,P42224,1,0.9196209907531738
O75762,Q9P278,0,0.27406856417655945
O15530,O00329,1,0.34725722670555115
Q13480,O75116,1,0.37501630187034607
P15153,O00329,1,0.3014566898345947
Q9NXR7,P35226,1,0.39199987053871155
Q8IVH4,Q9BUJ0,0,0.13915343582630157
P05177,P18440,1,0.617425799369812
P21860,Q14451,1,0.7488444447517395
Q8IU89,Q8NG83,0,0.47904789447784424
Q6IF00,Q9H340,0,0.7670358419418335
Q53R12,Q96IK0,0,0.2295537292957306
O75116,P61586,1,0.4575392007827759
Q96EH5,P62829,1,0.9612357020378113
Q13829,Q9Y217,0,0.13655637204647064
Q13606,Q96LI9,0,0.12882931530475616
Q5W0V3,O95382,0,0.19824394583702087
L0R819,O14524,0,0.15701548755168915
Q8IV35,O75830,1,0.11088621616363525
Q15269,P46781,1,0.861900806427002
P01112,Q96GE6,1,0.16187065839767456
Q8N815,P49715,0,0.19402562081813812
Q04721,P11086,0,0.13720975816249847
P51692,P42226,1,0.9084883332252502
Q9H9J2,P46199,1,0.9240238070487976
O43174,Q4G0S4,1,0.840557873249054
P13196,O95870,0,0.37895479798316956
Q9GZM6,Q9NQQ7,0,0.16376301646232605
O60841,P62857,1,0.9239645004272461
Q9NVT9,Q8N6G5,0,0.15844042599201202
Q15120,Q96A49,0,0.3193938732147217
Q9NZB8,Q96QF0,0,0.181472048163414
Q9H1M0,Q8N2W9,0,0.2484581023454666
Q9NQZ2,Q15269,1,0.7965589165687561
Q8NH80,Q92993,0,0.12114822864532471
Q96PU5,Q9C0I9,0,0.15898145735263824
Q96LT6,Q67FW5,0,0.2593282163143158
P56545,Q9Y617,1,0.8445523381233215
Q13438,P01009,1,0.43193453550338745
O95251,Q8WYH8,1,0.6230555772781372
P62491,Q96QF0,1,0.2707120478153229
O75177,Q96GM5,1,0.4665430784225464
P0CG37,P61129,0,0.14480988681316376
Q8TCC7,Q3SXP7,0,0.15388663113117218
Q6IF82,O43677,0,0.1353209763765335
P54277,Q8N6L1,0,0.32559117674827576
Q7Z417,Q8NGY0,0,0.12386167794466019
Q8N1B3,Q15011,0,0.6975951790809631
Q9NQZ2,Q5QJE6,1,0.3591333031654358
P13726,P01008,1,0.3016887605190277
Q8IXF9,O15265,0,0.106749527156353
Q8IZU3,P60409,0,0.11522302776575089
Q68CP9,O14594,0,0.14670220017433167
Q9P2Y5,Q96JG8,0,0.24046005308628082
P58180,Q15287,0,0.11870810389518738
P17405,Q6ZMG9,1,0.5998064875602722
Q7Z2W9,Q9Y399,1,0.9260956645011902
Q9UJ37,O14966,0,0.11592894047498703
P16104,P35225,0,0.18701422214508057
P51636,O15442,0,0.14784857630729675
A0A0A6YYG9,P25098,0,0.22792822122573853
P19387,Q9NRX2,1,0.8853843212127686
Q02556,P42224,1,0.5643907189369202
Q99653,Q9NT62,0,0.13949833810329437
Q96A73,Q96A70,0,0.11678163707256317
Q96SL4,Q8TED1,1,0.7206847071647644
Q9BYC2,Q8IVM8,0,0.1461554765701294
Q92993,A0PJX0,0,0.16244691610336304
O00459,P62834,1,0.2964235842227936
O95562,Q7Z4R8,0,0.18010269105434418
P04156,Q9UK61,0,0.16900116205215454
P27986,P60953,1,0.7622066736221313
Q8NGV6,P12872,0,0.3627265691757202
Q9UJY4,Q9NZ52,1,0.892058789730072
Q15544,Q9Y2K5,0,0.360077828168869
P36954,Q7Z7C8,1,0.8250874280929565
P27986,P49715,0,0.38064008951187134
Q7Z2W4,Q14258,1,0.22142183780670166
O43543,Q9HAF1,0,0.3393659293651581
Q6PI98,Q9Y6Y1,0,0.2787013053894043
P19438,P01584,1,0.9137171506881714
O14977,Q9Y5X2,0,0.13587331771850586
Q96NC0,P62312,1,0.8471219539642334
P42226,P35225,1,0.36840176582336426
P61586,P60953,1,0.9381678104400635
O15287,P05181,1,0.16131913661956787
Q8NDV7,Q8IXX5,0,0.23173080384731293
Q9Y239,Q13496,0,0.3564440608024597
Q13485,Q9HAF1,0,0.1876360923051834
P02686,Q15653,0,0.1539222151041031
O75689,Q8IXN7,0,0.2862364947795868
Q9NRX2,Q8IXM3,1,0.9534096121788025
O43490,P49184,0,0.14963720738887787
P51636,P27482,1,0.4796221852302551
P24588,P78352,1,0.22631368041038513
Q9HBH0,O95050,0,0.14229556918144226
P05549,Q96JG8,0,0.16650334000587463
P19387,Q13503,1,0.5432379245758057
P42658,Q9NZI2,1,0.20976515114307404
Q99576,Q16621,0,0.13682466745376587
Q8N4L2,Q86T03,1,0.8660412430763245
O75379,Q9UEU0,1,0.8703007698059082
O43513,Q00403,1,0.9323442578315735
Q8IZS8,Q8TDI8,0,0.3981776833534241
O95069,Q8NGW1,0,0.18485894799232483
P01023,P01008,1,0.43598175048828125
P19387,Q7Z7C8,1,0.7177433967590332
O00591,P62829,0,0.14236435294151306
P40763,P84022,1,0.2350650131702423
O60741,Q9P1Z3,1,0.8983832597732544
P33260,P04798,1,0.8461186289787292
Q8WXI8,Q6EIG7,1,0.8983794450759888
Q92973,O43175,1,0.25187742710113525
Q8NAP1,Q9H672,0,0.45888927578926086
P18858,Q9C005,0,0.2355174869298935
Q9UJX4,Q9UM13,1,0.38674360513687134
Q9NV31,Q9Y2P8,1,0.5590037703514099
Q9BYJ4,Q11203,0,0.13070672750473022
P20815,P11511,1,0.8395233750343323
P62750,O76094,1,0.9383831024169922
Q08477,Q15796,0,0.1260053962469101
P27540,P04798,1,0.13424742221832275
Q8NGR5,Q8NGR2,1,0.8883936405181885
P35626,Q15700,0,0.6362994313240051
P01116,Q96GE6,1,0.15234503149986267
O75528,Q9Y6W8,0,0.13548544049263
P22459,Q12959,1,0.43369877338409424
Q96QE3,P35249,1,0.6030217409133911
P42336,P04899,1,0.8907968401908875
P24462,P05177,1,0.8814775943756104
O75964,O14949,1,0.9452236890792847
Q16842,Q11201,1,0.8673219680786133
P29992,Q8NGA8,0,0.13598768413066864
Q9Y6Y1,Q8NGP8,0,0.11261765658855438
P63098,Q96LZ3,1,0.8800603747367859
Q9H341,Q96SL1,0,0.14354781806468964
P05412,Q92985,1,0.5599694848060608
Q9UHL9,O15090,0,0.36842209100723267
Q567U6,Q86VE9,0,0.11777205020189285
Q04721,P46531,1,0.9113932847976685
Q14534,E9PRG8,0,0.15265819430351257
Q2VPK5,Q7LG56,0,0.46073079109191895
Q16718,O43677,1,0.919041097164154
Q16718,P09669,1,0.9126089215278625
P07225,P0C0L4,1,0.7703952789306641
A6NGB9,O43516,1,0.8992075324058533
Q9H2X6,Q5JRA6,0,0.175912007689476
Q15648,Q9Y6Q9,1,0.7541627883911133
Q6ZMT9,P61129,0,0.1353112757205963
Q96S15,Q7Z2T5,0,0.5683186054229736
Q86VW0,Q9NRR1,0,0.15435054898262024
Q9H6Q4,Q6FI81,1,0.32977309823036194
P78310,Q9GZK3,0,0.15432463586330414
P86496,P16870,0,0.15636508166790009
P51148,P84074,0,0.1352628916501999
P09496,P53680,1,0.7344659566879272
P07585,Q15303,1,0.8867843151092529
Q9GZU1,Q96DF8,0,0.13640005886554718
O75356,Q5MY95,1,0.8030783534049988
A6NHA9,A0A1W2PR64,0,0.11204550415277481
Q9Y3D5,Q9NYK5,1,0.9025027751922607
P01584,P05412,1,0.3108232617378235
Q9UBR2,Q8N807,0,0.1849433183670044
P10632,O75715,1,0.23087546229362488
Q6DHY5,Q96EH5,0,0.10571954399347305
Q15238,Q09470,0,0.19847075641155243
Q6PD74,P39086,0,0.12783248722553253
Q8N201,Q6W3E5,0,0.11111610382795334
P0C0S8,Q6FI13,1,0.9486519694328308
Q9NSC7,Q8N3T1,1,0.6688485741615295
Q8NHB7,Q9NUC0,0,0.11868645250797272
Q8NHA4,Q8NG95,0,0.8874009847640991
Q9NP56,P55263,1,0.7185071110725403
P63098,P19634,1,0.220976784825325
P20815,P08684,1,0.9151496887207031
P39086,Q13003,1,0.9239242076873779
Q15796,P84022,1,0.6840829849243164
A4D0S4,Q9HCM9,0,0.17915497720241547
Q08AI8,P13164,0,0.13159894943237305
O96000,Q16718,1,0.8943108320236206
P55884,P08865,1,0.77336585521698
Q7L804,P11509,0,0.12068968266248703
P40763,P52630,1,0.6150650382041931
O75251,A0A3B3ISG8,1,0.6959578990936279
Q16099,Q93070,0,0.31951913237571716
Q13464,O14950,1,0.2675073742866516
P31350,Q5MY95,1,0.557582676410675
P61019,P62241,0,0.38438504934310913
Q9BSE4,P36954,0,0.7278112173080444
O15530,Q86WX3,0,0.14118081331253052
O15213,P62241,1,0.929327666759491
Q9BQE9,Q15532,1,0.6258569359779358
Q9C0D3,Q15369,1,0.5067836046218872
Q8NGH9,Q9H0F7,0,0.11030972748994827
Q9NX62,P49441,1,0.3740018904209137
Q9P260,A6NHG9,0,0.10323778539896011
P24046,A8MPY1,1,0.902914822101593
P20700,Q14739,1,0.164335235953331
P13686,P43235,1,0.3664494454860687
O14949,P18859,1,0.9474263787269592
Q9Y267,O75052,0,0.14848265051841736
Q8TAL6,P62308,0,0.13179801404476166
A0A3B3IT33,Q8NGJ9,0,0.12019440531730652
Q6P9A2,Q96AQ6,0,0.2997787892818451
Q9P2F8,P62834,1,0.26663947105407715
P18859,H7C0C1,1,0.8208318948745728
Q15836,Q96AJ9,1,0.8550241589546204
Q96N67,P60953,1,0.7119421362876892
Q8NGI4,Q8WW33,0,0.0975903570652008
Q8N6N2,Q86WU2,0,0.1256803423166275
Q12891,O14492,0,0.16638872027397156
P50148,P01111,1,0.3450186550617218
Q53G44,P05161,1,0.5616970658302307
Q9UJY1,Q9UBY9,1,0.6884554028511047
Q9UK55,Q9Y6J9,0,0.11902475357055664
Q96QV6,Q8WW52,0,0.12656593322753906
Q9NW13,Q8IY81,1,0.9413933157920837
Q9UL26,Q13636,1,0.8507581353187561
Q96QE3,P40937,1,0.7414727807044983
Q15118,Q12988,0,0.19641909003257751
P10747,P27986,1,0.5577041506767273
A6NGY5,Q8N0Y3,0,0.6492298245429993
Q96I36,P84022,0,0.1139223650097847
Q9BXS0,Q9UPN7,0,0.2608048915863037
Q08334,P42224,1,0.7064770460128784
P57730,Q07157,0,0.18220488727092743
Q5SXH7,Q8NGS8,0,0.16379719972610474
Q96T55,P05412,0,0.1272120177745819
Q8NGL0,Q9H765,0,0.11608333140611649
P49961,Q9UIJ7,1,0.33637669682502747
A0A0B4J2F0,Q9H095,0,0.1338091939687729
P39086,P78352,1,0.39571255445480347
O75947,Q9P0J0,1,0.9453086256980896
P28472,O14764,1,0.712499737739563
Q5VIR6,P42336,0,0.32163068652153015
Q8NGL1,P19474,0,0.1424141675233841
Q8WXK4,O60741,0,0.12448456883430481
P0DP23,P02686,1,0.1554509401321411
A0A1B0GVY4,Q92618,0,0.14478665590286255
P07585,P21860,1,0.8174989819526672
O00459,Q15303,1,0.8561148643493652
P24046,Q9Y2Y1,0,0.12709395587444305
P19387,P62829,1,0.9378618597984314
Q9Y3D5,Q7Z2W9,1,0.948072612285614
Q96CE8,Q6ZTI6,0,0.13173234462738037
Q9NSK0,Q7L8J4,0,0.7937526106834412
Q16777,Q6FI13,1,0.9467884302139282
P18859,P56556,1,0.9366240501403809
Q8WU66,Q15262,0,0.3495462238788605
Q9H2S9,P15498,0,0.241880401968956
P61966,Q96PC3,1,0.9134212732315063
Q9UPQ4,Q8NI35,0,0.14382202923297882
Q155Q3,Q9NRI5,1,0.2178976684808731
Q9BZE2,Q5BKX5,0,0.17955495417118073
Q9NWU2,Q9H7D7,1,0.8788204789161682
Q8NGL0,Q9UNN8,0,0.2118394672870636
Q9P253,Q96AJ9,1,0.6702279448509216
Q92520,Q96HD1,0,0.2512913942337036
O00459,O00329,1,0.5386741161346436
Q3LIE5,Q96N03,0,0.12952052056789398
Q9UL26,Q96PP4,0,0.14726705849170685
A6NDB9,Q96IZ6,0,0.14254121482372284
P07585,P00533,1,0.8639787435531616
Q92874,Q9UL68,0,0.2700975835323334
Q16082,P02511,1,0.2652764320373535
P17676,P49715,1,0.8223100304603577
P0C0L4,P08686,1,0.1687527894973755
O75380,P49821,1,0.5344741344451904
O43818,Q14137,1,0.9092177152633667
Q9NSC7,Q6IS24,1,0.7939444780349731
O14775,P04899,1,0.31501710414886475
Q8IW75,Q9H7E9,0,0.12187804281711578
Q9P2F8,A2RU48,0,0.1496410369873047
Q9H4L7,Q6UXC1,0,0.1051778793334961
Q96R28,Q8WZ33,0,0.13190467655658722
Q8IYK2,O60783,1,0.16269737482070923
Q96RD6,O14558,0,0.25288155674934387
Q6ZN16,Q8NEX6,0,0.13936498761177063
A0PJX2,O60284,0,0.23215100169181824
P01583,Q6NW34,0,0.3099592924118042
Q6YHK3,Q19AV6,0,0.13414345681667328
Q02928,P33261,1,0.9075542092323303
O60911,Q86U17,0,0.21601589024066925
P05093,P04798,1,0.854158878326416
O75409,Q58WW2,0,0.4532219171524048
P21860,P56975,1,0.44040265679359436
Q8NGC1,P0CG36,0,0.15351441502571106
Q8NGL6,Q6IFG1,0,0.8265495300292969
Q9UQK1,Q86XI6,1,0.8383758068084717
P84077,P49590,0,0.1686689406633377
Q9NV31,Q14137,1,0.8731958866119385
P09913,P32929,0,0.15217800438404083
Q9H672,Q01538,0,0.3756546080112457
Q8N608,Q07065,0,0.2294445037841797
P10515,Q15120,1,0.7927685976028442
Q96Q77,Q8IVS8,0,0.1579919308423996
Q96Q06,Q96F44,0,0.22984686493873596
Q9UMX1,Q8IY26,0,0.1634954810142517
Q92556,Q9P2L0,1,0.4302302300930023
Q14002,Q86V87,0,0.13840778172016144
Q9NSC7,Q8N4A0,1,0.8030383586883545
O14744,Q9Y3D5,0,0.219003826379776
Q96FC9,P49715,0,0.18286409974098206
Q12770,Q12772,1,0.16789813339710236
P48547,Q9Y2W7,1,0.24318166077136993
O94886,Q9NRB3,0,0.12769602239131927
Q92610,Q06455,0,0.7834675312042236
Q08477,Q7Z449,1,0.8791148662567139
Q2NL68,Q8WTV1,0,0.1722666323184967
Q15369,Q7Z2E3,0,0.2177485078573227
A0AVK6,Q96AV8,1,0.7638698816299438
P63000,P15498,1,0.329997718334198
Q53S08,P63027,0,0.24676287174224854
Q9UFW8,P41134,0,0.20160657167434692
Q8NA47,P22459,0,0.14141304790973663
P60763,Q8TCU6,1,0.31210431456565857
Q3V6T2,P08754,1,0.2979520261287689
Q13480,P04626,1,0.904847264289856
Q9UIG0,Q9UM47,0,0.10448363423347473
Q8TCB0,O14879,1,0.49159306287765503
Q15286,Q6P3S1,1,0.1660996973514557
P10916,O75116,1,0.18930181860923767
P61513,P62857,1,0.9290603995323181
P26717,Q07444,1,0.8909813165664673
Q6STE5,Q6ZMU5,0,0.17447544634342194
Q16777,P0C0S8,1,0.9478881359100342
P00414,P09669,1,0.23679247498512268
Q9Y5L3,Q9UIJ7,1,0.31758952140808105
Q16777,P35226,1,0.8445271253585815
Q9Y5L4,Q8N4Q1,1,0.2204216569662094
P01112,P27986,1,0.5194604992866516
Q5JT25,P23528,0,0.17355091869831085
O75528,Q7Z6J8,0,0.24012336134910583
O75355,P49961,1,0.8706188797950745
P62745,Q13464,1,0.4589526951313019
Q96QE3,P35251,1,0.6208889484405518
Q8NGN0,Q155Q3,0,0.1335059553384781
P22460,P16389,1,0.8411851525306702
Q99795,Q8NGP9,0,0.1402842253446579
P11245,Q8NH16,0,0.1452096849679947
Q5JTJ3,P09669,1,0.8886500597000122
Q9HBL0,O75603,0,0.20184504985809326
P19634,Q9Y3N9,0,0.1575399935245514
Q9Y2D4,Q9BYQ4,0,0.11755967140197754
P0CG37,Q969P0,0,0.3461093604564667
P04908,Q9NQR1,1,0.5436327457427979
Q9H9A7,Q9Y2K5,0,0.34165456891059875
Q9NYB9,Q8IZP0,1,0.9201188683509827
Q9Y4F1,Q9NP64,0,0.10936964303255081
Q6DHY5,P13727,0,0.171387180685997
P01116,P27986,1,0.4269881844520569
Q8NH59,Q9H341,1,0.8163711428642273
P51149,Q96AH8,1,0.7136022448539734
Q3LI83,P20813,0,0.1134350374341011
P07306,P07307,1,0.8430678844451904
Q9H2U2,Q2VYF4,0,0.1431741863489151
Q02535,Q9BYR2,0,0.15176589787006378
Q4W4Y0,Q92540,0,0.14820750057697296
P40763,P17676,1,0.5047560334205627
Q8NGU4,Q96JM4,0,0.11458256095647812
O14746,Q9H611,1,0.4942592978477478
P29558,Q12815,0,0.15235286951065063
Q53HL2,Q9P258,1,0.246007040143013
P18505,P28472,1,0.916732132434845
Q5JTD7,A0A3B3ITR4,0,0.2030414491891861
P54868,Q0JRZ9,0,0.1421733945608139
Q6PIZ9,Q9C030,1,0.2340228408575058
Q68CP9,Q96GM5,1,0.7848781943321228
P20813,P10632,1,0.9118949174880981
Q96A65,Q00587,0,0.12409184128046036
Q53QW1,O14531,0,0.1475839465856552
Q9H2U2,Q15181,1,0.7603561282157898
Q9BSQ5,A0A3B3ITR4,1,0.20694053173065186
P01024,Q9H2A9,0,0.2275446653366089
P14649,O14950,1,0.6752643585205078
Q9NSA2,Q9NZI2,1,0.23366016149520874
P25789,Q8NGK1,0,0.11346429586410522
P13667,Q96J87,0,0.15993431210517883
P18507,O75340,0,0.22100737690925598
Q9HAU4,Q9HCE7,1,0.8569648861885071
Q86VZ4,Q92925,0,0.12541675567626953
Q00887,Q16557,1,0.886942982673645
Q9ULK4,Q00403,1,0.5127426385879517
Q96CG3,Q9NY99,0,0.14519202709197998
Q14449,Q6UX40,0,0.18141943216323853
P62745,Q15669,1,0.5470881462097168
Q9NW13,P57087,0,0.09916958212852478
Q9BWG6,Q8NG84,0,0.09615909308195114
Q96EB6,P40261,1,0.16590766608715057
Q99685,Q16718,1,0.16105887293815613
Q14739,Q15392,1,0.7726826071739197
Q5U5X8,Q8WZ19,0,0.18536710739135742
Q8WW34,Q9ULL0,0,0.12525998055934906
A6NMS3,A6NH00,0,0.8936256766319275
Q4G0T1,P05937,0,0.1479654461145401
H7C0C1,Q7Z4Y8,1,0.6687553524971008
Q8NGX5,P60370,0,0.1161675974726677
Q5T9C2,Q02556,0,0.17839880287647247
Q96A32,Q13464,1,0.24575026333332062
P11712,Q5TCH4,1,0.906646192073822
Q6IS24,Q9H446,0,0.11058966815471649
O15205,Q6VUC0,0,0.2844027280807495
Q9H9J2,P82650,1,0.6878820657730103
P78363,P55268,0,0.1574469655752182
Q8IVH2,O15409,1,0.8317632079124451
Q9BYD3,Q5T8A7,1,0.15739980340003967
P49716,Q92879,1,0.38514092564582825
Q9BYD3,O60783,1,0.9588841199874878
Q96HF1,Q8NH18,0,0.1458539068698883
P84022,O15198,1,0.7218377590179443
P61586,P10911,1,0.27486732602119446
Q9H9J2,Q7Z2W9,1,0.930728018283844
Q99471,Q3LIE5,0,0.17987540364265442
O14879,P09913,1,0.7335909605026245
P62879,P04899,1,0.23142623901367188
P51149,Q9BQS8,1,0.20520798861980438
Q14749,Q5KSL6,0,0.17297111451625824
P17658,Q13303,1,0.21108484268188477
P35626,Q12986,0,0.20241345465183258
Q6IEZ7,Q7L7X3,0,0.12325453758239746
Q8N0X7,Q7Z5V6,0,0.1614101082086563
P62330,Q9NZ52,1,0.3785519003868103
Q8NHV4,O15090,0,0.16016040742397308
O00757,Q01813,1,0.6729185581207275
O95433,Q08752,1,0.2090073674917221
Q9BUA6,Q9BSQ5,0,0.1671203225851059
Q15269,Q14137,1,0.8927732110023499
Q6UXD7,Q8NGR2,0,0.153412327170372
Q8IU89,Q6UWV6,1,0.7521837949752808
Q9UNQ2,O43818,1,0.9186539649963379
Q6PML9,Q96AP7,0,0.1368090808391571
Q96SE0,Q3LI77,0,0.11126136034727097
P42226,P52630,1,0.5260083079338074
Q8N960,A0A1W2PRN6,0,0.3214392066001892
Q12772,P55822,0,0.1478235274553299
Q9UNT1,Q8NEU8,1,0.19404642283916473
P51168,P37088,1,0.787449836730957
Q7Z3S7,Q92925,0,0.14574439823627472
Q92973,O95373,1,0.8577131032943726
Q9HCN8,P16144,0,0.7324016690254211
P00533,P51692,1,0.8894945383071899
P21128,Q9UQQ2,0,0.20538826286792755
Q96QD9,Q86V81,1,0.7794525623321533
P52630,O75925,1,0.18665887415409088
P57678,P62308,1,0.1659504920244217
Q6IQ22,Q9HCJ0,0,0.14482060074806213
Q8NGH8,Q9Y305,0,0.18777033686637878
Q8IYM2,Q96DX5,0,0.19613364338874817
Q14684,O95478,1,0.7506657838821411
O60741,Q86UK0,0,0.7341881990432739
Q5JR98,Q8NH70,0,0.13594463467597961
P78329,Q5TCH4,1,0.8951427340507507
Q6ZP65,Q99795,0,0.37656572461128235
P22459,Q09470,1,0.8575244545936584
Q9NQ69,Q9BRB3,0,0.1265421062707901
Q86T13,Q149M9,0,0.12327346950769424
Q8IXM3,Q9BZE1,1,0.9077784419059753
Q9Y6Y9,P08571,1,0.2533586323261261
O60516,Q96HJ9,0,0.13679338991641998
Q9GZM6,A0A087WVF3,0,0.20019307732582092
Q8NGR4,Q96RD6,0,0.13876904547214508
P20700,P02545,1,0.9238595962524414
Q9Y617,O43175,1,0.9067914485931396
Q7L5N1,Q9UBW8,1,0.8515886664390564
P62826,Q8NHC5,0,0.10996528714895248
O00459,P63096,1,0.8775256276130676
Q567U6,P49257,0,0.18465794622898102
P50148,P25098,1,0.6200060248374939
Q01628,P05161,1,0.1357894092798233
Q96IU4,Q8NGK4,0,0.12859515845775604
Q9Y6Y8,Q99685,0,0.2309005707502365
P08134,Q14694,0,0.39734289050102234
O75038,A0A096LP01,0,0.16419143974781036
Q02928,P08684,1,0.8916011452674866
Q92974,P61586,1,0.2991103529930115
Q96BN6,P23515,0,0.2011650949716568
Q8NGH5,P48764,0,0.19187353551387787
P62760,Q8NH80,0,0.16542251408100128
Q9ULK0,O43516,0,0.3545159101486206
Q9BYN8,O95870,0,0.13910293579101562
Q8TCB6,O15360,0,0.10357122123241425
Q9NV31,Q7Z2W9,1,0.9263652563095093
P29508,Q99578,0,0.18950362503528595
Q8NGK6,O75052,0,0.138535737991333
Q9P1Z3,Q8NH53,0,0.22196386754512787
Q9NXV6,Q00587,0,0.1085512787103653
Q8WVC0,P28328,1,0.24052946269512177
Q96BQ3,P37287,0,0.12282729148864746
Q8NGA5,Q86XM0,0,0.16979128122329712
Q96D53,Q9NZP5,0,0.2618602216243744
P0DP23,P24588,1,0.17077185213565826
Q7L0Y3,P41217,0,0.10249991714954376
Q3I5F7,P62241,0,0.11660151928663254
Q96S15,P02549,0,0.1591295748949051
H7C241,O75602,0,0.13991792500019073
Q9NV31,O75177,0,0.17909707129001617
Q8NH72,Q3MJ13,0,0.10811880975961685
P84022,P05412,1,0.2938140034675598
P0DP23,O15554,1,0.23715530335903168
P24462,P10632,1,0.8873332142829895
P35575,P06744,1,0.4881341755390167
Q6IFN5,Q14694,0,0.11952565610408783
Q99727,P22460,0,0.3610556423664093
Q9Y5L4,Q9Y5J9,1,0.7154327630996704
O15360,Q96FI4,0,0.35344651341438293
Q16445,Q13325,0,0.15961061418056488
Q8NGC2,Q96KK4,0,0.8693186640739441
P48047,O75964,1,0.8852635025978088
Q6PIL6,Q02318,0,0.1927768886089325
Q13422,Q8TF61,0,0.42711248993873596
Q9NZV8,Q96GW9,0,0.1523214876651764
Q9H0N5,P20823,1,0.18464232981204987
P33261,P08684,1,0.8886572122573853
Q8NGN0,Q8NGP9,0,0.8978973031044006
A0A0A6YYG9,Q8N3T1,0,0.14686232805252075
P56373,O15547,1,0.7654211521148682
Q9BY78,P51159,0,0.19228757917881012
Q9Y3T9,Q14137,1,0.8740359544754028
O00566,Q9Y3T9,1,0.9116391539573669
P47887,Q8N554,0,0.12436404079198837
Q9BV40,Q9GZT6,0,0.818827748298645
P35237,Q8NDH3,0,0.4737054109573364
P61966,P26374,0,0.4427531659603119
Q16842,Q9UL68,0,0.27834978699684143
Q8IYK2,P62241,1,0.13275887072086334
Q6FI13,P35226,1,0.8366695642471313
P07585,Q06828,1,0.9181246161460876
P04908,Q93077,1,0.9498305320739746
Q12959,P78352,1,0.8705980181694031
P54819,A0A0U1RR32,0,0.16353683173656464
Q9Y6W8,P19438,0,0.6785603165626526
P11509,O60431,0,0.30693742632865906
P08754,P42338,1,0.8354629874229431
P62750,Q9NSA2,0,0.18173231184482574
Q8TD86,P37840,1,0.2317626029253006
O75116,Q02045,1,0.2069055140018463
P51636,P04156,1,0.3830547332763672
Q9BU20,Q15744,0,0.14010296761989594
Q9NWZ5,Q9Y227,1,0.41906988620758057
Q14624,O43766,0,0.1813964694738388
Q9HAV0,P09471,1,0.2780471742153168
Q8WYA6,Q96R45,0,0.1144724041223526
P80188,Q99442,0,0.1416947990655899
O00459,Q13480,1,0.8467257022857666
Q9H422,Q96NX9,0,0.4977084994316101
Q8WXI9,Q6P6B7,0,0.16358554363250732
Q8IYK2,Q8TDX6,0,0.1216292679309845
Q8NHC5,Q8WVI0,0,0.12599532306194305
P20042,P46781,1,0.9493314623832703
P01111,P63096,1,0.4239952862262726
Q96PL5,Q13485,0,0.15932630002498627
P19387,Q8WX92,1,0.40652868151664734
P60660,P19105,1,0.7211442589759827
Q92993,Q9H7Z6,1,0.7220709919929504
Q0IIM8,O75056,0,0.17401309311389923
Q99878,Q8NGG5,0,0.1098407730460167
Q96Q11,Q96N67,0,0.32848069071769714
P23528,P24844,0,0.30469560623168945
Q8WZ82,O75354,0,0.1532718539237976
Q14055,Q14050,1,0.5963955521583557
Q9H2A9,O95985,0,0.1311870515346527
Q13325,Q8WXG1,1,0.17714521288871765
P49961,O75354,1,0.8811129927635193
Q9NQZ2,P46781,1,0.93895024061203
P42224,P09914,1,0.20445296168327332
Q9Y2D4,Q8NGH8,0,0.11596819013357162
P17900,Q96N03,0,0.19888578355312347
Q8IZP0,P84077,1,0.5451033711433411
Q8IY81,P62829,1,0.8779009580612183
Q13087,Q9H2X6,0,0.13434576988220215
Q8NGV0,Q8NH87,0,0.8726931810379028
P48047,O75947,1,0.9525021314620972
P13284,P15260,0,0.13791623711585999
P26599,P84103,1,0.8053629994392395
P33681,Q9UJJ7,0,0.12209417670965195
P62891,P61513,1,0.9616691470146179
Q14534,Q14739,1,0.5322189927101135
Q8IWA6,P36404,0,0.2852911055088043
Q9ULK4,Q5T0D9,0,0.1424603909254074
Q9NSA2,Q6PIL6,1,0.18031102418899536
P13726,Q16384,0,0.12012703716754913
Q9NYB9,P60763,1,0.7576955556869507
P33261,Q5TCH4,1,0.9086671471595764
O14786,P49767,1,0.20971977710723877
Q8WUZ0,Q15532,1,0.3271023631095886
Q9UBW7,Q14684,0,0.4043310880661011
P61513,O60783,1,0.9412167072296143
Q9H6L5,Q14919,0,0.15148970484733582
O15371,P62241,1,0.9131478667259216
P22897,Q99727,0,0.2251858115196228
O75409,Q9GZZ7,0,0.08989780396223068
Q9UKT9,P35790,0,0.2372070699930191
Q6UWF7,Q8N9B8,0,0.1943969577550888
P16520,Q01064,1,0.16264989972114563
O14894,O95222,0,0.15128685534000397
Q9UNQ2,Q9BVS4,1,0.6577557325363159
Q16621,Q86U38,0,0.15198490023612976
P24588,P08910,0,0.12826181948184967
P00414,Q8NGF6,1,0.17075039446353912
Q9P253,P51151,1,0.3307109773159027
Q96QE3,O75943,1,0.7647597193717957
Q9Y534,Q92947,0,0.13292048871517181
Q8TCC7,Q9BS16,0,0.11413620412349701
P05549,Q9BSF0,0,0.16122554242610931
Q6PI77,Q96BH3,0,0.12126700580120087
P02489,Q9BPW5,0,0.1424826979637146
Q9Y6H1,O75915,0,0.18412940204143524
A6NIJ9,P56202,0,0.15781641006469727
P42229,Q15303,1,0.908862292766571
Q8WXG1,Q92985,1,0.209840789437294
P08754,P36405,0,0.22168008983135223
P49810,Q8NH73,0,0.1761179119348526
O95619,Q9NXR8,1,0.38211342692375183
P08237,O60888,0,0.5497154593467712
Q8IU60,Q8NDV7,1,0.4248669743537903
Q9H2C5,Q13606,0,0.7387378811836243
Q9H4X1,Q8NGS4,0,0.12439027428627014
P28330,P45954,1,0.9298143982887268
Q96R69,Q6P2P2,0,0.11681637912988663
P10632,Q5TCH4,1,0.9078831672668457
Q9NRR6,Q86T03,1,0.4244062006473541
Q9UJY5,Q9NZ52,1,0.9093676209449768
P47870,P18505,1,0.9138570427894592
Q12800,O76099,0,0.12016969919204712
Q6K0P9,Q9NSE4,0,0.11649557948112488
Q16842,P60660,0,0.13640975952148438
P20813,Q5TCH4,1,0.9030397534370422
Q6UXD7,C9JXX5,0,0.13816753029823303
Q9BYR4,P49590,0,0.11969681829214096
Q9UKP3,Q15417,0,0.32737720012664795
P61587,Q5TGY1,0,0.18169498443603516
Q86VW1,Q7Z4Y8,0,0.12471488863229752
P82914,P20853,0,0.13039706647396088
P46781,P62273,1,0.9554045796394348
Q9P0J0,P09669,1,0.9402056336402893
Q96GM5,Q96SQ9,0,0.12417981028556824
P60412,P60409,1,0.6223701238632202
P09669,P56556,1,0.9429925680160522
O00244,P02585,0,0.19370101392269135
O00170,Q63ZE4,0,0.15299709141254425
Q9BY78,Q8NGF9,0,0.13496176898479462
P33261,P05181,1,0.9085420966148376
P82650,Q6ZVC0,0,0.1196366474032402
B1AK53,Q96RD0,0,0.12435415387153625
Q9ULY5,P04798,0,0.15483258664608002
Q8NGI3,P42166,0,0.10863878577947617
Q76EJ3,O43166,0,0.12114786356687546
P63027,L7N2F9,1,0.5064483880996704
Q9H246,Q9NRI5,0,0.15163281559944153
P0C7T8,O15090,0,0.11260109394788742
P11465,Q8N4Q1,0,0.1551124006509781
P24844,P19105,1,0.9079018235206604
Q8NH48,Q86U38,0,0.0934915766119957
Q9NR80,P30519,0,0.1820157766342163
Q8IYM2,Q6NT16,0,0.147952601313591
P62879,P62873,1,0.9468000531196594
O15213,P46781,1,0.9410639405250549
Q9NRX2,O60783,1,0.9597805738449097
O14950,P19105,1,0.9115128517150879
O14893,Q8TDR4,0,0.11318899691104889
P22460,Q14722,1,0.153876394033432
P62306,O43660,1,0.9041157364845276
Q9BZP6,Q8IV53,0,0.18161948025226593
Q96KC9,Q16222,0,0.11954450607299805
Q96SA4,Q8NGB8,0,0.1621977686882019
P01116,Q06124,1,0.31377536058425903
P15153,Q96JJ3,1,0.7187771797180176
Q15583,Q9GZN2,1,0.27088725566864014
P11047,P04156,1,0.5030749440193176
Q8IXV7,P37088,0,0.1386600285768509
P18754,Q5JT25,0,0.1826050728559494
O75355,Q9Y227,1,0.6503400206565857
P0DP23,P54750,1,0.22178305685520172
P01023,Q3LI77,0,0.11289594322443008
P40763,O75928,1,0.2944665551185608
P48553,Q96Q05,1,0.8762190937995911
P51636,Q3SY46,0,0.11529393494129181
Q93086,Q9H334,0,0.13883574306964874
P20042,P62857,1,0.9116554856300354
P61224,O43166,1,0.24142596125602722
Q6PIZ9,Q96Q11,0,0.11253895610570908
Q9H0N5,Q9UEU0,0,0.17289815843105316
Q92766,O14744,0,0.2009844034910202
Q9Y2D4,P36955,0,0.12539725005626678
Q71F23,Q8N0S6,1,0.6070141792297363
Q96JY6,Q8NGG8,0,0.12533168494701385
Q6ZN28,Q13087,0,0.15967997908592224
Q9Y3D5,P82914,1,0.9530627727508545
P62241,P62829,1,0.9353965520858765
Q8NGP0,Q63ZE4,0,0.1659768521785736
P09496,P09497,1,0.9249492287635803
P20813,P98187,1,0.9033203125
Q99576,Q8NGS8,0,0.12175701558589935
Q15700,P42261,1,0.6647074222564697
P61165,O75063,0,0.16702528297901154
Q9P0J0,O43677,1,0.9383020401000977
Q9Y2B0,Q15274,0,0.14842790365219116
P05155,P11226,1,0.3071030378341675
Q02045,Q13772,0,0.16612498462200165
A0AVK6,Q9Y624,0,0.13816507160663605
Q8NGR6,Q9BZ29,0,0.12393661588430405
Q8TD31,Q9P0K9,0,0.13448205590248108
Q13496,Q8NH87,0,0.1393296867609024
Q01813,P08237,1,0.9301337003707886
P27482,Q16659,0,0.1383969634771347
Q9Y316,Q9ULK2,0,0.188096821308136
Q8NH81,Q9BRF8,0,0.1261245161294937
Q9BW91,P43234,0,0.48616403341293335
Q13480,P27986,1,0.7539070248603821
O95319,Q8NGX0,0,0.11666413396596909
Q9NSK0,O94985,1,0.5465286374092102
Q2HXU8,O75596,0,0.7340841889381409
P50402,Q16661,1,0.16788697242736816
Q6FI13,P18754,1,0.6746628284454346
O00459,P04899,1,0.8829624056816101
Q92565,Q9H0R4,0,0.2048967033624649
Q92481,P05549,1,0.7474905252456665
Q96EM0,Q9NPG8,0,0.13961464166641235
Q92838,Q8NGA8,0,0.1813218891620636
Q8N0Y3,Q9H082,0,0.10874179750680923
P00533,P61586,1,0.43022286891937256
O00391,P84085,0,0.11726292967796326
P04899,P08754,1,0.9404472708702087
Q8NGQ5,Q00597,0,0.13105633854866028
Q8TAG9,P62491,1,0.2955068051815033
I3L3R5,Q8NGZ6,0,0.24413195252418518
Q86SF2,Q8NGX8,0,0.22052501142024994
P0DP23,Q96GE6,1,0.5028015971183777
Q9Y6X8,Q15003,0,0.4200975000858307
Q9Y3T9,Q8TEA1,1,0.30419057607650757
P62491,Q7L804,1,0.1341123878955841
Q6PI77,Q8NH76,0,0.10779456794261932
O75506,Q96RT8,0,0.278768926858902
Q14003,Q9NR31,0,0.16535142064094543
P16219,P38117,1,0.3968117833137512
Q92185,Q9UNP4,1,0.7084553241729736
O43915,O60462,1,0.2733037769794464
P51151,Q9H270,1,0.4086971879005432
P14649,P19105,1,0.6373762488365173
Q9UKW4,P29350,1,0.842767596244812
P42331,Q53H47,0,0.19104263186454773
Q9UBL9,O15547,1,0.6380489468574524
O60841,P62750,1,0.9272204637527466
P33260,P49810,0,0.15951323509216309
Q2VPJ9,A0A0A6YYG9,0,0.2559770941734314
P60763,Q92556,1,0.7789275646209717
O95759,Q9Y4G6,0,0.35119858384132385
Q8NGI4,P24588,0,0.14283008873462677
Q9HCE7,Q9BSQ5,1,0.254256010055542
O94983,P19320,0,0.18063269555568695
P01116,P42338,1,0.2651883065700531
Q6ZU35,A0A1W2PR64,0,0.20286643505096436
A0A3B3IT33,Q8WVC0,0,0.12841831147670746
Q9BXL5,P37287,0,0.12059368193149567
Q7Z7B1,Q9UHL9,0,0.12494368106126785
Q86W10,Q15369,0,0.11649937182664871
P78406,Q86V81,1,0.7802795767784119
Q9BTM1,Q9UBZ9,0,0.7018237709999084
P42336,P27986,1,0.8066112995147705
Q8NG99,Q96R28,0,0.8700140714645386
P52630,P61019,0,0.20593029260635376
Q86U44,O60224,0,0.14411596953868866
P52735,P29350,1,0.8553541898727417
Q5MY95,O14525,0,0.18200825154781342
Q8NHV4,Q96RT8,1,0.4091528058052063
P0CG37,Q9HAS3,0,0.17481108009815216
Q8NGJ8,Q86XJ0,0,0.1777164489030838
Q76EJ3,Q969S0,1,0.39002683758735657
P62306,Q15427,1,0.6986228227615356
Q9BSQ5,O00522,1,0.20090293884277344
P27824,P14314,1,0.8407372236251831
Q6IEZ7,Q7Z6J8,0,0.11791153252124786
Q9P0J0,P49821,1,0.29370900988578796
Q8N100,Q9NS61,0,0.10817659646272659
Q6P1J6,Q96P63,0,0.2924528121948242
Q9Y689,Q9Y4A9,0,0.10485139489173889
Q9BXC9,Q15612,0,0.10858284682035446
P35270,P46531,0,0.14157459139823914
Q9NXR8,Q92993,1,0.2518162131309509
Q9Y2Y8,P62820,0,0.1396702378988266
P28476,A8MPY1,1,0.9017719030380249
O94887,P60953,1,0.2187546342611313
P20813,Q7Z449,1,0.8896662592887878
P55884,P23588,1,0.694162130355835
Q86Y22,O15198,0,0.1519990861415863
Q8N8F7,Q76G19,0,0.2740837335586548
Q9Y689,Q8WWQ8,0,0.12292058765888214
Q9BX67,Q07157,1,0.38892820477485657
P29992,P50148,1,0.9023731350898743
Q96EY8,Q6FI13,0,0.20450860261917114
O75821,P20042,1,0.9104717969894409
P42262,P42263,1,0.9356772899627686
Q9C0D3,A6NH57,0,0.21651220321655273
Q8NFQ8,A0A1W2PRV1,0,0.15748925507068634
P62829,Q8NGS4,0,0.11286969482898712
Q9H7J1,O14775,0,0.14518600702285767
Q9BYC2,Q15669,0,0.12324559688568115
P17858,P09467,1,0.7308948040008545
P35249,Q9HAY6,0,0.13433077931404114
P61224,Q9P2F8,1,0.2914915382862091
P69849,Q8NGZ2,0,0.1432468295097351
Q9Y624,P57087,1,0.8884507417678833
O14744,P14866,0,0.2579374611377716
Q9UM22,P0C7N4,0,0.12635526061058044
Q9BYN8,O60783,1,0.9052499532699585
P56385,P56556,1,0.9324826002120972
O95995,B3KS81,0,0.12543664872646332
Q6IEU7,Q58WW2,0,0.11478200554847717
P14866,P62995,1,0.8868010640144348
Q8IV53,Q8IVH2,0,0.14711809158325195
P48047,P62829,1,0.9150257110595703
Q9ULK4,Q96J94,0,0.771571159362793
Q12816,Q12815,1,0.15837737917900085
Q9BYV7,O14896,0,0.19304099678993225
Q6ZN16,P37287,0,0.19436322152614594
O14879,Q01628,1,0.12744140625
Q7Z6J4,Q15485,0,0.2349698841571808
Q16696,P08684,1,0.8902908563613892
Q9NRM7,O95835,1,0.8959190249443054
Q96GF1,O75477,1,0.17220844328403473
P51170,Q9H336,0,0.1457645446062088
Q9Y2P8,P0C0L5,0,0.15019866824150085
Q15583,P84022,1,0.13912490010261536
Q8TB96,Q9Y689,0,0.10927005112171173
Q9NSC7,Q10472,1,0.8381485342979431
Q9BV40,Q9UEU0,1,0.9246469736099243
P42224,P09913,1,0.17459507286548615
A6NK58,P23434,1,0.3802361488342285
Q8TEA1,O76021,1,0.2842332422733307
Q9Y2Y1,P05423,1,0.6340450644493103
Q7L591,P37840,0,0.15534795820713043
Q8IU89,P17405,1,0.7563536763191223
P18859,Q9P0J0,1,0.9279209971427917
Q96BH3,Q9Y216,0,0.20122607052326202
O95373,P62826,1,0.4237166941165924
O94887,O43818,0,0.11771735548973083
Q9UEU0,Q9H270,1,0.5979520082473755
Q00597,Q9NVI1,1,0.1838449239730835
Q96JA1,P00533,1,0.8885143399238586
Q13946,P55263,1,0.7107333540916443
Q8NGL4,Q8TAL6,0,0.15788227319717407
Q96M69,Q14849,0,0.17541460692882538
Q9H6B9,Q96FI4,0,0.12488597631454468
Q02928,P98187,1,0.9065897464752197
P16949,P47869,0,0.20464031398296356
P53370,Q9H6Q3,0,0.11616378277540207
P19387,Q8NGL0,0,0.12388154864311218
P46781,P62241,1,0.9549312591552734
Q58WW2,Q6PJG6,0,0.3069111406803131
P00533,P52735,1,0.8616841435432434
Q9UQC2,P27986,1,0.7344310879707336
Q9NY15,Q13425,0,0.2561439573764801
P08138,O00459,1,0.5818532109260559
Q8N148,Q13424,0,0.1391201615333557
P47890,Q16557,0,0.1547241061925888
Q9UKW4,P52735,1,0.9097165465354919
P15260,P08237,0,0.13447672128677368
P01009,Q8NH92,0,0.41339167952537537
Q9NV31,P62857,1,0.8886711597442627
Q96KC9,P10635,0,0.13662727177143097
Q8NGR8,O15360,0,0.10423659533262253
Q6UWT2,O60404,0,0.12909531593322754
P62330,Q8TDY4,1,0.1622035801410675
Q3KPI0,Q6PIL6,0,0.17688249051570892
Q93045,Q9BZ71,0,0.17455101013183594
Q9UQ74,A2VCK2,0,0.21057383716106415
O43150,P62330,1,0.27628093957901
P19387,P62750,1,0.9393761157989502
Q9HCE3,O95347,0,0.36853376030921936
Q9Y6K5,P09914,1,0.34322500228881836
Q7Z2W4,Q8IZD6,0,0.13180382549762726
P60763,P52735,1,0.31384363770484924
P04798,P05181,1,0.8632832765579224
P16035,P35625,1,0.8797333836555481
Q15269,Q9NV31,1,0.7784562706947327
Q6L8G5,Q8TC59,0,0.15533609688282013
P51665,Q8TAA3,1,0.9082196950912476
P08754,P62873,1,0.25309497117996216
P78560,O43676,0,0.13807879388332367
P60660,P14649,1,0.8843778967857361
P36954,P0C0S5,1,0.6575108766555786
P54578,P28066,1,0.26260775327682495
P20336,Q96P63,0,0.16673757135868073
P05120,P48047,0,0.148248091340065
Q14849,P61916,1,0.23306016623973846
Q7Z2W9,P62750,1,0.9465365409851074
Q96G23,Q6UWV6,1,0.7935451865196228
Q15427,Q9Y333,1,0.711201548576355
Q9NQR9,P60900,0,0.13607195019721985
Q8NGI9,Q3LI77,0,0.11423008888959885
Q9HAS3,Q8IUS5,0,0.4460042119026184
P62834,P41134,1,0.4586392641067505
P28676,P35251,0,0.11310002207756042
Q9UBK5,P42338,1,0.33863258361816406
Q8NH56,O43324,0,0.13578972220420837
P52735,P15498,1,0.902560830116272
O43924,Q9NRR6,1,0.22561195492744446
P61371,O43679,1,0.4817125201225281
P28676,P61586,0,0.23404784500598907
P01111,Q06124,1,0.34270840883255005
Q9BYD3,P46781,1,0.9157959818840027
Q9BQ61,Q9H2C5,0,0.11695446819067001
Q7Z7L7,Q9BQ90,1,0.507117748260498
Q9P278,Q9HAV0,0,0.19416925311088562
P01116,P48736,1,0.2545830309391022
O15245,Q86US8,0,0.13061212003231049
Q8NGD5,P07306,0,0.1987249255180359
Q9HAU4,Q99717,1,0.2967595160007477
Q12891,Q6ZWE6,0,0.12806761264801025
Q13614,Q86T03,1,0.27435657382011414
Q86XI6,O95685,1,0.5408630967140198
O60260,Q9BXM7,1,0.19356045126914978
P55263,P54819,1,0.8019753098487854
Q8TCB0,Q53G44,1,0.7813681364059448
P62750,P25774,0,0.16307266056537628
P46781,Q96EH5,1,0.9445518255233765
P01584,P35225,1,0.8518667817115784
Q5VWG9,Q13889,1,0.7934190034866333
Q96A47,Q9UBR4,1,0.7747320532798767
Q9UNT1,Q96M60,0,0.18186138570308685
Q3KQV9,Q8NH01,0,0.14814917743206024
Q6IN84,P14373,0,0.12004366517066956
P0CG37,Q8WYA1,0,0.15467189252376556
Q08477,P33261,1,0.8962860107421875
Q14202,O75056,0,0.13126909732818604
Q8WWZ3,Q92838,1,0.7585184574127197
Q8NGV5,P05549,0,0.13129489123821259
Q8NH59,P48553,0,0.10934553295373917
P08754,Q9UBS5,1,0.6880887150764465
Q6ZMG9,Q9NR71,1,0.7378994226455688
O43676,P09669,1,0.9408576488494873
Q9BY50,Q7Z4Y8,0,0.430759996175766
Q14050,P16410,0,0.2699809968471527
Q9H2C8,Q9Y2V2,0,0.10395357757806778
P58417,Q9ULB1,1,0.2901931703090668
Q8WYH8,Q8IWA6,0,0.22437727451324463
Q14749,P22557,1,0.25760310888290405
Q96EB6,Q8TBE0,1,0.6603910326957703
Q5TCH4,P05181,1,0.8963191509246826
P32754,Q96RQ9,1,0.3061879277229309
Q9NSC7,Q14137,0,0.1371634155511856
P84022,Q9H0M0,1,0.363533079624176
Q8NGP6,Q9NPJ8,0,0.12660393118858337
P00414,O14949,1,0.22446425259113312
O00151,Q9NSE4,0,0.13548634946346283
Q96KK3,Q8N7Z2,0,0.1230977401137352
Q13651,P40763,1,0.6961740851402283
Q9Y221,Q9HCJ0,0,0.7325450778007507
Q9NXR8,Q9HAF1,1,0.6256466507911682
P78310,Q5JST6,0,0.1589130461215973
P61224,O00522,1,0.25032901763916016
Q9NSE4,Q9NP81,1,0.9001806378364563
Q15788,Q9BYK8,1,0.1839779019355774
O75251,Q16718,1,0.8971567749977112
P35251,P35249,1,0.8199605345726013
Q8NGR2,Q9NZI6,0,0.12797437608242035
Q92616,P62750,1,0.7677564024925232
Q9H095,P0DP23,1,0.1655099093914032
Q8N9L9,P09467,1,0.34425562620162964
Q9Y2P8,P46781,1,0.6821619272232056
P62312,Q9Y333,1,0.8895885944366455
A6NM10,P0C7T3,0,0.3091176748275757
P22001,Q09470,1,0.7845205068588257
O75821,P08865,1,0.8676532506942749
P19387,Q9Y3C7,1,0.8243662714958191
Q96GE6,P37840,1,0.19621509313583374
Q7LG56,Q9Y5L3,1,0.4783777594566345
P27986,P63096,1,0.8824847340583801
Q8N465,Q8NGC4,0,0.1824849247932434
Q7L0Y3,P11712,0,0.1320439726114273
Q15648,P62891,1,0.23634187877178192
Q96E22,Q8N201,0,0.16724993288516998
P62829,P62857,1,0.9349594116210938
P36871,P11465,0,0.18002700805664062
Q8TCQ1,Q969K3,0,0.22378584742546082
Q9Y239,Q9HC29,1,0.7672141194343567
O43513,Q13889,1,0.8506972193717957
O75355,P50583,1,0.1441573202610016
Q9NWU1,Q8IYT2,0,0.31963029503822327
Q8NGP8,P62891,0,0.11029085516929626
A6NHG9,Q8NH10,0,0.902442455291748
O94804,Q9BS16,0,0.3087291419506073
Q8N4L2,Q13496,1,0.2071933150291443
Q6IF00,Q86V81,0,0.11233896762132645
Q8NGG3,P25774,0,0.20382855832576752
Q8NGJ4,A8MTJ3,0,0.1530853658914566
P05937,Q9NZF1,0,0.26252326369285583
Q86U38,Q9Y4C8,1,0.8421544432640076
P48547,Q9NS61,1,0.362993985414505
B1AK53,Q9Y5P1,0,0.12313905358314514
Q6ZVW7,P05019,0,0.5352897644042969
Q8TCB0,Q13325,1,0.37940526008605957
H0Y626,Q8NGV7,0,0.11916132271289825
P08138,P60953,1,0.31506648659706116
Q96R47,Q9NZG7,0,0.14683033525943756
P62072,Q9Y5J7,1,0.8916647434234619
P0C0S5,Q9Y281,0,0.22604849934577942
P00533,Q8NG75,0,0.15990106761455536
A8MXD5,Q6ZN28,0,0.15370643138885498
Q6UWS5,O75925,0,0.12387311458587646
Q9NWZ5,Q5MY95,1,0.3580464720726013
Q13330,Q86YP4,1,0.8478061556816101
Q8IU99,Q9NZP0,0,0.14976081252098083
P61020,O00602,0,0.13964809477329254
P05113,P35225,1,0.9293627738952637
Q9NZ52,P84077,1,0.36627522110939026
O75964,O75947,1,0.9197636842727661
O00478,O00481,1,0.9257641434669495
Q9BZ29,Q9UJY1,0,0.2568012773990631
P19099,P11511,1,0.8598166108131409
P31644,Q9H0W9,0,0.2242581844329834
Q8NA29,Q96B45,0,0.12496497482061386
Q15303,P42338,1,0.544603705406189
P10916,P60660,1,0.6030289530754089
Q9H6B9,Q9H343,0,0.2130081206560135
P05177,P33261,1,0.8610257506370544
P25789,P25788,1,0.9196486473083496
P27144,P55263,1,0.44974032044410706
P36954,Q03468,1,0.7296085953712463
Q8NET5,O95273,0,0.20652776956558228
P48736,P27986,1,0.7324316501617432
Q13503,O43513,1,0.3725655972957611
Q075Z2,Q9Y6Y8,0,0.1606115847826004
Q7KYR7,Q8NFQ8,0,0.22020792961120605
Q9H9J2,Q9Y3D5,1,0.9101192951202393
Q99541,P23415,0,0.2973036766052246
O14559,Q9Y221,0,0.12038359045982361
Q96EP0,Q9H0F6,1,0.2867864668369293
Q15532,Q8NH21,0,0.15415030717849731
Q9Y272,P08754,1,0.4492899179458618
Q6EIG7,Q9Y6H1,0,0.2395402491092682
Q8NEA9,Q8N163,0,0.19551952183246613
Q9NZV8,P42658,1,0.19673651456832886
Q96Q05,Q8IX90,0,0.5333040952682495
P11509,P05177,1,0.8696891665458679
O60828,Q96RC9,0,0.09404316544532776
Q7Z449,P98187,1,0.8610703945159912
Q7Z7C8,Q6P1X5,1,0.614051103591919
P10301,Q92565,1,0.3806224465370178
A0A1B0GVY4,Q9UJH8,0,0.13440297544002533
P08571,Q9BYC2,0,0.15336407721042633
Q15907,Q6IEU7,0,0.1125054657459259
Q92925,Q15532,1,0.5702477693557739
Q96HJ3,Q9UGK8,0,0.1505732536315918
Q8TCB0,Q92985,1,0.16266600787639618
Q8IU89,Q9NR71,1,0.8097742795944214
Q9NUJ7,Q14151,0,0.12174985557794571
P84095,P42338,1,0.2640838027000427
P61224,P15498,1,0.23504748940467834
Q15427,O75912,0,0.2688252627849579
P48594,Q14542,0,0.2721978425979614
O75838,Q8N7A1,0,0.14017049968242645
P58181,Q8NGC1,0,0.8842689990997314
Q14442,Q9UPM6,0,0.12470027059316635
P05412,P01106,1,0.9053905010223389
Q9ULC0,Q8NH83,0,0.14373159408569336
P62834,P47736,1,0.2419610321521759
P51884,O95373,0,0.24304413795471191
Q9Y2L5,Q9H0U4,1,0.2894355356693268
P25787,Q13200,1,0.8042871356010437
P39086,A6NHA9,0,0.32814329862594604
Q9NQR1,Q6T423,0,0.12401056289672852
O43709,Q96JA1,0,0.1399867683649063
Q8NGY3,Q8IVB4,0,0.16657060384750366
Q9NQ35,Q9H2C5,0,0.12503759562969208
P36952,Q8NGN6,0,0.1760612428188324
P42336,O14807,1,0.39109501242637634
O95273,Q8NGC9,0,0.13218314945697784
Q96AP7,A8MX34,0,0.12044040858745575
Q8IX15,Q9GZM6,0,0.12166845053434372
Q9C005,Q8TCB6,0,0.11546358466148376
P20851,P0C0L5,1,0.4226049780845642
P59190,A4D2B0,0,0.21430790424346924
Q5T8A7,P62857,1,0.34452465176582336
P51575,O15547,1,0.6288127303123474
Q9BVG3,O76100,0,0.12933525443077087
O00329,P42338,1,0.8896124958992004
Q5FBB7,Q9BZ29,0,0.3509938418865204
O00329,P63096,1,0.728855550289154
P19387,Q6P1X5,1,0.8492398858070374
P32780,Q6P1X5,1,0.6380009651184082
Q4G0S4,Q15326,0,0.1270197629928589
P15260,P38484,1,0.9076852202415466
P61513,A0A0A6YYL6,1,0.9648994207382202
P26599,P62995,1,0.7553154230117798
Q8N2W9,P42224,1,0.30247002840042114
P00414,P49821,1,0.296535849571228
P62273,P62857,1,0.9227518439292908
Q96KP1,P11234,1,0.30433735251426697
Q9NV31,O95424,0,0.13688650727272034
P13196,Q9HAY6,0,0.4015553295612335
Q99575,O95707,1,0.8961318731307983
P04626,P42338,1,0.3071082830429077
Q9NY99,Q8NGA0,0,0.13516581058502197
P10515,P23434,1,0.9154031276702881
Q9Y6K5,P05161,1,0.29156723618507385
Q9Y3T9,Q9BXY0,1,0.8967824578285217
P19087,P62873,1,0.25601324439048767
P78329,Q7Z449,1,0.8815498352050781
O00151,Q8NGB8,0,0.12047206610441208
P08138,Q96PQ0,1,0.47372159361839294
P28908,Q6UXT9,0,0.122002013027668
Q68CZ2,P57087,0,0.45597925782203674
P49753,P08237,1,0.7098838090896606
Q13464,P23528,1,0.39910390973091125
Q9UBG0,O95626,0,0.12656493484973907
Q96KP1,Q96A65,1,0.8639740943908691
A0A1B0GTS1,P48736,0,0.2881696820259094
Q16718,Q8IY42,0,0.13517677783966064
Q14344,P48736,1,0.6373632550239563
P08138,Q9Y5V3,1,0.1620938628911972
P17676,P01106,1,0.7526857852935791
O75356,Q9NWZ5,1,0.26928696036338806
P42229,Q00978,1,0.7338255643844604
P46199,Q9BYD3,1,0.93978351354599
Q9Y3C7,Q13889,1,0.687272310256958
P02686,Q96GE6,1,0.15579158067703247
Q8WVQ1,Q5MY95,1,0.5353641510009766
Q15269,P00414,0,0.1297217756509781
P42166,P02545,1,0.171600341796875
Q8N4A0,O14976,0,0.14690101146697998
P48764,Q6PIZ9,0,0.14587640762329102
Q8NC24,Q2M2W7,0,0.16999460756778717
Q6STE5,Q92925,1,0.8726034760475159
Q8NH55,O95707,0,0.10108743607997894
Q8WUG5,Q9NUY8,0,0.12148261070251465
Q9GZV1,P14598,0,0.15131816267967224
P60763,Q9NR80,1,0.19597527384757996
P19438,Q96EP0,1,0.1780845820903778
P07225,Q96I36,0,0.12193556874990463
Q14684,O76021,1,0.7133399248123169
Q9Y5J6,Q13946,0,0.20764665305614471
P28066,Q8TAA3,1,0.9154373407363892
P49768,P49810,1,0.7744535803794861
Q9NRX2,P08865,1,0.9318605661392212
Q9P0J0,P56556,1,0.9508888125419617
Q15796,Q15583,1,0.14208213984966278
Q9UKG1,Q96KW9,0,0.13613581657409668
O95069,A0A087WT10,0,0.1496616154909134
Q8NH00,Q8NGN1,0,0.8297742605209351
P51589,P61225,0,0.12674660980701447
Q5VWT5,Q9BY78,0,0.22420774400234222
Q96FN4,Q9H2C5,0,0.1495686024427414
A0A0A6YYG9,P51575,0,0.13377603888511658
Q13651,P25774,1,0.16810207068920135
P19438,A2VCK2,0,0.14901310205459595
P40763,Q9Y6X2,1,0.38725969195365906
Q99439,Q9P203,0,0.3428231179714203
Q8TCU6,P62873,1,0.1579471379518509
Q9Y5X0,P05108,0,0.13664165139198303
Q86UK0,Q0D2K0,1,0.17789050936698914
P25788,O43242,1,0.7374247908592224
Q58A45,Q9H4I8,0,0.16044485569000244
Q9H7J1,P36954,0,0.141879141330719
Q8NH74,Q9BRR3,0,0.2895520031452179
P62072,Q8N4Q1,1,0.27244487404823303
P20340,Q86XL3,0,0.25133368372917175
P33261,P07099,1,0.543254554271698
Q9BUB7,Q86TX2,0,0.15084096789360046
Q9Y6J9,O15265,1,0.2309514731168747
Q96QD9,Q96T54,0,0.1277247816324234
O15205,Q8NGI4,0,0.12032192200422287
Q9H091,Q9HAS3,0,0.15698638558387756
O75144,Q96BM9,0,0.16135071218013763
Q8WXS5,P48058,1,0.5923779010772705
Q13200,P25786,1,0.9160261154174805
O75821,Q9Y5V3,0,0.18476460874080658
Q6DHY5,Q9Y2B1,0,0.14949378371238708
Q5MY95,P55263,1,0.4130153954029083
P55809,P54868,1,0.8890945315361023
Q9H9A7,Q2NKX8,1,0.7576337456703186
P40763,Q14765,1,0.8749589920043945
Q96JY6,P47893,0,0.12611758708953857
P37837,Q9HCL2,0,0.4717274010181427
Q9Y5Y7,P49767,1,0.1880662441253662
O14744,P62308,1,0.2436082363128662
Q96EB6,Q4G0N4,1,0.5069775581359863
P08865,Q96EH5,1,0.9342216849327087
Q8TD86,Q9NZT1,1,0.6629325747489929
O15083,P60323,0,0.17359137535095215
Q6XR72,P62502,0,0.14253942668437958
Q6IN84,Q8NGY2,0,0.11021678894758224
Q9UJW2,Q8IYL2,0,0.15863840281963348
P20813,Q6V0L0,1,0.6179284453392029
Q9NR63,Q6V0L0,1,0.8445711135864258
Q02363,P47928,1,0.47674939036369324
Q9HCM1,P01583,0,0.18045580387115479
Q96PR1,Q6PIV2,0,0.14474260807037354
Q9BYT5,Q9NV35,0,0.10561396926641464
Q8TAG5,Q8N3T1,0,0.1780695766210556
Q8N428,Q8WV44,0,0.1392204761505127
Q9NZV8,Q9NS61,1,0.2589847445487976
Q6UWV6,Q9BXC9,0,0.13803651928901672
P52948,O15182,1,0.14786303043365479
Q9HAF1,Q9NZ52,0,0.17048797011375427
Q9BUM1,Q8N813,0,0.11690688133239746
Q8TCJ2,P46977,1,0.9151169657707214
P08684,Q9P2R6,0,0.13319264352321625
P25787,P28066,1,0.9022626280784607
Q9P2K6,Q8IWA6,0,0.168456569314003
A0A0A6YYL6,O95478,1,0.9477103352546692
Q15427,O43172,1,0.7999383807182312
Q16696,P04798,1,0.8575484752655029
Q9UBK5,P27986,1,0.3062319755554199
Q3LI76,Q9UGF5,0,0.11087387800216675
O94844,Q9BYZ6,1,0.6001124978065491
Q99567,Q71UI9,0,0.6025245189666748
Q9BQI4,Q8NH90,0,0.17637108266353607
P11509,Q16696,1,0.926694393157959
P51170,P51168,1,0.8219897747039795
P35243,O94844,0,0.13756847381591797
P62820,Q6P9A2,0,0.1265144646167755
O75603,Q96RC9,0,0.12367458641529083
Q9Y333,Q5BKX5,1,0.17223608493804932
Q8NGA1,A6NES4,0,0.1432938277721405
O76099,Q9UQ72,0,0.15268410742282867
O43915,P49767,1,0.9358833432197571
Q6P499,P84085,0,0.12205549329519272
Q9Y6N6,Q9H7Z6,0,0.14870133996009827
Q96IK0,P10114,0,0.11542584747076035
P36956,Q12772,1,0.8654677271842957
Q9ULI2,Q8IXN7,1,0.8795465230941772
O15265,Q8NEM7,1,0.8085811138153076
Q00688,Q6XPR3,0,0.16074319183826447
Q16557,Q86VE9,0,0.1684199422597885
P62891,P62750,1,0.9606971740722656
Q6ZU35,Q13087,0,0.12451669573783875
P58872,Q86UD3,0,0.20917393267154694
Q9P2A4,Q8WUW1,1,0.4016478955745697
Q9H4E5,Q8NF50,1,0.19281113147735596
P47736,A0A1W2PPW3,0,0.1631852239370346
Q15907,Q7L804,1,0.13640649616718292
P28328,Q15369,1,0.21157127618789673
P84103,P62995,1,0.9303411245346069
P0DP23,P78352,1,0.256112277507782
O75695,Q8NGV6,0,0.12525910139083862
Q9Y2P8,O94985,0,0.11585985869169235
P37235,Q8NGT1,0,0.17996667325496674
A6NDH6,Q8IUN9,0,0.1863745152950287
Q3LIE5,Q86UL3,1,0.20238764584064484
Q12959,P24588,1,0.2004348486661911
Q9Y5U4,O15503,1,0.5230463147163391
P40763,P42229,1,0.9318509697914124
P41208,O15182,1,0.8435266613960266
P08138,P23515,1,0.2649178206920624
P40763,P16949,1,0.5301288366317749
Q92748,Q9NR31,0,0.1733700931072235
P0C7T3,O95158,0,0.15329907834529877
P62306,O43172,1,0.9257917404174805
P51911,Q8NGT5,0,0.16153472661972046
P19474,P00533,1,0.2526473104953766
P42336,P52735,1,0.6421183943748474
Q86W10,Q6ZT98,0,0.13990947604179382
O96000,Q9P0J0,1,0.8877140879631042
P19387,P36954,1,0.8353931903839111
Q8TCB0,Q8N9L9,0,0.12536019086837769
P11226,Q9BWP8,1,0.8407699465751648
Q5T655,Q9UJW2,0,0.1265086829662323
P20382,Q8N118,0,0.2051810920238495
Q5T8I3,Q13829,0,0.13493281602859497
O43676,O43677,1,0.9330112338066101
Q9HA82,Q6UWV6,1,0.7150850296020508
Q13425,Q9UPE1,0,0.13787797093391418
Q9Y221,Q14684,1,0.6680917143821716
O60516,Q8IYP9,0,0.10677112638950348
P62491,P62330,1,0.8424379825592041
Q9H0Y0,Q9UM13,0,0.42299219965934753
Q9NZP2,Q12852,0,0.14900419116020203
P25787,P54578,1,0.21305301785469055
Q9NRX2,P61011,1,0.8723941445350647
Q8IUE1,O94885,0,0.14296476542949677
P05108,Q9H694,0,0.11928042024374008
Q9NWZ5,O75354,1,0.27520206570625305
O75871,Q96EP0,0,0.15764279663562775
O15335,A6NND4,0,0.17651772499084473
P98187,Q99750,0,0.11566654592752457
Q9Y5Y7,Q8TCU6,0,0.15660129487514496
P17858,O00757,1,0.7043899297714233
Q9H7Z7,Q9Y4C4,0,0.1488591581583023
P35250,Q96QE3,1,0.5916747450828552
Q96AV8,Q9Y490,0,0.276877760887146
P04798,P08684,1,0.8761715292930603
P09237,P0C0P6,0,0.15845292806625366
Q96GM5,O14522,0,0.17328208684921265
P46781,O43709,1,0.8888685703277588
Q5FBB7,Q16777,1,0.6802784204483032
P33260,P05177,1,0.8685704469680786
Q8IUE6,P0C0S8,1,0.946069061756134
O95918,Q969P0,0,0.1425376981496811
Q8N118,Q8IYS2,0,0.19821082055568695
Q8NHZ8,O95361,0,0.11418522149324417
O00566,P62857,1,0.7986066937446594
Q6V0L0,Q8NGA5,0,0.2280840277671814
P29992,Q9NVI1,0,0.12610270082950592
P05093,P11511,1,0.8687044382095337
Q02318,Q9Y6A2,1,0.8594522476196289
P61586,P23528,1,0.5266578793525696
P14373,O75916,0,0.16068457067012787
P62829,Q9NPB3,0,0.16046637296676636
Q9Y217,Q86T03,1,0.1593610644340515
P04798,P11511,1,0.8691797256469727
P02511,Q5TAT6,0,0.28233614563941956
Q13485,Q8IXB1,0,0.13063126802444458
Q8NH09,P54750,0,0.142301544547081
Q96EB6,Q92993,1,0.4076147973537445
Q9UNQ2,Q9Y2P8,1,0.8216119408607483
P60763,O00329,1,0.3748559355735779
Q99685,Q9BZG1,0,0.14222609996795654
P01024,P11226,1,0.48208025097846985
P05177,P05181,1,0.8841745853424072
Q96A70,O95711,0,0.13936713337898254
Q9Y227,P31350,1,0.56795734167099
P54578,O43242,1,0.26790836453437805
P15153,Q9UKW4,1,0.26255831122398376
Q9H2C8,Q96JY6,0,0.11844495683908463
Q9Y5L3,P27144,1,0.3105391263961792
P61224,P47736,1,0.2639864683151245
Q9H773,P31350,1,0.778268039226532
P62273,P08865,1,0.9427814483642578
Q14CZ7,Q8N6I1,0,0.19368323683738708
P23763,P63027,1,0.9132854342460632
Q96BW5,Q9Y6Y8,0,0.2508607804775238
O00194,P51159,1,0.7233176827430725
Q15797,Q92993,0,0.4661361575126648
Q7L7L0,Q6DHY5,0,0.11696581542491913
Q9NZP0,Q5JTV8,0,0.14219626784324646
Q9NY12,O14746,1,0.3630324900150299
P26715,Q06124,1,0.43453264236450195
O00757,P08237,1,0.683076798915863
Q13813,Q92185,0,0.1776556372642517
Q9NY12,O95900,1,0.7563234567642212
Q92729,Q9NVS9,0,0.21562333405017853
Q9BYD3,Q9Y399,1,0.9288815855979919
Q9NPF8,Q96HP0,0,0.365257203578949
Q9GZK4,Q9HA72,0,0.15508832037448883
P15153,Q8TCU6,1,0.24741023778915405
Q9Y221,Q9Y3T9,1,0.8439866900444031
Q6ZVW7,Q5EBL2,0,0.18453411757946014
O14967,F8WCM5,0,0.2403167337179184
Q9BY78,Q8WXU2,0,0.29011353850364685
Q8IVF5,Q9HCQ5,0,0.14856907725334167
O75380,O43676,1,0.9276122450828552
Q5VWG9,P18074,1,0.7556559443473816
Q9UMX6,O95843,1,0.8304022550582886
P82914,O60783,1,0.9638681411743164
P19387,Q15544,1,0.6674723029136658
P48167,O75311,1,0.8294971585273743
P29350,Q06124,1,0.9174714088439941
Q7Z4G1,Q8NG99,0,0.12602052092552185
P55809,Q01581,1,0.8865739107131958
P40937,O75943,1,0.8305577039718628
P15153,Q13009,1,0.16346900165081024
Q537H7,Q86UT5,0,0.1150788813829422
Q96TA2,Q9P0J0,1,0.6917960047721863
O14594,P11226,0,0.25929275155067444
O43174,P11712,1,0.7027734518051147
O00459,P42336,1,0.7657934427261353
P04792,Q9UJY1,1,0.8514679074287415
Q9HCL2,Q6NUI2,1,0.7524608373641968
Q9Y4W6,P27986,0,0.302435040473938
Q9NZT1,P01112,1,0.14102056622505188
P19387,P18074,1,0.8739229440689087
Q14684,Q9BXY0,1,0.7495132684707642
Q13541,Q13542,1,0.9244256615638733
Q13480,Q13464,1,0.4571121037006378
Q96N06,A0A096LPI5,0,0.16161412000656128
P28328,Q9Y689,0,0.2683645784854889
Q9NPB3,Q8WXH4,0,0.13012756407260895
P54289,Q7Z3S7,1,0.787104606628418
Q9Y5J7,Q6P3S1,0,0.2392675131559372
O95926,Q5JQS5,0,0.0934891477227211
Q9Y4G6,Q8NEU8,0,0.43428200483322144
Q96RD3,Q8NFV4,0,0.12628640234470367
Q9UBL6,Q07444,0,0.18224245309829712
P00533,P42224,1,0.8998249173164368
P49768,P46531,1,0.1536049097776413
Q9NS61,Q13568,0,0.14649547636508942
P35270,Q8N1N0,0,0.12582741677761078
Q02080,Q9UKV0,1,0.19836293160915375
Q13480,Q9UQC2,1,0.9524642825126648
P36954,Q5VWG9,1,0.7943795323371887
O95049,Q8NI35,1,0.4471100866794586
Q96FL9,Q9H3R2,1,0.20164096355438232
O75380,A0A3B3ISG8,1,0.8501060009002686
Q8N998,Q10571,0,0.1864439845085144
Q15424,Q8NGE1,0,0.11476635187864304
O00459,P21860,1,0.7743625044822693
O00459,P27986,1,0.8838015794754028
Q8N201,Q08334,0,0.11468750983476639
P01116,O00329,1,0.2133522629737854
Q02080,Q02078,1,0.2019762545824051
Q9H6L2,Q6UX40,1,0.28986719250679016
Q9UBR2,O95837,0,0.20090359449386597
Q6P597,P37840,1,0.1833573877811432
P11488,P62879,1,0.21040964126586914
Q96DD7,Q8TCV5,0,0.14736029505729675
O75800,Q6IEE8,0,0.1536271572113037
P11509,Q96SQ9,1,0.8972882628440857
Q9BXW9,Q8IY92,1,0.4785362184047699
P78310,Q7Z7E8,0,0.12810808420181274
Q15648,P61513,1,0.3763325810432434
Q6FI13,Q93077,1,0.9483170509338379
P63098,Q8TD86,1,0.8529697060585022
A6NGB9,Q8TF74,1,0.8984878659248352
Q8NGL6,P47928,0,0.1218026727437973
Q8IZP0,Q8WUW1,1,0.3011343479156494
P60763,P42338,1,0.47394463419914246
Q9H2X6,Q7Z4M0,0,0.3499399721622467
Q8TCB6,Q13239,0,0.12236548215150833
O76070,Q8TAG9,0,0.19194848835468292
P01033,P09237,1,0.17670059204101562
P11488,P19087,1,0.9294002056121826
Q9BT43,O76070,0,0.1083875223994255
O43818,O76021,1,0.9255925416946411
Q8NI60,Q04637,0,0.19303876161575317
P82094,O43818,0,0.18388590216636658
O60336,Q5SXH7,0,0.19257481396198273
Q9Y2G4,P50148,0,0.24542827904224396
O43174,P33260,1,0.7378255724906921
Q03113,P60368,0,0.1301676481962204
O75326,A6NKX4,0,0.1802864670753479
P50458,Q86U70,1,0.6501455307006836
Q9NRX2,P62750,1,0.954759418964386
P25098,Q96I99,1,0.22581598162651062
P55808,Q7Z6V5,0,0.20408856868743896
P05121,P13726,1,0.2691812217235565
Q13325,Q9NR31,0,0.3447585999965668
A0A096LP01,Q8IX12,0,0.14189930260181427
Q8IUH4,Q1A5X6,0,0.1420433521270752
Q5VWG9,Q00403,1,0.8826790452003479
Q8NG99,A6NDL8,0,0.8845436573028564
Q8NGC0,O00459,0,0.14868004620075226
Q96EY8,Q8NGK3,0,0.21829523146152496
O95926,O95273,1,0.15405258536338806
P46199,P82650,1,0.8535345196723938
P19387,Q15648,1,0.5042153000831604
Q5QGZ9,Q06124,1,0.6862268447875977
O43679,Q9UBR4,1,0.33107465505599976
O75636,Q9Y6Z7,1,0.24947530031204224
P62070,Q92565,1,0.3758932650089264
O95251,Q9UNL4,1,0.6622107625007629
P36954,P49848,1,0.7184407114982605
Q8N0Y3,P20700,0,0.1537320762872696
P05113,P01584,1,0.8280084133148193
Q14CZ7,Q7Z7M1,0,0.10094652324914932
Q9UQQ2,Q969Q5,0,0.17044870555400848
P10301,P27986,1,0.4907529652118683
Q7Z6J8,A0PJX2,0,0.3306291997432709
P62834,Q9UKW4,1,0.22383025288581848
Q16478,Q16099,1,0.9350250363349915
Q96EL1,Q8WXS5,0,0.8323673605918884
P60900,O15245,0,0.1260686069726944
P01229,Q9Y320,0,0.13385100662708282
P09237,P16035,1,0.2512764632701874
P49961,P50583,1,0.16213445365428925
P17858,P37837,1,0.6933536529541016
Q9BXW9,O15360,1,0.8152340054512024
P01116,Q15109,1,0.1579430103302002
Q9Y6W8,O00329,1,0.29219886660575867
Q8NG85,Q9UJY1,0,0.14356252551078796
P16144,P04626,1,0.7842797636985779
O00459,Q8N4L2,1,0.6922740340232849
Q4U2R6,O60783,1,0.9658553004264832
Q15836,Q9BY50,0,0.20853251218795776
Q9UKV0,Q8IW75,0,0.14395777881145477
P33681,P19256,1,0.8854277729988098
P84095,Q96BJ8,1,0.25577083230018616
Q9NR63,Q96SQ9,1,0.8235104084014893
P09496,Q9NTN3,0,0.13125024735927582
P11712,P51589,1,0.893867552280426
Q07157,O95049,1,0.7123395800590515
P42336,Q8N0S6,0,0.13913463056087494
Q96E17,Q8N7M0,0,0.31106874346733093
P20813,H7C241,0,0.15547847747802734
P61513,O95478,1,0.9579682350158691
Q99741,Q96AV8,1,0.41290539503097534
P20339,P26374,1,0.17400038242340088
Q9P086,Q9ULK4,1,0.34467771649360657
P0DP23,Q9H341,0,0.15754516422748566
Q8NC24,Q5U5X8,0,0.1571578085422516
O00329,P60953,1,0.4263213872909546
Q9BT73,O14977,0,0.24398136138916016
O60462,P49767,1,0.24508601427078247
Q8TAL6,O15062,0,0.1774209439754486
Q13438,Q9Y679,1,0.21124215424060822
Q9NSK0,Q6P597,1,0.8721480965614319
P01111,Q96GE6,1,0.15355512499809265
Q9P278,Q9BT67,0,0.170723557472229
Q9P2S2,P78352,1,0.2509006857872009
P49788,Q9UIG0,0,0.132411390542984
Q14D04,Q99942,0,0.16276048123836517
Q14002,H0YJ60,0,0.16587597131729126
Q8NGT0,P62891,0,0.10916706919670105
P46199,Q9NV31,1,0.9239882826805115
Q9Y399,O60783,1,0.9284185767173767
Q13303,A6NKC0,0,0.22371545433998108
P10632,P07099,1,0.5128377676010132
P10916,Q13464,1,0.23507902026176453
Q9Y6Y9,Q8TF72,0,0.1748667061328888
P0C0S8,Q93077,1,0.9495726227760315
Q96SQ9,P08684,1,0.8821715116500854
Q6VVX0,O60828,0,0.10248300433158875
Q86Z20,A6NFA1,0,0.12726010382175446
Q96QH2,P0CG41,0,0.4568576216697693
Q5TEU4,Q8TCB0,0,0.12872764468193054
Q15796,Q15797,1,0.5091440081596375
P02794,Q9H611,0,0.1349225640296936
Q9NW13,O76021,1,0.9393746256828308
Q8WWX0,Q9Y320,0,0.12242870032787323
Q9HCQ5,A0A087WXM9,0,0.1235036849975586
P42336,P04626,1,0.3514184355735779
Q8NGR2,P09466,0,0.41770440340042114
Q9Y3C7,Q01628,0,0.09570509195327759
Q86SR1,Q15382,0,0.12429462373256683
P08138,Q99523,1,0.22870084643363953
P35249,O75943,1,0.7863090634346008
O00522,Q8NHP6,0,0.32876306772232056
Q6ZN28,P63027,0,0.44893962144851685
Q7Z449,P51589,1,0.910468339920044
P16870,Q8NH49,0,0.16855637729167938
P60368,Q8TC26,0,0.11232675611972809
Q6YHK3,Q8NH55,0,0.1670810729265213
Q9C0F0,Q92616,0,0.3430941700935364
Q9BYD3,P62750,1,0.9476916193962097
Q8NE18,P28330,0,0.1293812394142151
Q86YD3,Q9P275,0,0.12061553448438644
Q9UMS0,Q86U28,1,0.8308339715003967
P42336,P15260,1,0.2601689398288727
Q86W26,P62330,0,0.32195422053337097
A8MPY1,Q8NHB7,0,0.2000698745250702
Q8NH19,P27824,0,0.25583022832870483
P62834,P15498,1,0.21640445291996002
P35575,Q9BUM1,1,0.9036874771118164
Q9BZE9,Q15345,0,0.3059031367301941
P05177,P10632,1,0.848020613193512
P51157,Q8TB96,0,0.1104641854763031
Q9Y3T9,P62750,1,0.9289789199829102
Q9NWW7,O00422,0,0.3948131501674652
Q9NYK5,Q86UD3,0,0.12154524773359299
Q96KP1,Q92974,1,0.17083320021629333
A0A1W2PPQ1,Q07065,0,0.2446392923593521
P60763,Q96BY6,1,0.6392062306404114
Q86U38,Q9Y3T9,1,0.8026087880134583
P24844,O14950,1,0.9090090990066528
P12829,P08590,1,0.925087034702301
Q9UBY0,Q9UKS7,0,0.12783071398735046
Q9BXN6,Q96JG8,0,0.46949729323387146
O95222,Q8IYP9,0,0.38556015491485596
Q9Y4C8,Q9BQT9,0,0.10909407585859299
Q96SQ9,Q6V0L0,1,0.6892249584197998
O94985,Q7L8S5,0,0.103178970515728
P19387,Q03468,1,0.7023066878318787
Q9H169,Q8IY18,0,0.22513794898986816
Q309B1,Q99983,0,0.1945667564868927
P78560,Q9UL68,0,0.76688152551651
Q9HCH3,P47736,0,0.45376455783843994
Q9H205,Q969F2,0,0.13350938260555267
Q8WZ73,P58004,0,0.13941529393196106
P35680,A4D2B0,0,0.21135543286800385
P56524,Q14814,1,0.45565396547317505
Q9Y4C8,Q14137,1,0.9001297354698181
P17535,P17275,1,0.8638870120048523
Q15700,P78352,1,0.9131154417991638
Q6P582,Q96RT8,1,0.2085166573524475
Q99574,Q9H4I8,0,0.2192922681570053
Q06455,Q9ULY5,0,0.15020912885665894
Q9NRX5,O95759,0,0.19578538835048676
A6NDG6,P54578,0,0.1375303715467453
Q8NGH3,Q8IUW5,0,0.13474971055984497
O95633,O95801,0,0.14451192319393158
Q3LI83,Q3LI81,1,0.6838500499725342
Q5T8I3,P62306,0,0.1359536498785019
Q16696,P10635,1,0.8764235973358154
P29508,Q6UWR7,0,0.762222409248352
Q5SV97,Q96AQ8,0,0.14594978094100952
O43150,Q8TDY4,1,0.5052297115325928
Q15612,Q8NGP3,0,0.8879684805870056
Q9Y4F1,Q9NRX5,0,0.22983187437057495
Q9Y5U4,Q96BU1,0,0.13701586425304413
P52630,Q14653,1,0.29207301139831543
O60234,Q96RD0,0,0.12039890140295029
Q8TDN2,Q15648,0,0.1197313666343689
P49916,Q7Z2E3,1,0.3330453634262085
Q08752,Q6XZF7,0,0.3082287013530731
Q9HC29,P29144,0,0.19258259236812592
P61006,Q8TDR0,1,0.37104326486587524
Q16777,Q8NB37,0,0.3112030327320099
Q96RP8,O95741,0,0.18990208208560944
Q13018,Q14451,0,0.2116468846797943
Q14444,Q53G44,0,0.1594981849193573
Q8NH04,Q96I51,0,0.11106181144714355
Q96SE0,P17535,0,0.1241571381688118
P07585,P21810,1,0.9267136454582214
O75947,Q16718,1,0.9382489323616028
P37088,O75636,0,0.16780756413936615
Q9Y5J7,Q9H7E9,0,0.2017168402671814
Q96KP1,Q8TAG9,1,0.8623297810554504
Q9Y221,Q9BXY0,1,0.8579296469688416
O75762,Q96BT1,0,0.22613507509231567
Q15032,Q9NX57,0,0.23389968276023865
Q8NGP2,Q8WWQ8,0,0.15562406182289124
Q8NGE8,Q9Y6X2,0,0.11386902630329132
Q13485,Q8N5L8,0,0.29145920276641846
P60900,P54578,1,0.21039831638336182
Q6JVE6,P51665,0,0.11622694879770279
Q96R47,Q8NEX6,0,0.24776846170425415
P36954,Q6P1X5,1,0.6903151273727417
Q8WXE9,Q9H344,0,0.12369208037853241
Q01628,P57052,0,0.09703132510185242
A6NFA1,Q9Y5L3,0,0.3279600143432617
O43242,P28066,1,0.7716490626335144
O43818,O00566,1,0.8701314330101013
Q9ULZ0,Q6NXT1,0,0.21023930609226227
P16144,Q13753,1,0.5959270596504211
Q15648,P62241,1,0.40218961238861084
Q5KSL6,Q9NUG4,0,0.2602088153362274
Q5TGU0,Q0P5N6,0,0.11941772699356079
Q9BXU2,P51888,0,0.1358087956905365
Q8NGX1,Q3LI76,0,0.11322227865457535
Q9UHX1,Q6STE5,0,0.8441162109375
Q9NXU5,O94886,0,0.14424152672290802
P60763,P15498,1,0.3104945719242096
P61970,Q9UKK6,1,0.751376748085022
Q16518,Q9NZN9,1,0.18738265335559845
Q8WZ92,Q9NRE1,0,0.191901296377182
Q9P1Q5,Q8TDR0,0,0.10564044117927551
P19387,P0C0S5,1,0.5503442287445068
Q8NGJ7,Q9NPY3,0,0.11905461549758911
O43174,P11464,0,0.21841277182102203
Q7L5L3,O95711,0,0.15073923766613007
Q5JSP0,Q9H4L7,0,0.11258818954229355
Q8NEL0,Q99576,0,0.143988698720932
Q9Y3L5,P61586,1,0.5940468311309814
Q8TDM0,Q9UIV8,0,0.14678464829921722
Q8IUE6,Q7Z589,0,0.8249524235725403
Q9Y6J9,Q7Z7C8,1,0.5847094655036926
Q3MJ13,Q9BYQ3,0,0.12193340063095093
O60844,Q9UJY1,0,0.26538917422294617
Q2WEN9,P42331,0,0.20218603312969208
Q9UK17,Q6PIL6,1,0.2324122041463852
Q8NGI9,P05452,0,0.2764936685562134
P42224,P05161,1,0.4083172380924225
P0C7H8,P48742,0,0.20490418374538422
P11488,O75916,1,0.4612908661365509
P62834,O00329,1,0.22305601835250854
P20336,P24386,1,0.17953048646450043
Q9Y5Y7,O43915,1,0.2529699504375458
Q96IQ7,Q96JM4,0,0.1482549011707306
Q6UWW0,Q8NGZ2,0,0.20136751234531403
Q96DD7,A0A087WVF3,0,0.16625232994556427
Q5VWG9,Q6P1X5,1,0.5860469341278076
P62072,Q9Y5J9,1,0.7944334745407104
Q9NV31,P62750,1,0.9578899145126343
P20042,P08865,1,0.9339081048965454
P11245,P05177,1,0.5849332213401794
O94804,D3W0D1,0,0.1311035454273224
Q9UK96,P25787,0,0.30958932638168335
Q9UBG0,Q96PL5,0,0.24397943913936615
Q92974,Q6IN84,0,0.11740346252918243
Q99685,Q9P0J0,1,0.11901863664388657
P61224,P42338,1,0.2946792542934418
O43676,Q9P0J0,1,0.9235564470291138
P84022,Q9HCE7,1,0.2320997416973114
Q02928,P05177,1,0.8605124950408936
P07585,Q9NQR9,0,0.26457569003105164
Q6IEU7,Q8NGF8,0,0.8964009284973145
P17658,Q09470,1,0.8633644580841064
Q9Y679,Q8TBN0,0,0.1790751814842224
O95976,Q9H255,0,0.1285870224237442
O75425,Q6B9Z1,0,0.14456573128700256
O60741,Q12815,0,0.14253920316696167
P62330,A6NNM8,0,0.18923622369766235
O43818,Q96A65,0,0.2036074995994568
Q9H0B6,Q07866,1,0.8237934708595276
Q6ZNG9,Q71F23,0,0.15115265548229218
Q00888,A0A096LNM5,1,0.831636369228363
P46199,Q9BZE1,1,0.9194011688232422
P25789,P54578,1,0.20108088850975037
O94842,O75970,0,0.44938114285469055
A6NL82,O75116,0,0.12998196482658386
O43766,O75340,0,0.14240621030330658
Q02928,P20813,1,0.9024379253387451
P62312,O43172,1,0.9167639017105103
P05412,Q15788,1,0.7295496463775635
O75915,Q8NGF0,0,0.12867873907089233
P24844,P60660,1,0.6734582781791687
P62750,P29692,1,0.8346180319786072
P61224,P52735,1,0.2324652373790741
Q13503,P18074,1,0.3810572624206543
P21583,Q8NGU4,0,0.15597879886627197
Q6ZWE6,Q6P996,0,0.22143234312534332
Q96S94,Q6T311,0,0.14026054739952087
Q6PJQ5,Q5T749,0,0.1818249225616455
P09874,Q9NTX7,1,0.273257851600647
Q969S0,Q9BY71,0,0.12746062874794006
Q9P278,O95049,0,0.27498355507850647
Q9BYV7,O75131,0,0.43042489886283875
Q99942,O43166,0,0.23716022074222565
Q9UIX4,Q8N807,0,0.14486411213874817
Q8WWH5,Q96PZ0,1,0.7746941447257996
Q9UN30,Q9P0V8,0,0.14389821887016296
P04908,Q99741,0,0.720967173576355
Q9NR63,P20813,1,0.8054720759391785
Q13795,Q8NGI3,0,0.11719842255115509
Q5T5P2,Q9BQ95,0,0.14199484884738922
P58505,Q8NDH3,0,0.1321801245212555
O75629,A0A3B3ISG8,0,0.2399420142173767
I1YAP6,P05111,0,0.12729302048683167
P11712,Q6V0L0,1,0.48166969418525696
Q9UBK5,P15498,1,0.3556686341762543
P11509,P20853,1,0.9247341156005859
Q9UHV5,Q13636,0,0.1315695196390152
P25788,P51665,1,0.9186317324638367
Q8N201,Q9ULU4,1,0.5124141573905945
P40261,Q96J94,0,0.15466521680355072
Q14940,Q9BVA0,0,0.13231733441352844
P62306,O14744,1,0.2551078498363495
P51665,O14818,1,0.9051109552383423
B3KS81,Q92925,0,0.11892595142126083
Q13410,Q99541,1,0.4451356828212738
Q17R60,Q8NGS4,0,0.14393006265163422
A8MXZ3,Q9Y4L5,0,0.23284439742565155
P50148,P61586,1,0.6379410624504089
P18074,P49848,1,0.8046420812606812
Q96AQ8,Q6UXD7,0,0.1138412356376648
P62750,P08865,1,0.9534011483192444
Q9Y221,P11712,0,0.11970234662294388
Q8WU67,Q8NGA1,0,0.3261682391166687
Q9NRX2,Q7Z2W9,1,0.9556615948677063
Q9BXY0,O95478,1,0.9430304765701294
Q92993,Q6PI98,1,0.22391682863235474
P36954,P04908,1,0.693386971950531
Q9Y585,F5GYI3,0,0.1287757307291031
Q93038,Q8N6L0,0,0.15585865080356598
Q9BWS9,P09467,0,0.1925666481256485
Q9GZM5,Q9GZM7,0,0.15323588252067566
Q9H8E8,P84095,0,0.2887941598892212
P0DP23,P01112,1,0.16127891838550568
Q86VB7,P22897,1,0.7184280157089233
Q9BSR8,Q8NGB9,0,0.11045639216899872
P29372,Q9UPN7,0,0.4604906439781189
Q86US8,O14746,1,0.5189298987388611
Q9Y3T9,O60832,1,0.9078295230865479
P49588,Q9NSE4,1,0.885502815246582
P61225,Q9P0V3,0,0.26478686928749084
Q92565,P01111,1,0.3517811894416809
Q9BZ71,Q14653,0,0.28342145681381226
P48742,Q9Y3L5,0,0.1702200323343277
Q969K3,Q9P2F8,0,0.21397827565670013
Q8WXS5,P78352,1,0.6975418329238892
Q96IQ7,Q969Y0,0,0.18474796414375305
P17858,Q01813,1,0.9208001494407654
P08865,P04156,1,0.2510042190551758
P20700,P50402,1,0.6380093693733215
P40763,O15446,0,0.5826835036277771
P55884,P20042,1,0.6805472373962402
Q53HL2,H7C0C1,1,0.19844479858875275
Q13410,Q9Y2U9,0,0.1741969883441925
Q93099,P32754,1,0.8502369523048401
Q8WXG1,P05161,1,0.17959082126617432
P35270,Q8NEC7,0,0.49766331911087036
Q9Y585,Q9BXS0,0,0.15535055100917816
Q684P5,Q86T03,0,0.22302938997745514
Q8WVM0,P62306,0,0.8072418570518494
Q8NGF8,P05155,0,0.20982365310192108
P03901,A0A3B3ISG8,1,0.6162965893745422
Q6P1Q9,O15054,0,0.175007164478302
Q86V81,Q7Z2W9,0,0.8846656680107117
P01023,Q8TBN0,1,0.15920566022396088
Q96LZ3,H0Y626,0,0.15998642146587372
Q9H0U4,P24386,1,0.2498607635498047
P22459,P78352,1,0.629581093788147
P08865,P61513,1,0.9495662450790405
P36954,P32780,1,0.7522590756416321
P46199,Q9NYK5,1,0.9033766388893127
A0A096LPI5,Q9BXT4,0,0.13214564323425293
Q9Y6P5,Q53H47,0,0.29828566312789917
Q9H8M7,Q9UBX5,0,0.16919900476932526
A6NGC4,O75928,0,0.10637582838535309
P18505,P47869,1,0.9079691171646118
Q8N7M0,Q8IZY2,0,0.22188517451286316
Q53EU6,Q86UL3,1,0.8955816626548767
A6NDB9,Q8NGM1,0,0.13693006336688995
P05165,P62273,0,0.17536817491054535
O43448,Q09470,1,0.23639079928398132
P24844,P05976,1,0.3766249418258667
P0C7T8,Q8WZ73,0,0.11570816487073898
Q8NGE5,Q8WXS5,0,0.14364974200725555
Q9NSE4,Q6T310,0,0.15613870322704315
Q9BYD3,Q8IXM3,1,0.9579755663871765
Q9Y5P1,Q9Y4H4,0,0.11112219840288162
P23515,Q9H0Y0,0,0.11747762560844421
Q9UK17,P42658,1,0.19030939042568207
O75355,P55263,1,0.27154383063316345
Q12816,Q8NG92,0,0.10962057113647461
O15318,Q14653,0,0.26662230491638184
Q16777,Q8IUE6,1,0.9449768662452698
P17081,Q9BWG6,0,0.3248746395111084
P20823,P35680,1,0.8077868819236755
P30536,O60260,0,0.12075003981590271
Q9BQI9,Q8IY26,0,0.12618312239646912
Q8N9F7,P10916,0,0.2153129279613495
P33681,Q9Y6W8,1,0.8872680068016052
P30626,Q6IQ22,0,0.16774572432041168
P04908,P35226,1,0.8476260900497437
Q96SQ9,Q5TCH4,1,0.8570295572280884
P05976,P19105,1,0.4031359851360321
Q8IUS5,Q7Z2T5,0,0.12289924919605255
Q9Y399,Q9BZE1,1,0.9042354822158813
Q99685,O75380,1,0.1420309841632843
Q8WUM0,P52948,1,0.7181747555732727
Q13422,Q8NGV0,0,0.12066281586885452
Q8WXG1,Q00978,1,0.1900547444820404
A0A096LNW5,O43543,0,0.12873387336730957
P41002,Q8NGX9,0,0.12507818639278412
Q9BUJ0,Q9P0V8,0,0.1643071323633194
P56381,P56385,1,0.2646198272705078
P16870,Q9Y585,0,0.1658671796321869
A6NEM1,P02750,0,0.16988328099250793
O00194,P35625,0,0.1264577955007553
O94905,Q8N5W9,0,0.2538165748119354
O75695,P36405,1,0.39193195104599
P35790,O95801,0,0.6220610737800598
O00602,P11226,1,0.719694197177887
Q8N474,O43676,0,0.15763308107852936
Q9UKW4,P15498,1,0.9048523902893066
Q9P2F8,Q96CX6,0,0.25028660893440247
Q8NGE2,A0A1B0GUT2,0,0.130973681807518
Q99983,P20774,1,0.7412494421005249
P34903,Q9ULL0,0,0.25299888849258423
P03901,P49821,1,0.32566502690315247
Q8TAA3,P25786,1,0.890877902507782
Q9NRX2,P82914,1,0.9567157626152039
P20337,Q86Z02,0,0.3050154447555542
Q15303,Q9H0M0,1,0.6725203394889832
Q96RS6,Q07866,0,0.23807436227798462
O14524,Q15257,0,0.1736142933368683
Q01813,Q9H082,0,0.15933464467525482
Q06124,P58872,0,0.21499086916446686
O75355,Q684P5,0,0.18658404052257538
Q92623,Q9BU20,0,0.18329542875289917
Q6UWR7,Q9BW91,0,0.8067119717597961
P02686,A6NM03,0,0.1485789567232132
A6NH00,P47888,0,0.8880336880683899
Q8IUB2,Q96RQ9,0,0.27253371477127075
Q96A58,O43148,0,0.1710536777973175
P05108,O43602,0,0.1431494951248169
P04798,Q16678,1,0.896883487701416
Q9Y4W6,Q9P0J0,1,0.8840826749801636
Q9H1F0,Q02747,0,0.6488549113273621
P10515,Q9P2R7,1,0.897121787071228
Q7LG56,Q9Y227,1,0.5124805569648743
P29350,P16410,1,0.5294793844223022
Q92796,Q96PU5,1,0.8856019973754883
P55808,A6NDG6,0,0.19131527841091156
Q4FZB7,C9JR72,0,0.2332441359758377
P05412,Q9Y6Y9,0,0.13339699804782867
Q9UJH8,Q12934,0,0.14952696859836578
Q7Z2W9,Q9H208,0,0.1144067719578743
Q16322,Q15797,0,0.1425418108701706
O14764,P24588,0,0.20204667747020721
O43895,P54277,0,0.12018463760614395
A4D161,O75326,0,0.12807215750217438
P62241,Q5QJE6,1,0.5225063562393188
Q99541,Q7KYR7,1,0.3744714558124542
Q9BYU5,Q14C86,0,0.12375707179307938
A6NES4,A8MXD5,0,0.149948388338089
O14526,Q8TCC7,0,0.15691369771957397
P09874,Q7Z2E3,1,0.4264845550060272
P20813,P07099,1,0.6318367123603821
Q13485,P01106,1,0.5918481945991516
P62306,P62312,1,0.9238713979721069
Q96R69,Q8IZJ3,0,0.17123918235301971
Q9BT67,O00308,1,0.19805686175823212
A0A1W2PRV1,A7MCY6,0,0.17684108018875122
O15335,Q9BRJ9,0,0.2556977868080139
O60841,O60832,1,0.8812685608863831
Q92879,Q8IUB2,0,0.12364120781421661
Q8NGY1,Q6AI12,0,0.12506943941116333
Q13395,Q9Y2E8,0,0.16750051081180573
Q7Z2W9,P62829,1,0.9540907144546509
Q96K17,Q9UBS5,0,0.19382508099079132
Q12770,O15503,1,0.18891304731369019
P27487,O15547,0,0.1633220613002777
P04899,P01111,1,0.4578392505645752
Q9HCM9,P19827,0,0.14190566539764404
Q9H9J2,Q9NYK5,1,0.9323261380195618
Q8NHZ8,P30260,1,0.6706840395927429
Q8NG80,Q8NEX6,0,0.21037282049655914
P60763,P63000,1,0.9400436282157898
P40763,Q00978,1,0.7277145981788635
O75964,P10515,0,0.7902926802635193
O43516,P60953,1,0.38618165254592896
Q9BRB3,Q9BYV7,0,0.1641715168952942
P61019,Q8N0Y3,0,0.11339467018842697
Q96GA3,Q8IY81,1,0.9101093411445618
Q9UK96,Q9UK55,0,0.14018476009368896
P01031,P07360,1,0.20480801165103912
Q99439,Q9Y399,0,0.20635443925857544
O14990,Q8NH59,0,0.12941458821296692
O75947,P18859,1,0.941941499710083
Q9NYR9,Q8NGN2,0,0.11366510391235352
P04899,P01112,1,0.507366955280304
Q5JTJ3,Q8NGA1,0,0.20073819160461426
Q96S15,Q9Y6P5,1,0.26960405707359314
O75964,Q9UBX5,0,0.12174754589796066
P11712,P08684,1,0.8836820125579834
A0A1W2PRV1,Q8NEA4,0,0.3910759389400482
Q8WVM0,P82914,1,0.8921132683753967
Q07973,O15528,1,0.8864290714263916
P36404,Q7L5L3,0,0.1277466118335724
Q08AI8,Q8NGZ4,0,0.12978288531303406
Q5T0D9,Q7Z449,0,0.14009486138820648
Q96BQ3,P56559,0,0.1722775101661682
Q58WW2,O75925,0,0.8193321824073792
P0DP23,P27482,1,0.8683556914329529
Q00978,Q7Z4Y8,0,0.13025934994220734
Q86XM0,P0CI25,0,0.1527920514345169
P48058,P42261,1,0.9377614259719849
P17275,P05412,1,0.8569028973579407
A4D161,P40261,0,0.12971793115139008
O43278,P53680,0,0.12167973071336746
P02794,Q13772,1,0.173549622297287
P05165,P03901,0,0.17437957227230072
Q9H9J2,O94886,0,0.12268044054508209
Q7LG56,O75355,1,0.30409547686576843
P27824,Q13438,1,0.7414330840110779
Q8NGE7,P48547,0,0.18328583240509033
Q9NRX2,Q5T8A7,1,0.15002095699310303
Q8NGE8,Q5EB52,0,0.19951681792736053
Q9NYS0,Q86WD7,0,0.1267714500427246
Q16384,Q15532,1,0.1816135048866272
P36954,Q13889,1,0.7783689498901367
P53602,Q01581,1,0.8644310235977173
Q4U2R6,Q9H9J2,1,0.9247408509254456
Q02535,Q8N6T3,0,0.12393366545438766
Q6P3S1,A8MVA2,0,0.11368607729673386
P62312,Q5BKX5,1,0.15104301273822784
P40938,O75943,1,0.9048768281936646
Q9NR16,Q92186,0,0.354882150888443
P60900,Q8TAA3,1,0.9172865748405457
Q8NH94,Q2NL68,0,0.13849011063575745
P57772,P62273,1,0.8357494473457336
Q9Y3T9,Q9Y4C8,1,0.9203060269355774
Q9Y5J6,Q9Y5J9,1,0.7021868228912354
Q9Y6B6,A6NCV1,0,0.11220405250787735
Q2HXU8,B1AK53,0,0.2987070381641388
P18505,P14867,1,0.8985384106636047
Q86U38,Q86VQ1,0,0.1201917827129364
P04198,P01106,1,0.8898060321807861
P23434,Q16322,0,0.29389941692352295
Q99983,Q6P6B7,0,0.1591079980134964
Q13480,P42338,1,0.4899756908416748
Q8WU66,Q8NGF1,0,0.16824987530708313
Q92618,A6NH21,0,0.12503045797348022
Q8WVQ1,P49961,1,0.43612703680992126
Q9Y6Y9,O95711,1,0.5354424715042114
Q99741,Q7L590,1,0.8119185566902161
Q14849,Q8NHP6,1,0.3477766513824463
O00244,Q6IEU7,0,0.14360825717449188
P20340,Q8IUD2,1,0.3845309019088745
P58004,P58005,1,0.8462079167366028
P10155,P69849,0,0.22694668173789978
O43869,Q9UBK9,0,0.13434304296970367
Q13829,Q8WZ19,1,0.4317570924758911
A0A087X1G2,P01031,0,0.21715809404850006
P98187,P35243,0,0.16512620449066162
Q9UQL6,Q8IVT2,0,0.2483186572790146
Q7Z3S7,Q96JG8,0,0.12671330571174622
Q8N9B8,Q8TAL6,0,0.15922988951206207
Q15269,P62241,1,0.8390173316001892
Q9UNQ2,Q5QJE6,1,0.5881354808807373
Q5JRA6,A2RU48,0,0.13634438812732697
P40617,Q8N428,0,0.11173529922962189
P62241,O60783,1,0.861101508140564
Q9NRX2,Q6P589,0,0.16914740204811096
P42336,Q8TCU6,1,0.7095203399658203
B2RN74,Q9UGF7,0,0.8839924335479736
Q8NH85,P17275,0,0.11775393038988113
Q6UXN2,Q76EJ3,0,0.1498221904039383
P45954,Q92947,1,0.9145288467407227
Q9NYK5,Q7Z2W9,1,0.916338324546814
Q9Y2L5,Q96Q05,1,0.8490620851516724
Q8WW52,P01009,0,0.2338494211435318
Q92618,Q12988,0,0.1792726367712021
Q8IU60,Q9Y6Z7,0,0.11649882793426514
Q8NC01,O95156,0,0.1647140085697174
Q9UNN8,Q8NGC5,0,0.2295406609773636
Q8NG99,P63316,0,0.15324221551418304
Q8NGV5,Q8NGK1,0,0.6428040266036987
Q8NGE3,Q00978,0,0.1518092006444931
Q15269,O15213,1,0.8387287259101868
Q8NGD5,Q9NRB3,0,0.2164745330810547
P24855,O60841,0,0.13898640871047974
A1A5D9,Q9H2C8,0,0.12755627930164337
Q9BQ31,Q96B45,0,0.139780193567276
Q13424,Q9H0N0,0,0.13061824440956116
B7ZBB8,P42331,0,0.2378978729248047
Q8NGN1,Q6W3E5,0,0.2289518117904663
Q86U28,Q8WUM0,0,0.18560844659805298
Q8WXD9,Q9ULB1,1,0.22858108580112457
Q9HA82,P17405,1,0.6715076565742493
P52630,Q8N465,0,0.16199778020381927
Q8N7C3,Q8NGD5,0,0.13192033767700195
Q92539,Q14693,1,0.7192952632904053
Q86VZ6,Q9HAF1,1,0.20364265143871307
Q02928,P49768,0,0.1639624536037445
P62829,A0A0A6YYL6,1,0.9652983546257019
Q15620,Q14393,0,0.14196178317070007
O75821,P62241,1,0.8922860622406006
Q9NQZ2,Q7Z3T1,0,0.09254121780395508
Q9H207,Q9H209,1,0.8935542702674866
P82914,O95478,1,0.8875597715377808
Q9NYK5,P82650,1,0.7050877809524536
Q99653,Q13607,0,0.14075079560279846
O43676,P28328,0,0.20150189101696014
O15371,Q04637,1,0.5889989733695984
Q6IEZ7,K7ELM3,0,0.14230182766914368
Q96JJ3,P60763,1,0.7949672937393188
O14744,Q9NVM4,1,0.795796275138855
Q12988,Q04637,1,0.18601858615875244
Q6P1X5,P49848,1,0.7415313720703125
Q5T0D9,Q4ZG55,0,0.13320234417915344
P19438,O00220,1,0.8816647529602051
Q8NFR9,A0A096LNW5,0,0.39006105065345764
Q13363,Q13422,1,0.1795189082622528
O75800,P98073,0,0.15220414102077484
Q96GX1,Q6UX40,1,0.26853466033935547
Q9Y221,O95478,1,0.8566754460334778
P36954,Q13503,1,0.24259653687477112
Q8N1G0,Q9ULU4,1,0.4125174582004547
P60409,Q6L8G4,0,0.36572274565696716
Q15796,Q96PU5,1,0.2519538700580597
Q86WD7,Q96T54,0,0.24614951014518738
Q8IXM3,Q14534,0,0.27903056144714355
Q99928,Q8N729,0,0.42447900772094727
O00329,Q86T03,1,0.2524322271347046
Q96GD0,O00764,1,0.5147210359573364
Q99523,Q9UJY4,1,0.2591284215450287
P29692,P42658,0,0.16809417307376862
P62750,O60783,1,0.939887285232544
O00459,P61224,1,0.3236122131347656
Q14442,P37287,1,0.13562177121639252
P05976,Q96A32,1,0.27269524335861206
Q12772,O95477,1,0.15657033026218414
P48553,Q15269,1,0.39916351437568665
O43513,Q9P086,1,0.7047690749168396
Q8NGA0,O15231,0,0.14959414303302765
P61006,Q8TBN0,1,0.2839389145374298
Q13503,Q13889,1,0.3897101581096649
Q8NHV4,Q6WRX3,0,0.2153073251247406
P51575,P56373,1,0.8679770231246948
Q9UNQ2,O15213,1,0.8638232946395874
O43684,Q8NGJ9,0,0.11621637642383575
Q9BYQ7,Q9ULK2,0,0.12616106867790222
Q13200,Q8TAA3,1,0.8487495183944702
Q01085,Q8NGE9,0,0.10933736711740494
Q99541,Q6UXG8,1,0.31887078285217285
Q7LG56,Q5MY95,1,0.48963695764541626
Q09470,P20774,0,0.21220846474170685
Q9Y3C7,P18074,1,0.8000959753990173
O60783,P62857,1,0.8168996572494507
P61225,Q96MS3,0,0.15854276716709137
P51692,Q06124,1,0.8843706250190735
P04798,P07099,1,0.797373354434967
P28066,P25786,1,0.9143216013908386
O14879,Q8WXG1,1,0.14823086559772491
P05177,P07099,1,0.7729107141494751
Q6XR72,Q8NGF6,0,0.15135042369365692
Q8NGC2,Q9HBM1,0,0.11534012109041214
P11245,P18440,1,0.8555582761764526
O43915,Q8NGX9,0,0.17152173817157745
Q92748,Q9NPA3,1,0.38234686851501465
Q8N5M9,Q6PIV2,0,0.11734416335821152
Q9NSK0,Q9H0B6,1,0.8970292806625366
Q9H672,O94955,0,0.41145598888397217
Q96SL4,P10632,1,0.5834651589393616
Q8NGT7,Q9NWQ8,0,0.14087559282779694
Q99541,Q8WVV5,1,0.3703336715698242
Q9BQ90,Q15369,1,0.7051933407783508
Q03252,Q14739,1,0.16083063185214996
Q8NGG7,Q96S82,0,0.12278864532709122
O00566,Q9BUL9,1,0.26009583473205566
Q5FBB7,P30953,0,0.12448085099458694
P15260,P27986,1,0.3611672520637512
Q14641,Q7L4E1,0,0.3709021210670471
P82914,P62857,1,0.7531262040138245
Q9UNT1,Q8TD86,0,0.13206493854522705
Q99622,O60284,0,0.1689508557319641
O75528,Q6P1X5,1,0.7204596996307373
Q15648,Q00403,1,0.7941134572029114
P48764,Q5T2W1,1,0.1999283730983734
Q9H7E9,Q8NEP7,0,0.1316480040550232
O43174,P20813,1,0.7506504654884338
P57729,Q96MH2,0,0.4095296263694763
O14581,O95544,0,0.16761387884616852
Q12959,Q92796,1,0.862633228302002
Q7LG56,P49961,1,0.4552018344402313
P07585,P05019,1,0.4709842801094055
Q9BQS8,Q96AH8,1,0.24913251399993896
P17676,P84022,1,0.18155020475387573
Q96QC0,Q13636,0,0.19336985051631927
Q8WVM0,O00566,0,0.8328816294670105
O75821,P62273,1,0.8904725909233093
O14775,O75916,1,0.16682389378547668
P08754,P27986,1,0.8920360207557678
Q8IXQ8,Q6UDR6,0,0.13317155838012695
P62241,P62857,1,0.9007601141929626
Q9UIG4,O14764,0,0.20935480296611786
Q86XL3,Q8NH43,0,0.12716640532016754
O14763,Q6ZMU5,0,0.2680133879184723
Q86WT6,Q8NH94,0,0.1364201307296753
O00422,Q9BWC9,0,0.7097361087799072
P00533,Q68CZ2,1,0.5323507785797119
Q96A70,Q9UGF5,0,0.1551387459039688
P62873,P63096,1,0.2432652711868286
Q9NWQ8,Q8N2C3,0,0.17465601861476898
P51911,P0DP23,1,0.20697829127311707
P08138,P27986,1,0.4719592034816742
Q86XI6,Q8TDR0,0,0.1522340476512909
Q9UIG0,Q03468,1,0.8581097722053528
Q13009,P63000,1,0.2009655088186264
Q96KP1,Q9NRR8,0,0.13436205685138702
Q6P1X5,P17405,0,0.17381305992603302
Q8IU89,Q6ZMG9,1,0.8812550902366638
Q7Z6J8,O15090,0,0.14193716645240784
Q9Y2G4,Q9H2C1,0,0.1409526914358139
P62750,A0A0A6YYL6,1,0.9643184542655945
P09234,P33681,0,0.14999982714653015
A6NL26,P51151,0,0.10926169157028198
Q86SF2,O15446,0,0.2142540067434311
P10632,P05181,1,0.9081541299819946
Q15648,A0A0A6YYL6,1,0.3154095709323883
Q9UKW4,Q06124,1,0.8428025841712952
F5H4B4,P43080,0,0.1651189774274826
P60368,Q03721,0,0.13021762669086456
P00533,Q06124,1,0.8534098863601685
P19387,Q5VWG9,1,0.7055786848068237
Q6IN84,Q92186,0,0.12427476793527603
Q6P4E1,Q96AH8,0,0.13369052112102509
P20339,P51148,1,0.839443027973175
Q9Y4G6,Q9Y6Z7,0,0.1896510124206543
Q6NUJ2,Q52LG2,0,0.1182447001338005
Q9Y6W8,P42081,1,0.8791468143463135
Q6QNY0,Q9UBV8,0,0.14330746233463287
P30533,Q9Y689,0,0.15158985555171967
Q99567,Q12959,0,0.34514498710632324
Q14449,P01112,1,0.19517108798027039
O14746,O60832,1,0.6359497904777527
Q9UBS5,Q96NC0,0,0.13371892273426056
P42336,Q9Y6W8,1,0.3566669225692749
Q04637,O00303,1,0.7918794751167297
Q9Y5Y5,Q8WYQ3,0,0.33688655495643616
P42224,Q06124,1,0.868462324142456
Q9NZB2,O60403,0,0.1076267659664154
Q49A17,A6NKK0,0,0.2750088572502136
Q9NQZ2,O15213,1,0.9324828386306763
Q9UL51,O60741,1,0.9153417944908142
P27482,P02686,1,0.1458437293767929
Q14194,A6NCK2,0,0.1426192671060562
O75477,O94905,1,0.9001749753952026
O95661,P42338,1,0.16234177350997925
P53680,Q86UD3,0,0.12711480259895325
Q9BS16,Q06033,0,0.16079500317573547
Q9Y6Z7,Q9BWP8,1,0.7734513878822327
P02671,A0A494C0F3,0,0.2885359525680542
Q9BZE2,Q8WWH5,1,0.8399990797042847
P00568,P55263,1,0.7976689338684082
Q92539,Q9BQK8,1,0.689030110836029
Q15303,Q96J02,1,0.7826616168022156
Q9H7Z7,P41222,1,0.16948767006397247
Q969F1,Q9NPY3,0,0.14323514699935913
Q9Y587,P53680,1,0.9122412800788879
P0C0S5,Q9NXR8,1,0.8419930934906006
Q86TX2,A6NK02,0,0.14667679369449615
P00568,Q9Y5L3,1,0.4781123101711273
Q8NH21,P0CI25,0,0.12813208997249603
P42226,Q15306,1,0.7638235688209534
P00533,P42338,1,0.4692070186138153
Q9Y6K5,Q53G44,1,0.21861763298511505
Q15003,Q8N431,0,0.14033086597919464
Q13422,Q9UKT9,1,0.7983691096305847
P08754,P01112,1,0.5030942559242249
Q96L94,Q96PU5,0,0.17150740325450897
O95619,A6NM10,0,0.1228146180510521
Q02928,Q6V0L0,1,0.5323899388313293
Q9H207,Q9H208,1,0.9041572213172913
P35226,P35227,1,0.912857711315155
Q6ZSC3,Q9NUY8,0,0.1741267293691635
Q8NCW6,Q6ZMG9,0,0.3259067237377167
Q8NGT7,Q96FV0,0,0.11918802559375763
P28472,P14867,1,0.8984114527702332
Q96TC7,A8MUN0,0,0.1374235898256302
Q66K64,Q58WW2,1,0.4917442500591278
O60516,Q13541,1,0.8761277794837952
O75838,Q8TDI7,1,0.22888074815273285
O95801,Q9H008,0,0.41246920824050903
O95822,P14867,0,0.18032339215278625
O95251,Q9NX94,0,0.13212396204471588
O75899,P62873,1,0.14429016411304474
O75380,P56556,1,0.9429844617843628
Q96PL5,Q9NRX2,0,0.10979955643415451
P51665,P60900,1,0.9133968949317932
O60832,Q8IY81,1,0.9105826616287231
P56381,O75947,1,0.7485789060592651
Q9NR31,Q9Y6B6,1,0.8499055504798889
P01116,Q8TD86,1,0.14956748485565186
P12270,Q99567,1,0.4334743916988373
P20382,Q86U17,0,0.6070266366004944
O14967,Q15700,0,0.3972567915916443
Q6UDR6,Q7L7X3,0,0.12547233700752258
Q8NG99,A6NGC4,0,0.2892354726791382
P60763,Q9UKW4,1,0.3317669928073883
P62891,Q6UE05,0,0.10113105177879333
P11712,P98187,1,0.896489679813385
P03901,Q16718,1,0.9172562956809998
P29350,Q8N100,0,0.19458164274692535
O75925,O95156,0,0.11525251716375351
Q9Y6P5,Q92186,0,0.21304123103618622
Q14641,P51151,0,0.12129656225442886
P62241,A0A0A6YYL6,1,0.9390048384666443
P49961,Q5MY95,1,0.8852323889732361
Q9Y3T9,Q9GZR7,1,0.911634087562561
Q15269,Q9Y2P8,1,0.738386869430542
Q9UKG1,Q8NEU8,1,0.7772331833839417
Q9NR80,Q9Y5V3,0,0.1373678594827652
O75947,P56385,1,0.9333800077438354
P35625,A6NKX4,0,0.16740567982196808
P10632,Q8TED1,1,0.5958492159843445
O75947,P09669,1,0.9408210515975952
Q8NH02,I1YAP6,0,0.1233314573764801
Q02928,P51589,1,0.8714600205421448
Q7KYR7,Q5JPH6,0,0.14091597497463226
Q8WXS5,Q7Z3S7,1,0.2173427790403366
Q14202,Q8NGH5,0,0.11813793331384659
O75116,Q13464,1,0.8267011642456055
O15405,Q2M2W7,0,0.29116538166999817
Q8NG75,A0PJX0,0,0.15061625838279724
Q8N4Q1,Q9Y5J7,1,0.3160536587238312
P10747,O75144,1,0.8799906969070435
Q9HAS3,A6NLC8,0,0.12330149114131927
P42336,P15498,1,0.5898190140724182
Q03468,O43488,0,0.13484862446784973
Q8WY21,Q8NDY8,0,0.28480538725852966
A0A087WVF3,A6NKX4,0,0.23634634912014008
Q8WVP5,Q8NG81,0,0.11358693987131119
Q14117,C9JXX5,0,0.1646977812051773
P10155,Q5T1A1,0,0.11471862345933914
Q5TEZ5,Q9BYS1,0,0.1310063749551773
Q8NEU8,Q96AA8,0,0.5571991801261902
O00180,Q6IF99,0,0.4669356644153595
O76031,Q96TA2,1,0.35935336351394653
