Protein1,Protein2,ensemble_mean
O00629,Q06124_p,0.214477504561899
Q9UJX3,Q06124_p,0.14863836475684933
O00712,Q06124_p,0.08021787803387316
O00401,Q06124_p,0.45592389504925473
O14786,Q06124_p,0.17597198877615666
O00716,Q06124_p,0.09478077622963678
O00505,Q06124_p,0.21024049233734438
O14939,Q06124_p,0.45365829547624736
O14964,Q06124_p,0.309873667620385
O00267,Q06124_p,0.10851268162689207
O00264,Q06124_p,0.061758457895848204
O00469,Q06124_p,0.052122745412740513
O00515,Q06124_p,0.16903019231869554
O00519,Q06124_p,0.09912297009089817
O14929,Q06124_p,0.20796988473733197
O14920,Q06124_p,0.6124340182230388
O14745,Q06124_p,0.4403678238100993
O14746,Q06124_p,0.2578785629147501
O00212,Q06124_p,0.3443504816484577
O00213,Q06124_p,0.28380172141675253
A0AVK6,Q06124_p,0.07510401619575369
O00458,Q06124_p,0.06177395546513319
O00459,Q06124_p,0.8004247662006645
O00329,Q06124_p,0.7487227198275952
O15231,Q06124_p,0.09871532263416014
P46100,Q06124_p,0.21610032380345734
O14777,Q06124_p,0.4117105792814044
O00203,Q06124_p,0.08047467796118926
O00192,Q06124_p,0.3670660987155906
O00443,Q06124_p,0.710654043769822
O00444,Q06124_p,0.5222143597129263
O00303,Q06124_p,0.06089495371393962
O00305,Q06124_p,0.2894759657742254
O00308,Q06124_p,0.6875809522465024
O00453,Q06124_p,0.07111325815553007
O00541,Q06124_p,0.08053912299818185
O00151,Q06124_p,0.4281498880691773
O14976,Q06124_p,0.4288981405823553
O14974,Q06124_p,0.3472217207610623
O14975,Q06124_p,0.04932075778940078
P31152,Q06124_p,0.31881220203306443
O14713,Q06124_p,0.19580529614597358
O00220,Q06124_p,0.47775632326167783
O14874,Q06124_p,0.06677225894505524
O00559,Q06124_p,0.05079701259543508
O14497,Q06124_p,0.14943886248027582
A1L390,Q06124_p,0.22398543863215106
O14965,Q06124_p,0.4152828140529313
Q9UKJ3,Q06124_p,0.05479939887897284
O00148,Q06124_p,0.08030189344968738
O14639,Q06124_p,0.31486727915024215
O00566,Q06124_p,0.04961089206670973
O00567,Q06124_p,0.08162868149317487
O00560,Q06124_p,0.42966739692729716
O00562,Q06124_p,0.15137256709293276
O00767,Q06124_p,0.12919059943264077
O00763,Q06124_p,0.2369225781396053
Q92925,Q06124_p,0.09451628085573412
O00124,Q06124_p,0.1462761252594946
O14828,Q06124_p,0.05834286563622215
Q99666,Q06124_p,0.13474930478234787
O14737,Q06124_p,0.09434896884729363
O14730,Q06124_p,0.12403790696985897
O00159,Q06124_p,0.5202172558284092
O14545,Q06124_p,0.2573610181967562
O14543,Q06124_p,0.5379625981731769
O15014,Q06124_p,0.11891421239196942
O15013,Q06124_p,0.34488652247576307
O00571,Q06124_p,0.1316018929973852
Q92545,Q06124_p,0.05674108260279799
A6NKT7,Q06124_p,0.1318695905132413
A1L188,Q06124_p,0.04303415045580687
O14727,Q06124_p,0.5847457882288556
P35916,Q06124_p,0.35460026773427933
A6ND36,Q06124_p,0.1648727294306573
O00170,Q06124_p,0.5083276671708392
O14495,Q06124_p,0.09834659185793704
O14524,Q06124_p,0.04754043911804826
O14529,Q06124_p,0.12648616627780146
A1L020,Q06124_p,0.08643708705286843
O00193,Q06124_p,0.0565092984491495
Q92508,Q06124_p,0.04630774321803137
O14981,Q06124_p,0.10138576345509824
O15027,Q06124_p,0.09490950021575072
O15020,Q06124_p,0.2724889306468209
O00750,Q06124_p,0.7037143169440199
O14867,Q06124_p,0.2606552342311915
O14646,Q06124_p,0.059733564197126846
O14647,Q06124_p,0.06632989552701297
O14641,Q06124_p,0.6329397874555958
O00161,Q06124_p,0.1544466923741162
O00425,Q06124_p,0.1184128804428974
P12532,Q06124_p,0.4898459458615171
Q15154,Q06124_p,0.08761277793288155
P69905,Q06124_p,0.14862134554596843
O94880,Q06124_p,0.059203988238997717
O14530,Q06124_p,0.3080987261061622
O14879,Q06124_p,0.48793220206948773
O14795,Q06124_p,0.5908136885641395
O14893,Q06124_p,0.05852943295495126
O00257,Q06124_p,0.17796491456220606
O00410,Q06124_p,0.1661773980737496
O00418,Q06124_p,0.6473302374392298
O00461,Q06124_p,0.046979293954630755
O00139,Q06124_p,0.3895356079147903
A0FGR8,Q06124_p,0.10407570971085359
A5YM69,Q06124_p,0.07073688656484581
A2RRP1,Q06124_p,0.11681667737053211
A6NKD9,Q06124_p,0.36224897676863
A2AJT9,Q06124_p,0.047063764925341714
A4D1E1,Q06124_p,0.04851609861448586
O00116,Q06124_p,0.0700268757970748
A0MZ66,Q06124_p,0.4688901242256197
A2RU67,Q06124_p,0.05053162118514252
O15078,Q06124_p,0.34178845982179085
O60524,Q06124_p,0.07645532744976452
O95251,Q06124_p,0.08401132210474463
P05386,Q06124_p,0.0955842056268015
P05387,Q06124_p,0.09593807823215435
P05388,Q06124_p,0.084808990993736
P10275,Q06124_p,0.5230278812699432
O76021,Q06124_p,0.05772391412111251
O15258,Q06124_p,0.04555560007373234
P00540,Q06124_p,0.3525277625519871
O43933,Q06124_p,0.05666556848492862
O75381,Q06124_p,0.08180021080580079
O75382,Q06124_p,0.2462387870657785
O60762,Q06124_p,0.07043630977122967
O60763,Q06124_p,0.14198251019404345
O75940,Q06124_p,0.06178794532040065
O94906,Q06124_p,0.060252706313955864
O43426,Q06124_p,0.48350670553182323
O75164,Q06124_p,0.13600320879348482
O75165,Q06124_p,0.1852271271601606
O75167,Q06124_p,0.1805781525427024
P04629,Q06124_p,0.6473736296089191
O75362,Q06124_p,0.14855526324764562
O15523,Q06124_p,0.12852690207742706
O43491,Q06124_p,0.2189455950153691
O15068,Q06124_p,0.11041540321467473
O15063,Q06124_p,0.2889472028143997
O15061,Q06124_p,0.08585956150257786
O15067,Q06124_p,0.0813829369512005
O15066,Q06124_p,0.3459402882908781
P01833,Q06124_p,0.35684658486714665
P05060,Q06124_p,0.06188079968976166
O95248,Q06124_p,0.19177142249727358
O95243,Q06124_p,0.08829557443660926
O76039,Q06124_p,0.2959013900087315
P09493,Q06124_p,0.2177774735873219
O15084,Q06124_p,0.33087454053062354
P09543,Q06124_p,0.1919493362108376
O75427,Q06124_p,0.10453425912264698
P01130,Q06124_p,0.0892154654784862
P00533,Q06124_p,0.6983700540539395
O75391,Q06124_p,0.054555586291762305
O75396,Q06124_p,0.20905445217687535
P09038,Q06124_p,0.5114395962869052
O75886,Q06124_p,0.25975806944790486
O75556,Q06124_p,0.04737091821489373
O75553,Q06124_p,0.34099915126761726
O75955,Q06124_p,0.5195362442796064
O75083,Q06124_p,0.10575944241155977
O94806,Q06124_p,0.7572090040932584
O94804,Q06124_p,0.5288255656935428
P04637,Q06124_p,0.7376224292138158
O75376,Q06124_p,0.38201771240815285
O15400,Q06124_p,0.14154524592629997
O15403,Q06124_p,0.053619234495536315
O15534,Q06124_p,0.31513682682687805
O15530,Q06124_p,0.7445121017336164
O43521,Q06124_p,0.4715137746438014
O95757,Q06124_p,0.4280070669015532
O75533,Q06124_p,0.20623400828915117
O75821,Q06124_p,0.055323626532888096
O75534,Q06124_p,0.25743509627336225
P08865,Q06124_p,0.06272938579234902
P05129,Q06124_p,0.8030864537785881
P02100,Q06124_p,0.08812948023512213
O75419,Q06124_p,0.22808881734438313
O75410,Q06124_p,0.2188973447269847
O94979,Q06124_p,0.09937549666881783
O95983,Q06124_p,0.11030762754927499
O43914,Q06124_p,0.5278585445225772
O95295,Q06124_p,0.06056807468681234
O75569,Q06124_p,0.057312341830051426
O75563,Q06124_p,0.24221046851683345
P01106,Q06124_p,0.6781462728119795
P01100,Q06124_p,0.48285862924097367
P00450,Q06124_p,0.10235273052009601
O94966,Q06124_p,0.41824499235799506
O95807,Q06124_p,0.04911721598693862
P08195,Q06124_p,0.11764032349082287
P08034,Q06124_p,0.2600003025540819
O94811,Q06124_p,0.17815140314592554
O94819,Q06124_p,0.13892177741577075
O43683,Q06124_p,0.4159607973130205
O43684,Q06124_p,0.21058626431488844
O75182,Q06124_p,0.15308289761076596
O43353,Q06124_p,0.6579167730424218
O95503,Q06124_p,0.10933056316196077
O15438,Q06124_p,0.13627078270489568
O15439,Q06124_p,0.11335721466548825
O75113,Q06124_p,0.0884647291654934
P03372,Q06124_p,0.6189709404743556
P09104,Q06124_p,0.32877893793473617
P06127,Q06124_p,0.21258577184428903
O60493,Q06124_p,0.3376094624471715
O60496,Q06124_p,0.1256648000562511
P00338,Q06124_p,0.10184486955542042
O60832,Q06124_p,0.07774640963412863
O95197,Q06124_p,0.05704031897692641
O15234,Q06124_p,0.07994666322508921
P04350,Q06124_p,0.4026271865511539
P01024,Q06124_p,0.19980418942259853
O95997,Q06124_p,0.27393513726432606
P08729,Q06124_p,0.12863330251397814
O15350,Q06124_p,0.47193147208798825
O15355,Q06124_p,0.4073431085093975
O15357,Q06124_p,0.6756481019212512
O15504,Q06124_p,0.06554736684608811
P01112,Q06124_p,0.7981666225375693
O75970,Q06124_p,0.4840652319744483
O75976,Q06124_p,0.13896908953127396
O43237,Q06124_p,0.0903192954137924
O75995,Q06124_p,0.08196503168142878
P08183,Q06124_p,0.10655943860749917
O94826,Q06124_p,0.13287297679095042
O95425,Q06124_p,0.18680150562902317
O75351,Q06124_p,0.10905940568294252
O75794,Q06124_p,0.3529079754599502
O94776,Q06124_p,0.08632991646812663
O95772,Q06124_p,0.07378126695489444
O94856,Q06124_p,0.16967594583470685
O60486,Q06124_p,0.33370629050712497
P07199,Q06124_p,0.06946279847228587
P07197,Q06124_p,0.32153619788931737
O60828,Q06124_p,0.05883543678721387
O60825,Q06124_p,0.28971626697678227
O95361,Q06124_p,0.5355381459983114
P05106,Q06124_p,0.4487075558212205
O15294,Q06124_p,0.5404073418163523
O95163,Q06124_p,0.12848988527011176
O75923,Q06124_p,0.1547795348468816
P04183,Q06124_p,0.27278500023950913
O15360,Q06124_p,0.06867685395975011
P00505,Q06124_p,0.05923321029366121
O15164,Q06124_p,0.33445346158727357
O15162,Q06124_p,0.046090087334665755
O15160,Q06124_p,0.09611495794380198
P08069,Q06124_p,0.5993167508451036
P05362,Q06124_p,0.4466215972082356
O76080,Q06124_p,0.11014715424372531
O43752,Q06124_p,0.13794179180293883
O75695,Q06124_p,0.11166581596217347
O94832,Q06124_p,0.43902660274181127
O43815,Q06124_p,0.3032184191032265
O95394,Q06124_p,0.09425128002019671
O43597,Q06124_p,0.10458622639431799
O43379,Q06124_p,0.08528529787373595
O43572,Q06124_p,0.6251884582364534
O75030,Q06124_p,0.18538720751491464
O60216,Q06124_p,0.11900269567685058
O94762,Q06124_p,0.08376296922762373
P07333,Q06124_p,0.5167646771005452
P04406,Q06124_p,0.5523750680632011
O60927,Q06124_p,0.45248715869900347
O95707,Q06124_p,0.04971700107740432
O15198,Q06124_p,0.49836615081370644
O76070,Q06124_p,0.10838913007839945
O95373,Q06124_p,0.11976665582804247
O60583,Q06124_p,0.10213917443175236
O95376,Q06124_p,0.3621644328991916
P02461,Q06124_p,0.08659987966988208
O15371,Q06124_p,0.06249407639988105
O15379,Q06124_p,0.2466422914407668
O15173,Q06124_p,0.05219737653171584
P09693,Q06124_p,0.2835327057021518
P04083,Q06124_p,0.5874815140154699
O76094,Q06124_p,0.07883647026815466
O43182,Q06124_p,0.3765204029203287
O95391,Q06124_p,0.06042319710122296
O43741,Q06124_p,0.6772566073276591
P04792,Q06124_p,0.613107057176255
P04150,Q06124_p,0.579489051452094
O94842,Q06124_p,0.26587825832200906
O94844,Q06124_p,0.6188725968803647
P02808,Q06124_p,0.07464744404924092
O75330,Q06124_p,0.1947467991973892
O43583,Q06124_p,0.23295880665022456
O43586,Q06124_p,0.45060555037385386
P07947,Q06124_p,0.7721268286903484
O43566,Q06124_p,0.5968787371768259
P07948,Q06124_p,0.7853418713776505
P07949,Q06124_p,0.5900832740616953
P04899,Q06124_p,0.7903073154339386
P06493,Q06124_p,0.6693960434099495
P09923,Q06124_p,0.05998187088163959
P05787,Q06124_p,0.11697244298387266
P05783,Q06124_p,0.23282264338340042
O60934,Q06124_p,0.0605693329704214
P10636,Q06124_p,0.6579347567458369
O43865,Q06124_p,0.3025625003793251
O95573,Q06124_p,0.0542799707852469
P10412,Q06124_p,0.10620974459167569
O60841,Q06124_p,0.17659418029920665
O95149,Q06124_p,0.140045810836167
O15211,Q06124_p,0.5196912428151155
O95147,Q06124_p,0.15175745030984727
P02787,Q06124_p,0.11332060604371111
P02786,Q06124_p,0.39039960364879833
O43903,Q06124_p,0.4805502909219951
P02788,Q06124_p,0.0932167546862055
O15143,Q06124_p,0.3043785924402387
O15145,Q06124_p,0.5223216015146871
O43561,Q06124_p,0.3984047196447649
O43900,Q06124_p,0.34324422767179186
O75526,Q06124_p,0.07775797394589809
P08240,Q06124_p,0.08388638222023294
P02671,Q06124_p,0.07594805597495205
O43823,Q06124_p,0.0638012024843532
O95816,Q06124_p,0.38338156706097865
O95810,Q06124_p,0.06375424000676536
O75781,Q06124_p,0.22488023765732743
O43776,Q06124_p,0.06904074574525224
P10155,Q06124_p,0.14057103324373027
P05412,Q06124_p,0.6373601052250848
P10398,Q06124_p,0.6259764429615169
O75140,Q06124_p,0.162907301926368
P05771,Q06124_p,0.8089006779363721
P02768,Q06124_p,0.11311115408792535
O43395,Q06124_p,0.07551553868450409
P07954,Q06124_p,0.13561754522778835
P04554,Q06124_p,0.04685044281592251
O60271,Q06124_p,0.486424187508271
O15541,Q06124_p,0.0575231183583836
P07316,Q06124_p,0.07913445106792312
O60307,Q06124_p,0.40736307602026295
O43312,Q06124_p,0.18913611205598818
O95155,Q06124_p,0.1448727449612839
P08922,Q06124_p,0.5371159911283151
P02042,Q06124_p,0.06504048419864815
O15397,Q06124_p,0.08635935787647125
P07766,Q06124_p,0.3222303516854984
O15156,Q06124_p,0.1216604397700148
O15155,Q06124_p,0.08833045618518377
O75531,Q06124_p,0.5257959859909649
O75822,Q06124_p,0.07134798051663485
P02686,Q06124_p,0.2931957443892008
P08651,Q06124_p,0.06301001777370542
O95801,Q06124_p,0.15021644192703906
P09496,Q06124_p,0.16038094505730202
P01241,Q06124_p,0.1315887120714713
P06213,Q06124_p,0.6006166823757624
O43164,Q06124_p,0.1229346721682392
O43166,Q06124_p,0.17928949747304018
O75643,Q06124_p,0.0844101259014517
P07332,Q06124_p,0.6510567478870983
P04040,Q06124_p,0.05192040979136958
P04049,Q06124_p,0.7308196136622416
O43765,Q06124_p,0.13715505501779895
O75792,Q06124_p,0.07959849121648208
O75791,Q06124_p,0.6074179589531573
O94991,Q06124_p,0.07568092728587558
O94992,Q06124_p,0.18404389687354022
O43768,Q06124_p,0.20654946906597665
O95235,Q06124_p,0.5685144455201986
O94864,Q06124_p,0.09531053861351044
O43490,Q06124_p,0.0906617844321697
O43493,Q06124_p,0.0633339455990468
O60260,Q06124_p,0.7520158160248661
O60264,Q06124_p,0.18286769910850859
O60266,Q06124_p,0.4296973403585643
O75131,Q06124_p,0.10291161273676727
O15550,Q06124_p,0.18465618150956145
O95487,Q06124_p,0.0998521504571223
O60318,Q06124_p,0.07923687272365627
O75190,Q06124_p,0.19432424662868747
P09884,Q06124_p,0.07907537827934459
P08631,Q06124_p,0.7804891265608169
P08727,Q06124_p,0.09894993680926807
P05141,Q06124_p,0.10203544166439749
P08913,Q06124_p,0.06283263184686708
O95239,Q06124_p,0.5344581641487891
O15047,Q06124_p,0.1960640918696913
O75815,Q06124_p,0.6443163876637344
O15049,Q06124_p,0.07728496039114034
P04234,Q06124_p,0.30554198919289993
O43847,Q06124_p,0.41423460998229356
O75494,Q06124_p,0.07448134643794649
O75496,Q06124_p,0.3217214629902415
P08138,Q06124_p,0.6774871671097084
O95831,Q06124_p,0.0630308241345118
P08133,Q06124_p,0.10238904864232785
O60678,Q06124_p,0.29183649635806674
O60674,Q06124_p,0.7596997541242787
O95835,Q06124_p,0.7099100708688508
O95905,Q06124_p,0.05830123869974372
O43159,Q06124_p,0.08450718519731634
O43156,Q06124_p,0.23311049225475564
O43150,Q06124_p,0.2349409819112156
P05556,Q06124_p,0.5224255358862557
O75674,Q06124_p,0.10215732093266842
O75676,Q06124_p,0.5827802056771899
O94988,Q06124_p,0.12608955073020303
O43719,Q06124_p,0.07902280113600088
O60784,Q06124_p,0.21003641889178087
O15492,Q06124_p,0.27390833665880565
O60256,Q06124_p,0.32037614662853625
O75077,Q06124_p,0.05851420121146809
P10071,Q06124_p,0.4356542290367302
O94874,Q06124_p,0.05307101090996622
O75554,Q06124_p,0.060826676564005214
P10415,Q06124_p,0.7120929720577369
P08670,Q06124_p,0.25392300894841047
P02730,Q06124_p,0.13951677883245445
P08238,Q06124_p,0.5208498453492804
O15455,Q06124_p,0.5321658872384961
P09917,Q06124_p,0.13453901820358966
P09327,Q06124_p,0.13758265006037634
O43852,Q06124_p,0.054844004873561246
P01350,Q06124_p,0.14858148465949572
O43781,Q06124_p,0.09984037880677757
O60664,Q06124_p,0.18410722879775332
O43639,Q06124_p,0.660823803071463
O75665,Q06124_p,0.07251300957992321
O75663,Q06124_p,0.11307860393950879
O43707,Q06124_p,0.6191056423314953
O96028,Q06124_p,0.07687046058234584
P07900,Q06124_p,0.5273967639797084
O43525,Q06124_p,0.1906418704015177
O43524,Q06124_p,0.6880318717611311
O60242,Q06124_p,0.0977620147529279
O60245,Q06124_p,0.1614381230037673
O60244,Q06124_p,0.15626574801026
O75061,Q06124_p,0.13358565178395782
O94887,Q06124_p,0.1903666161026839
O94885,Q06124_p,0.13155518635510258
P05067,Q06124_p,0.47683327049583835
O75116,Q06124_p,0.7298061903021205
P10645,Q06124_p,0.10237308721582479
O60333,Q06124_p,0.3105383823233625
O43896,Q06124_p,0.5950970976396659
P10644,Q06124_p,0.3646899739913794
O60449,Q06124_p,0.055204556014134334
O75400,Q06124_p,0.08290325403356187
O95866,Q06124_p,0.20874998757645358
O15381,Q06124_p,0.07900092745325583
P07550,Q06124_p,0.5399094711449224
O60885,Q06124_p,0.4602840341760078
O95104,Q06124_p,0.06212116230877115
P06756,Q06124_p,0.35488812252503565
O15037,Q06124_p,0.18585770859865264
P08758,Q06124_p,0.21814295879550455
P08754,Q06124_p,0.809938926853321
P05187,Q06124_p,0.05752925347979963
O60658,Q06124_p,0.32365375820823894
P05455,Q06124_p,0.07935322216511478
P06241,Q06124_p,0.7768515518307793
O43609,Q06124_p,0.22607772715390767
O43603,Q06124_p,0.08539141277902881
P08575,Q06124_p,0.6245885233981668
O75582,Q06124_p,0.7270704591298187
P04075,Q06124_p,0.08331044860344029
O95819,Q06124_p,0.41797757389953044
O75056,Q06124_p,0.07235557181776807
O75052,Q06124_p,0.20065926358377
O95817,Q06124_p,0.38207356603329967
O95696,Q06124_p,0.07093206855933024
P07355,Q06124_p,0.5996665614704245
P07359,Q06124_p,0.3308871662227248
O95453,Q06124_p,0.19571687916580321
O75122,Q06124_p,0.38366683396144524
O75128,Q06124_p,0.28556401611616644
O60343,Q06124_p,0.4119190096488351
O60341,Q06124_p,0.4328365174557788
O60347,Q06124_p,0.08503754743160574
O15457,Q06124_p,0.10258218716028218
P07195,Q06124_p,0.12253438653822782
P07196,Q06124_p,0.39912240488564565
P07108,Q06124_p,0.16916903834006763
P06400,Q06124_p,0.5034121159633043
P06401,Q06124_p,0.45280459324366307
O95671,Q06124_p,0.2640025712103501
P09960,Q06124_p,0.100403594296631
P06744,Q06124_p,0.09140875599325252
O60437,Q06124_p,0.161862767913322
O95400,Q06124_p,0.20951933734091469
P06753,Q06124_p,0.22912610091351987
P09619,Q06124_p,0.4910197329196249
O15117,Q06124_p,0.48558460311618534
O60500,Q06124_p,0.245882254122546
O60502,Q06124_p,0.07506822856072082
O60503,Q06124_p,0.4186413968011876
O60504,Q06124_p,0.2453727782798502
O60506,Q06124_p,0.09985858325349942
O60508,Q06124_p,0.06201621500916502
P07437,Q06124_p,0.4102831321640867
P08100,Q06124_p,0.39729202864944735
P09769,Q06124_p,0.7688920065451474
P00390,Q06124_p,0.09142780362358913
P08567,Q06124_p,0.6958491542978976
P04004,Q06124_p,0.2904070447309789
O95625,Q06124_p,0.06974694522567763
O43293,Q06124_p,0.3982158616892081
O43290,Q06124_p,0.0667249566118857
O43296,Q06124_p,0.06323763369893241
O43295,Q06124_p,0.23012689504291348
O43294,Q06124_p,0.41975053428031295
O96000,Q06124_p,0.05059735819514285
O43613,Q06124_p,0.0935264146215435
O95684,Q06124_p,0.15680552292438815
O96013,Q06124_p,0.5964789225937136
P05093,Q06124_p,0.07551871523501488
O60353,Q06124_p,0.22212382220218158
O15446,Q06124_p,0.0633325071421288
O15440,Q06124_p,0.24585841671657344
O95067,Q06124_p,0.5361154328823848
P05198,Q06124_p,0.23442309360874108
P06733,Q06124_p,0.29788140919108336
P06730,Q06124_p,0.2196316411284512
O15056,Q06124_p,0.6910973197709719
P06737,Q06124_p,0.10098193869367218
O60488,Q06124_p,0.059104902736773345
P09429,Q06124_p,0.45367859467739863
P09601,Q06124_p,0.09311310868934428
P09874,Q06124_p,0.27173140358220443
P06396,Q06124_p,0.27571373081247447
O15270,Q06124_p,0.0929848897079554
P05023,Q06124_p,0.22356224387803825
O15304,Q06124_p,0.08218909813508717
P08559,Q06124_p,0.06021603958840952
O60749,Q06124_p,0.23682610912374039
O96017,Q06124_p,0.5676452231261806
O94929,Q06124_p,0.3232958502340854
O96019,Q06124_p,0.41498873310519224
O43264,Q06124_p,0.3849733173372405
O60292,Q06124_p,0.1560820630889608
O60293,Q06124_p,0.05587516073184949
O43663,Q06124_p,0.4350253623009537
O95478,Q06124_p,0.06003075941909014
O95477,Q06124_p,0.16340931935676334
O75146,Q06124_p,0.27536805021820104
O75145,Q06124_p,0.21806160307468145
O95782,Q06124_p,0.1840465151857489
O95785,Q06124_p,0.07414889146251447
O43318,Q06124_p,0.6682328083859475
O15479,Q06124_p,0.05828983568510143
O95630,Q06124_p,0.19652761890737866
O15042,Q06124_p,0.05672641362788415
O15344,Q06124_p,0.5466758815024344
P07315,Q06124_p,0.08559562156073863
O95260,Q06124_p,0.05518184256895518
O95263,Q06124_p,0.4653051661638653
O95297,Q06124_p,0.30443170425703403
P08833,Q06124_p,0.0515950555185795
O60566,Q06124_p,0.42432689573629984
P10244,Q06124_p,0.26891311618743013
O15264,Q06124_p,0.7548861700734372
O75446,Q06124_p,0.08185360582136401
O75449,Q06124_p,0.07742502439965354
O75448,Q06124_p,0.06994860601122313
P10301,Q06124_p,0.7645569422578724
P00558,Q06124_p,0.12330276009644561
O15318,Q06124_p,0.056540750602046344
O75844,Q06124_p,0.08351926627198354
P00736,Q06124_p,0.0708708407052931
O75937,Q06124_p,0.07982696154116212
P08493,Q06124_p,0.10598595428466022
O94913,Q06124_p,0.08829172295772657
O60287,Q06124_p,0.06282552942675983
O60285,Q06124_p,0.2525580114628276
O43278,Q06124_p,0.048825306627841916
O75717,Q06124_p,0.0808106139604767
O95466,Q06124_p,0.6503423948702383
O75151,Q06124_p,0.10836188096162795
O75153,Q06124_p,0.09935743615656215
O75157,Q06124_p,0.12423077055891255
O75044,Q06124_p,0.26719735833502006
O43301,Q06124_p,0.414149260985978
O43303,Q06124_p,0.3646774202199852
P05813,Q06124_p,0.10787058186537883
O95644,Q06124_p,0.3850378603741043
P31749,Q06124_p,0.7896918541123334
P20933,Q06124_p,0.0547660439083971
P13693,Q06124_p,0.12956700435784935
P20936,Q06124_p,0.7298509809785874
P33527,Q06124_p,0.16118993437115336
P35711,Q06124_p,0.12048165874969063
P21675,Q06124_p,0.0852390076150623
P21673,Q06124_p,0.15433383483320912
P30291,Q06124_p,0.22152958757695887
P29083,Q06124_p,0.08829357988448776
P40429,Q06124_p,0.05552972550213956
P40123,Q06124_p,0.19469790101358397
P16885,Q06124_p,0.7852688945270867
P29401,Q06124_p,0.08376051649277808
P39023,Q06124_p,0.05444566747848001
P35241,Q06124_p,0.5636364998559102
P33176,Q06124_p,0.6656078191018684
P17931,Q06124_p,0.37079493642750194
P17936,Q06124_p,0.06921126657370434
P17844,Q06124_p,0.1072624272360502
P41212,Q06124_p,0.09371412389863008
P43490,Q06124_p,0.37840757754233445
P28827,Q06124_p,0.48023202665047027
P27448,Q06124_p,0.3895177874589404
P16157,Q06124_p,0.43898591829047884
P31995,Q06124_p,0.3146894659983664
P15927,Q06124_p,0.10297762992073392
P19474,Q06124_p,0.5072122723518532
P26640,Q06124_p,0.0665019986283241
P26641,Q06124_p,0.0968484169660653
P40763,Q06124_p,0.7198636042895933
P23743,Q06124_p,0.3208031976158833
P23588,Q06124_p,0.10147935703497746
P11511,Q06124_p,0.1024336945126391
P20585,Q06124_p,0.3026867656394271
P16333,Q06124_p,0.6993068642337541
P25205,Q06124_p,0.12793641810061712
P33552,Q06124_p,0.13928703578013038
P40238,Q06124_p,0.2102726846638122
P40425,Q06124_p,0.09167476138114392
P30518,Q06124_p,0.15080253927421422
P48426,Q06124_p,0.3519990270338883
P29474,Q06124_p,0.7282390566277852
P29475,Q06124_p,0.765486556734207
P32929,Q06124_p,0.07673692419596365
P35251,Q06124_p,0.05176750873584568
P32927,Q06124_p,0.3482919212911356
P18669,Q06124_p,0.11930743004820674
P16989,Q06124_p,0.2588878566946613
P29692,Q06124_p,0.07250792714995136
P35659,Q06124_p,0.13274114842664048
P35658,Q06124_p,0.09731224024241923
P27694,Q06124_p,0.1491289847660004
P27695,Q06124_p,0.2610542374117412
P17858,Q06124_p,0.1146642959982418
P42771,Q06124_p,0.5703322691152881
P46783,Q06124_p,0.0659307275779077
P19447,Q06124_p,0.0797174329599713
P26651,Q06124_p,0.2616400762887563
P11217,Q06124_p,0.12336374483058395
P11216,Q06124_p,0.11860786789641295
P14598,Q06124_p,0.7154287278672763
P31949,Q06124_p,0.2970123501174214
P31948,Q06124_p,0.26947929036009827
P32942,Q06124_p,0.20305520160940743
P48048,Q06124_p,0.3993877150380497
P33897,Q06124_p,0.05489773757203894
P23511,Q06124_p,0.1679652120602624
P21333,Q06124_p,0.6897315437410387
P16452,Q06124_p,0.2416142892306003
P16455,Q06124_p,0.05864993357346158
P38159,Q06124_p,0.08941290863587888
P13010,Q06124_p,0.38177367533810413
P23025,Q06124_p,0.17251539020187298
P38398,Q06124_p,0.44499378125658506
P27986,Q06124_p,0.785538333821782
P35716,Q06124_p,0.27342168192459687
P18615,Q06124_p,0.07524154161478967
P18583,Q06124_p,0.19707351133634676
P17661,Q06124_p,0.14645687811866662
P22392,Q06124_p,0.5018130072847089
P40145,Q06124_p,0.52278180250284
P15531,Q06124_p,0.5127696338943317
P17028,Q06124_p,0.04816184352361535
P46060,Q06124_p,0.526316282535842
P42765,Q06124_p,0.05750214489634524
P22087,Q06124_p,0.05763051807342725
P42768,Q06124_p,0.3974705415197327
P40926,Q06124_p,0.08154501134196071
P18124,Q06124_p,0.0548060925427688
P15408,Q06124_p,0.2510116092337247
P24666,Q06124_p,0.0770272283523723
P17480,Q06124_p,0.2199738111596826
P14618,Q06124_p,0.4895070856473259
P42167,Q06124_p,0.2628115331704936
P19235,Q06124_p,0.32628236376207304
P33151,Q06124_p,0.29877332674999735
P11717,Q06124_p,0.13030998333795785
P19525,Q06124_p,0.5017039251507321
P48050,Q06124_p,0.1788017159609718
P13807,Q06124_p,0.6213664301677265
P31629,Q06124_p,0.10921735517392679
P31153,Q06124_p,0.170710392422918
P48681,Q06124_p,0.05383870244893668
P14921,Q06124_p,0.2665644016397144
P15407,Q06124_p,0.17465500099764772
P16615,Q06124_p,0.1952183100275344
P29322,Q06124_p,0.24233021196342325
P29320,Q06124_p,0.43829149035042514
P41219,Q06124_p,0.1627605115063815
P17676,Q06124_p,0.2632630869753085
P43487,Q06124_p,0.20225415867241833
P43003,Q06124_p,0.08190379294947416
P16871,Q06124_p,0.29518517774711306
P43007,Q06124_p,0.049667387551363754
P43004,Q06124_p,0.06568026557430938
P24071,Q06124_p,0.19934942735233774
P35527,Q06124_p,0.07641756315262577
P42681,Q06124_p,0.6067731397062806
P42685,Q06124_p,0.6883006898251061
P24928,Q06124_p,0.1309948561459532
P19429,Q06124_p,0.5479465313779138
P25787,Q06124_p,0.08214840413697456
P25788,Q06124_p,0.11742662594731679
P25789,Q06124_p,0.29480893123838536
P12270,Q06124_p,0.338857911144978
P17275,Q06124_p,0.2594651818959909
P15391,Q06124_p,0.5624435495117189
P11413,Q06124_p,0.36066586325407257
P11142,Q06124_p,0.4537492709970792
P16471,Q06124_p,0.3147226046878303
P17544,Q06124_p,0.3012289936982322
P15260,Q06124_p,0.39293919637262703
P13569,Q06124_p,0.3730715003341806
P16152,Q06124_p,0.07693313243249565
P10721,Q06124_p,0.6101514915028556
P15976,Q06124_p,0.4106791641609936
P37840,Q06124_p,0.7392656271988477
P17707,Q06124_p,0.363100498413344
P17706,Q06124_p,0.775785919158223
P23396,Q06124_p,0.12917939270831053
P13639,Q06124_p,0.14118814366253063
P15884,Q06124_p,0.21627643927171483
P15880,Q06124_p,0.05839087157883209
P35606,Q06124_p,0.10486738267583658
P35609,Q06124_p,0.5195371055005488
P42566,Q06124_p,0.2846296848467966
P42695,Q06124_p,0.09258517278734427
P42694,Q06124_p,0.0610061160160166
P42696,Q06124_p,0.04893326134161072
P12814,Q06124_p,0.6491323006730275
P21127,Q06124_p,0.10092383129792101
P14635,Q06124_p,0.5681709755384586
P24863,Q06124_p,0.09733708940608783
P24864,Q06124_p,0.3970032034754535
P20810,Q06124_p,0.16964116909359145
P16284,Q06124_p,0.5407782377935295
P15090,Q06124_p,0.14906171556569328
P31994,Q06124_p,0.27631881322416685
P40879,Q06124_p,0.2114429145684439
P40692,Q06124_p,0.05609990111921879
P33778,Q06124_p,0.09133598666950546
P14410,Q06124_p,0.05688443162633583
P11171,Q06124_p,0.37294998155841963
P11172,Q06124_p,0.29733211247529445
P20963,Q06124_p,0.45506947565096467
P47870,Q06124_p,0.08127461656813599
P30556,Q06124_p,0.21771186752212746
P45984,Q06124_p,0.7685666382184861
P48668,Q06124_p,0.10908423129253927
P21980,Q06124_p,0.2268511023148644
P21796,Q06124_p,0.3777430583525617
P18848,Q06124_p,0.4346528778829664
P23246,Q06124_p,0.10151445928542432
P18846,Q06124_p,0.20956027973318006
P18621,Q06124_p,0.06037646113083941
P43378,Q06124_p,0.40520679371622553
P27816,Q06124_p,0.356502959327784
P22303,Q06124_p,0.2300528532055332
P22307,Q06124_p,0.10771967361301145
P46459,Q06124_p,0.2523647990428263
P35612,Q06124_p,0.33893557365780247
P35611,Q06124_p,0.25981854830704376
P17812,Q06124_p,0.1396111670584345
P17600,Q06124_p,0.15352645145382987
P34741,Q06124_p,0.18618951285055274
P42229,Q06124_p,0.6539654857156171
P42224,Q06124_p,0.7392633755899857
P42226,Q06124_p,0.5844761883965288
P22234,Q06124_p,0.2988170689743087
P14136,Q06124_p,0.26440479254142074
P42356,Q06124_p,0.4965995981314283
P25490,Q06124_p,0.1878115680772608
P14625,Q06124_p,0.4449388084723003
P46527,Q06124_p,0.6545817231888642
P21802,Q06124_p,0.5264241596534156
P22059,Q06124_p,0.5194062376046701
P11387,Q06124_p,0.36580013220802443
P11388,Q06124_p,0.4914928000495097
P16383,Q06124_p,0.05134932749855041
P17252,Q06124_p,0.8042101081177536
P16389,Q06124_p,0.2291463094955064
P36888,Q06124_p,0.5289324131038111
P47914,Q06124_p,0.052689246945983426
P12236,Q06124_p,0.1008854691103404
P12235,Q06124_p,0.08398704813655469
P34931,Q06124_p,0.34417306311317175
P34932,Q06124_p,0.5944725240663973
P18433,Q06124_p,0.7978681409649182
P13051,Q06124_p,0.07454830511205704
P13056,Q06124_p,0.10317725464128673
P30050,Q06124_p,0.06291337234563163
P29317,Q06124_p,0.4240994154844936
P10809,Q06124_p,0.2954519293577818
P48551,Q06124_p,0.3688931238541523
P48553,Q06124_p,0.1747443495756355
P13612,Q06124_p,0.38240186144326516
P45974,Q06124_p,0.16181484530978962
P39880,Q06124_p,0.1236064208485406
P29558,Q06124_p,0.09789979955276505
P21580,Q06124_p,0.6482767065356179
P28370,Q06124_p,0.09926534107771266
P37231,Q06124_p,0.52510926050738
P46734,Q06124_p,0.7073542793707718
P35573,Q06124_p,0.13335833576955614
P42345,Q06124_p,0.6307699339108577
P19419,Q06124_p,0.40318561370653166
P12830,Q06124_p,0.6634995570355972
P26358,Q06124_p,0.3221082640849426
P16066,Q06124_p,0.6170311384501211
P24844,Q06124_p,0.41251349024500533
P12956,Q06124_p,0.2783466366868292
P19387,Q06124_p,0.16290959190112145
P36873,Q06124_p,0.6452851501361223
P36871,Q06124_p,0.06928706522580144
P23634,Q06124_p,0.13644699303065688
P30679,Q06124_p,0.6515215377165863
P40259,Q06124_p,0.3329463333226437
P22455,Q06124_p,0.45717061592432306
P11021,Q06124_p,0.26547201807336884
P15056,Q06124_p,0.6974233750068828
P25116,Q06124_p,0.2067276804608486
P33240,Q06124_p,0.10032727218212967
P33241,Q06124_p,0.5680907174902903
P30041,Q06124_p,0.12114583422981502
P30040,Q06124_p,0.049721059104612865
P35968,Q06124_p,0.37739621441251137
P18887,Q06124_p,0.16806246460924196
P43351,Q06124_p,0.18864109390734177
P42680,Q06124_p,0.7306560714427175
P35367,Q06124_p,0.17194290827640032
P27987,Q06124_p,0.5623791031003595
P42684,Q06124_p,0.6740782476343121
P18031,Q06124_p,0.7461015123040567
P35568,Q06124_p,0.6374406749616902
P19174,Q06124_p,0.8029298222587562
P22102,Q06124_p,0.16924668685259206
P12829,Q06124_p,0.35662350249610664
P12821,Q06124_p,0.15676419640378103
P26583,Q06124_p,0.10505122578476847
P41440,Q06124_p,0.10385917504099622
P46940,Q06124_p,0.6331445834276227
P31483,Q06124_p,0.10925758017611911
P26010,Q06124_p,0.3785249443082518
P38919,Q06124_p,0.11681013191198322
P16234,Q06124_p,0.45863760758910077
P20339,Q06124_p,0.6702004577256637
P48651,Q06124_p,0.060921436861987165
P19827,Q06124_p,0.12778578308242894
P29597,Q06124_p,0.7138321589531953
P13984,Q06124_p,0.05380241252367941
P29803,Q06124_p,0.055144701200916156
P37802,Q06124_p,0.20266717061708234
P47712,Q06124_p,0.28130440933797773
P29372,Q06124_p,0.05481245824153622
P29375,Q06124_p,0.32512863082666976
P29374,Q06124_p,0.08450622575873129
P29376,Q06124_p,0.22466769478963927
P20138,Q06124_p,0.39479407526044596
P29972,Q06124_p,0.08482820704359771
P32519,Q06124_p,0.16210418465243562
P21728,Q06124_p,0.308347834396523
P28356,Q06124_p,0.05317379541227825
P24534,Q06124_p,0.05668133534132932
P35221,Q06124_p,0.5686713902315678
P23193,Q06124_p,0.08163131575015418
P42677,Q06124_p,0.059974508656005135
P14672,Q06124_p,0.4849255807066992
P46379,Q06124_p,0.39105491828140576
P23443,Q06124_p,0.7103229472162153
P42702,Q06124_p,0.4457715092706276
P12931,Q06124_p,0.7923901285260311
P35227,Q06124_p,0.27411517025770704
P35222,Q06124_p,0.7245955443710652
P21291,Q06124_p,0.12095458510872478
P11137,Q06124_p,0.4197538657293457
P25445,Q06124_p,0.5424064119678753
P25440,Q06124_p,0.089565856738853
P33316,Q06124_p,0.13716902716624196
P13861,Q06124_p,0.6367995287069733
P47736,Q06124_p,0.11433042765616805
P15036,Q06124_p,0.34044683476854565
P30203,Q06124_p,0.24536322284117862
P47897,Q06124_p,0.05416518170850983
P19838,Q06124_p,0.7504550589008419
P11912,Q06124_p,0.4431544799939604
P13646,Q06124_p,0.06424003973944045
P13647,Q06124_p,0.06544418550383636
P46019,Q06124_p,0.5083059128828193
P22492,Q06124_p,0.07205231073007158
P31645,Q06124_p,0.45761153258994536
P42892,Q06124_p,0.23887316159932376
P25940,Q06124_p,0.04831630986174919
P21730,Q06124_p,0.10190172763291996
P28340,Q06124_p,0.0899526662420114
P35237,Q06124_p,0.1366193088914113
P35236,Q06124_p,0.8111665630752682
P20393,Q06124_p,0.25004716112639536
P17987,Q06124_p,0.29912962214440786
P26368,Q06124_p,0.11632450134579923
P27540,Q06124_p,0.3360958919602241
P42262,Q06124_p,0.43575874708705475
P12268,Q06124_p,0.22704471433641338
P19022,Q06124_p,0.5839134139067005
P19021,Q06124_p,0.09101027550849
P26038,Q06124_p,0.5763363263312745
P16109,Q06124_p,0.2841874329595669
P19338,Q06124_p,0.12657305973940597
P16104,Q06124_p,0.10213092111008668
P26639,Q06124_p,0.06894926343344417
P13797,Q06124_p,0.20660774089497758
P17181,Q06124_p,0.4563003257126896
P17342,Q06124_p,0.16161690056291372
P30273,Q06124_p,0.3489328918049948
P10747,Q06124_p,0.3778897388373645
P12277,Q06124_p,0.5230108613858152
P48634,Q06124_p,0.12020929118069638
P15311,Q06124_p,0.5815163323641386
P30307,Q06124_p,0.6584325693180075
P30304,Q06124_p,0.6397224213354094
P29353,Q06124_p,0.6435908646029337
P29350,Q06124_p,0.7730364372407951
P37173,Q06124_p,0.6372305065037517
P31431,Q06124_p,0.25693647244219686
P18507,Q06124_p,0.07913025057536598
P11831,Q06124_p,0.1616789145835771
P39687,Q06124_p,0.1182689201849787
P31323,Q06124_p,0.6106872042439733
P21709,Q06124_p,0.4023360928469667
P24394,Q06124_p,0.30255719143415066
P43250,Q06124_p,0.7223705966213697
P46777,Q06124_p,0.11201200101458106
P28715,Q06124_p,0.08087650373066288
P40938,Q06124_p,0.07709520057949998
P40939,Q06124_p,0.06266911823216198
P23467,Q06124_p,0.3595972859473183
P20273,Q06124_p,0.501144129710406
P41252,Q06124_p,0.10956447308195269
P32004,Q06124_p,0.35144570975287365
P19105,Q06124_p,0.4237531186607407
P40222,Q06124_p,0.2781553235576326
P19634,Q06124_p,0.28661434091265703
P10828,Q06124_p,0.4794891733703078
P26045,Q06124_p,0.418726411863709
P22735,Q06124_p,0.160077336454604
P36543,Q06124_p,0.08151503402612638
P36544,Q06124_p,0.1506741884954229
P30260,Q06124_p,0.197342970218143
P46087,Q06124_p,0.0491850258164732
P13796,Q06124_p,0.2310452296299086
P13798,Q06124_p,0.0921493992303076
P12314,Q06124_p,0.2678281155378472
P30086,Q06124_p,0.5219650237886408
P12318,Q06124_p,0.3057322248812231
P35579,Q06124_p,0.38525042455400876
P38432,Q06124_p,0.051026976060826554
P30038,Q06124_p,0.07078711706714108
P31689,Q06124_p,0.14874251580590656
P11802,Q06124_p,0.2806153562076028
P25090,Q06124_p,0.09247029984156062
P25098,Q06124_p,0.7458242778041375
P43121,Q06124_p,0.32203369531047776
P31350,Q06124_p,0.5835118793094416
P18206,Q06124_p,0.5519905936681719
P20020,Q06124_p,0.12727311685807657
P24386,Q06124_p,0.386666328874124
P24385,Q06124_p,0.6593637695781107
P43246,Q06124_p,0.20807934457609586
P39748,Q06124_p,0.14385239329660493
P23381,Q06124_p,0.06657887835653835
P27708,Q06124_p,0.11831838668483093
P43405,Q06124_p,0.7514817991259484
P43403,Q06124_p,0.7642231887607277
P25963,Q06124_p,0.6775447516407362
P18858,Q06124_p,0.0798597362794764
P23497,Q06124_p,0.31993128756619255
P20042,Q06124_p,0.08932444208421604
P16220,Q06124_p,0.464878259349772
P41240,Q06124_p,0.7696076080556417
P48357,Q06124_p,0.309813174910097
P15151,Q06124_p,0.3280356196362953
P24941,Q06124_p,0.46548099923601705
P31939,Q06124_p,0.1590699075365048
P26998,Q06124_p,0.09103091299515986
P36954,Q06124_p,0.09995427891945605
P19793,Q06124_p,0.27435853823802936
P27105,Q06124_p,0.060287784292962256
P17098,Q06124_p,0.047788514497220866
P30411,Q06124_p,0.18660045534271652
P30414,Q06124_p,0.06258185611694782
P30419,Q06124_p,0.09115710618966448
P15374,Q06124_p,0.08718589998838533
P47974,Q06124_p,0.11713937115922117
P16410,Q06124_p,0.4300949806474582
P28066,Q06124_p,0.1099326977702068
P35869,Q06124_p,0.25552437441701764
P22314,Q06124_p,0.42717404782455093
P46020,Q06124_p,0.38430133917187903
P35269,Q06124_p,0.06270695739795171
P15498,Q06124_p,0.7016831139666018
P14317,Q06124_p,0.6697090903959083
P35663,Q06124_p,0.3823657590149165
P43694,Q06124_p,0.3487308538485521
P41236,Q06124_p,0.08121683758976675
P46937,Q06124_p,0.6776115680061496
P14784,Q06124_p,0.333489330769248
P40818,Q06124_p,0.5019065160157271
P17174,Q06124_p,0.07780622135296614
P40189,Q06124_p,0.49764778976690405
P41161,Q06124_p,0.2935981784486594
P19784,Q06124_p,0.5516683612518343
P33993,Q06124_p,0.12394971502197014
P33991,Q06124_p,0.07968787866231458
P30531,Q06124_p,0.06690988939058776
P41567,Q06124_p,0.08536337188725862
P11686,Q06124_p,0.050229430983572146
P31751,Q06124_p,0.7747911124721641
P13688,Q06124_p,0.31846017481430067
P16401,Q06124_p,0.1672981102536402
P16403,Q06124_p,0.1008827817176374
P16402,Q06124_p,0.12307960040770585
P35125,Q06124_p,0.577415715778009
P18827,Q06124_p,0.21730036194736152
P46821,Q06124_p,0.5754831775091309
P27824,Q06124_p,0.14462112981185113
P38935,Q06124_p,0.05192066492642775
P28070,Q06124_p,0.13727503642955538
P43268,Q06124_p,0.11730684788638754
P35900,Q06124_p,0.18595476332262217
P20592,Q06124_p,0.3481301364259548
P35580,Q06124_p,0.3203187686944996
P17612,Q06124_p,0.8035732480641012
P35270,Q06124_p,0.06073395907483157
P17948,Q06124_p,0.340429478066118
P46109,Q06124_p,0.7153413257305233
P46108,Q06124_p,0.6723956894903619
P21462,Q06124_p,0.10611241337287358
P42338,Q06124_p,0.7494780870816252
P28290,Q06124_p,0.19965479188232696
P12883,Q06124_p,0.335087169374937
P43686,Q06124_p,0.08615490073446366
P41220,Q06124_p,0.44242396152981456
P41227,Q06124_p,0.2198196709085199
P41229,Q06124_p,0.1573039477176918
P11308,Q06124_p,0.1889726073753766
P45880,Q06124_p,0.25770571109734236
P41597,Q06124_p,0.33650839629707907
P15172,Q06124_p,0.15753329869721472
P11277,Q06124_p,0.22563966952781186
P32121,Q06124_p,0.8017120181793246
P11274,Q06124_p,0.6458460659587204
P17301,Q06124_p,0.4961918053007685
P17302,Q06124_p,0.47616261488782874
P21860,Q06124_p,0.7142766822810458
P22607,Q06124_p,0.5257887613679055
P12110,Q06124_p,0.060764779631565645
P18754,Q06124_p,0.2772117727419407
P36578,Q06124_p,0.05804833828894048
P14778,Q06124_p,0.4959919497372371
P33981,Q06124_p,0.4106304897349527
P20591,Q06124_p,0.5144383856245456
P34947,Q06124_p,0.7188816556319592
P13928,Q06124_p,0.1704949817320147
Q01970,Q06124_p,0.6318250202499407
P83369,Q06124_p,0.05505964746705043
Q01974,Q06124_p,0.24741816426831825
Q00534,Q06124_p,0.2316127964266042
P51674,Q06124_p,0.05465307561840307
Q06587,Q06124_p,0.14431602772699698
Q12834,Q06124_p,0.3220863904375059
Q01804,Q06124_p,0.05267321619782345
P48960,Q06124_p,0.17349765470355297
P78346,Q06124_p,0.05216475346027214
P78347,Q06124_p,0.538654944872263
P78344,Q06124_p,0.07619535805901972
Q01201,Q06124_p,0.5332618900811011
Q04323,Q06124_p,0.31426993872511993
P62807,Q06124_p,0.09166293307552405
P62805,Q06124_p,0.38530843286182626
Q13017,Q06124_p,0.543019240527617
Q05586,Q06124_p,0.3981581281923188
P54284,Q06124_p,0.2726002445433484
P55010,Q06124_p,0.06543115049416892
Q09019,Q06124_p,0.2443397719848464
Q13033,Q06124_p,0.3101553545947672
P54762,Q06124_p,0.3023548710918023
P54760,Q06124_p,0.30290351459421694
P54764,Q06124_p,0.43518642752927256
Q00535,Q06124_p,0.4713502375501367
P60709,Q06124_p,0.7085233205198253
Q00537,Q06124_p,0.28147759961916796
Q00536,Q06124_p,0.38235917666788277
P55145,Q06124_p,0.05800565185623685
P50395,Q06124_p,0.3988658220705205
P62140,Q06124_p,0.703548176219266
Q03188,Q06124_p,0.2943656516876186
P48775,Q06124_p,0.16980470421818333
P51608,Q06124_p,0.4566417446126919
Q06609,Q06124_p,0.1616632749575701
P98066,Q06124_p,0.050651315928931996
Q00403,Q06124_p,0.10793678712394408
P49795,Q06124_p,0.39018036464177414
Q01814,Q06124_p,0.09412672430032884
P49790,Q06124_p,0.24838403859269115
Q01813,Q06124_p,0.11325365452075815
Q07352,Q06124_p,0.2062370146572064
Q00341,Q06124_p,0.10611833115961286
Q00610,Q06124_p,0.4710869626107619
P78356,Q06124_p,0.5619129214351252
P51003,Q06124_p,0.09397439946946516
Q12996,Q06124_p,0.2521841097070576
P49789,Q06124_p,0.05420729053308158
Q08752,Q06124_p,0.1450743699850857
Q08174,Q06124_p,0.12151539821113648
Q01105,Q06124_p,0.2260098053482113
Q08170,Q06124_p,0.09637947445254202
P53801,Q06124_p,0.18252419216051402
Q01581,Q06124_p,0.15279663380543979
Q01362,Q06124_p,0.3539514824775223
P61764,Q06124_p,0.6228986521856913
P68431,Q06124_p,0.50173633269855
Q08379,Q06124_p,0.1927174343475134
Q08378,Q06124_p,0.2295254042384304
P51531,Q06124_p,0.22270683355832496
P57682,Q06124_p,0.17388577057805604
P53355,Q06124_p,0.6059700873368484
P53350,Q06124_p,0.6429615754533085
P52735,Q06124_p,0.7390003583091864
P52732,Q06124_p,0.455652486467571
P49407,Q06124_p,0.7967871161417956
P61604,Q06124_p,0.061740255395560203
P60953,Q06124_p,0.7618116902316798
Q12770,Q06124_p,0.06753208082174085
Q12772,Q06124_p,0.3467196593195692
Q00975,Q06124_p,0.36487931112501065
P80192,Q06124_p,0.22978912670026572
P51610,Q06124_p,0.3840521174893086
P51617,Q06124_p,0.6312770090487113
Q06124,Q06124_p,0.7873284906433825
Q07343,Q06124_p,0.4351855176267641
P78364,Q06124_p,0.22588109862809086
Q01113,Q06124_p,0.2260353968190197
P60174,Q06124_p,0.3053462242326527
P62826,Q06124_p,0.2687618650287912
P51858,Q06124_p,0.08039461272870556
P78545,Q06124_p,0.1848651830959789
P78549,Q06124_p,0.05425621245665911
P68400,Q06124_p,0.5511070071752369
P68371,Q06124_p,0.39594939048350025
P53611,Q06124_p,0.20154440376965682
P49327,Q06124_p,0.0793961375952314
P49321,Q06124_p,0.0825357806859935
Q0JRZ9,Q06124_p,0.12570058133170284
Q05655,Q06124_p,0.8046004445607364
P63010,Q06124_p,0.22837047695580295
Q0ZGT2,Q06124_p,0.35792485454983913
P78563,Q06124_p,0.053198785940331825
Q12767,Q06124_p,0.05393936766791933
Q12769,Q06124_p,0.07087731990031534
P56192,Q06124_p,0.06840827799650682
P50406,Q06124_p,0.07915490245878838
P50402,Q06124_p,0.10419197554330262
Q01831,Q06124_p,0.08086222268737095
Q12888,Q06124_p,0.4507351417209797
Q07666,Q06124_p,0.18038920257299335
Q00169,Q06124_p,0.07811356807548889
Q12972,Q06124_p,0.05644475549093038
Q01167,Q06124_p,0.18664181640561886
Q04446,Q06124_p,0.08564013885056741
P53990,Q06124_p,0.22483035641034962
P53992,Q06124_p,0.08632578773099106
P51825,Q06124_p,0.10139831784361915
Q13023,Q06124_p,0.39562094024179767
Q00013,Q06124_p,0.49324168759933473
Q01543,Q06124_p,0.17886485861978968
Q07866,Q06124_p,0.6321051302521548
Q07864,Q06124_p,0.14428089286176782
P68366,Q06124_p,0.3646112077563182
P68363,Q06124_p,0.35222871533952566
P52756,Q06124_p,0.07447299445615913
Q05397,Q06124_p,0.748392733304391
P54753,Q06124_p,0.3474234639455182
P54756,Q06124_p,0.43891318362088494
P51805,Q06124_p,0.1020873311429458
P63000,Q06124_p,0.7712868367036402
P82933,Q06124_p,0.0534346974294733
P54198,Q06124_p,0.06143804525006115
P67809,Q06124_p,0.21135586127711373
P49427,Q06124_p,0.13394641500520554
P55957,Q06124_p,0.3608971763276945
P61158,Q06124_p,0.33440919701862293
Q12797,Q06124_p,0.12240011631515957
Q12791,Q06124_p,0.3372318563512395
P67936,Q06124_p,0.1922653779160757
P62191,Q06124_p,0.31102581525562834
Q02156,Q06124_p,0.8098787513987439
P51580,Q06124_p,0.06421617751237069
P51452,Q06124_p,0.6652329308669953
P61081,Q06124_p,0.3553574755476893
P85037,Q06124_p,0.17680701526268308
P61247,Q06124_p,0.06279535885629592
Q08945,Q06124_p,0.11255336915160896
Q01844,Q06124_p,0.2085402385914258
Q03393,Q06124_p,0.6426892233673508
Q08495,Q06124_p,0.16273716366150565
P56597,Q06124_p,0.2405197147252498
Q00987,Q06124_p,0.5550941957884559
P51636,Q06124_p,0.6477235402201126
Q00577,Q06124_p,0.05392519908673097
Q12965,Q06124_p,0.6162337159155363
Q96CW1,Q06124_p,0.25040116442283694
Q03135,Q06124_p,0.7441548397177012
P61586,Q06124_p,0.7785155738749413
P62993,Q06124_p,0.7702201860830713
P62995,Q06124_p,0.07469016829814937
P53367,Q06124_p,0.09632120894960068
P52564,Q06124_p,0.6931539085688205
P52569,Q06124_p,0.07991622145051235
Q02543,Q06124_p,0.08600541913960644
Q02763,Q06124_p,0.5006904051243626
Q12789,Q06124_p,0.07505518263853757
P69892,Q06124_p,0.09317135634298357
P62070,Q06124_p,0.7812233880136628
P62277,Q06124_p,0.10640443974101972
Q03701,Q06124_p,0.04965199178740575
Q07065,Q06124_p,0.07433385393725547
P55327,Q06124_p,0.07462932415383168
P50990,Q06124_p,0.1730146856193374
P50993,Q06124_p,0.1929482084223318
P50995,Q06124_p,0.19960450850033193
Q01850,Q06124_p,0.20444460401166645
P51153,Q06124_p,0.4605140030031139
P51151,Q06124_p,0.6559702470382579
P63261,Q06124_p,0.7072564571336315
Q04864,Q06124_p,0.5546494852323581
P49841,Q06124_p,0.7639633002294993
P49840,Q06124_p,0.6752805309073293
Q12951,Q06124_p,0.1596400143975163
P49848,Q06124_p,0.09913228367411982
P57076,Q06124_p,0.17473172368645956
Q10570,Q06124_p,0.08644495693982397
P78310,Q06124_p,0.26391436971253135
P78312,Q06124_p,0.07621361761115313
P78314,Q06124_p,0.43764441659574393
P78317,Q06124_p,0.3930415025321466
P78316,Q06124_p,0.0487882519057326
P53778,Q06124_p,0.7407234266887702
P53779,Q06124_p,0.7194068426721821
P78536,Q06124_p,0.16606417128957524
Q02952,Q06124_p,0.4014338505912674
P62834,Q06124_p,0.7958636943965673
P53420,Q06124_p,0.17030028204290482
Q05513,Q06124_p,0.7930158523806048
Q05519,Q06124_p,0.07911281582798137
P51116,Q06124_p,0.2480046966579657
Q02880,Q06124_p,0.4204338357682551
P50219,Q06124_p,0.0632767929826932
P62081,Q06124_p,0.05988757397332696
P62241,Q06124_p,0.09465968018456776
P51149,Q06124_p,0.6730882058841617
Q07617,Q06124_p,0.10859878141764404
P55265,Q06124_p,0.0897202078360563
Q12948,Q06124_p,0.0863520302089516
P51813,Q06124_p,0.7222935419996241
P51812,Q06124_p,0.7176704891945568
Q08211,Q06124_p,0.11833087705620333
P78524,Q06124_p,0.07710734247728185
P62888,Q06124_p,0.053637741589224866
P54652,Q06124_p,0.39290133095863067
P98082,Q06124_p,0.19275110740293436
P61244,Q06124_p,0.14424410405456378
P81274,Q06124_p,0.5580425953363225
P60900,Q06124_p,0.08448127916268357
P60903,Q06124_p,0.5049523493159104
P50443,Q06124_p,0.2389390630727187
P55011,Q06124_p,0.22443655680819022
P56270,Q06124_p,0.09668089824353529
Q12931,Q06124_p,0.09278884386385267
P51114,Q06124_p,0.40616050667151526
Q00587,Q06124_p,0.20175931645314388
Q12846,Q06124_p,0.3891476228876828
P78332,Q06124_p,0.07309682648813158
Q00059,Q06124_p,0.21329400468605617
P48751,Q06124_p,0.055822373265791245
P68104,Q06124_p,0.18107681108608306
Q07820,Q06124_p,0.30716105383452574
P52799,Q06124_p,0.20649297878867748
Q05193,Q06124_p,0.6843515435741221
P60484,Q06124_p,0.7867565778679019
P62899,Q06124_p,0.060649928870666614
Q04759,Q06124_p,0.8023283253855078
Q02750,Q06124_p,0.687733825345606
P49759,Q06124_p,0.08249286991102987
P54646,Q06124_p,0.7103101014789721
P51957,Q06124_p,0.08505991729760393
P60660,Q06124_p,0.36174807202470066
P60468,Q06124_p,0.05512959757474202
Q01995,Q06124_p,0.21927394356995858
P51532,Q06124_p,0.3319274002622482
P48736,Q06124_p,0.7467653949846877
P48739,Q06124_p,0.07657361519378292
P84098,Q06124_p,0.06443943814117924
P61224,Q06124_p,0.7900636458296105
Q06187,Q06124_p,0.7599165505327488
P51784,Q06124_p,0.18554159630748338
P62136,Q06124_p,0.6973295418066989
Q03111,Q06124_p,0.10994696786038267
P50548,Q06124_p,0.2261775408602694
P51946,Q06124_p,0.09910937983270005
P55209,Q06124_p,0.15837987555349764
Q12923,Q06124_p,0.5982574153838061
P52948,Q06124_p,0.11318503111313785
Q04837,Q06124_p,0.04783413828714049
P52943,Q06124_p,0.2622782720421527
P49815,Q06124_p,0.43176010359173544
Q08050,Q06124_p,0.35715354985905895
Q12857,Q06124_p,0.060270272899769425
Q12851,Q06124_p,0.527187742009869
Q08J23,Q06124_p,0.04959351574525338
Q09472,Q06124_p,0.5145545870593595
P68133,Q06124_p,0.6856545360513512
Q01664,Q06124_p,0.1476917372528259
Q04695,Q06124_p,0.16289699333774604
P54727,Q06124_p,0.29327151427894493
P54725,Q06124_p,0.30762925492589815
P54252,Q06124_p,0.129723901157436
P54253,Q06124_p,0.11745482960642784
P98179,Q06124_p,0.08653646075421215
P98172,Q06124_p,0.20393681894200016
P98174,Q06124_p,0.5687939939799146
Q13002,Q06124_p,0.09227364455806236
P52630,Q06124_p,0.5565005999550436
Q03112,Q06124_p,0.1112669669282037
P58012,Q06124_p,0.16258601900465783
P63252,Q06124_p,0.3501531025750326
P63098,Q06124_p,0.6758946183152534
P84157,Q06124_p,0.04939831028624958
P54105,Q06124_p,0.08095118912029335
P48729,Q06124_p,0.7105182803066707
P61254,Q06124_p,0.061949197060568305
Q06190,Q06124_p,0.39574631343451494
P49711,Q06124_p,0.20017642443397538
P55072,Q06124_p,0.27873583523568374
P52888,Q06124_p,0.10293939971631919
P56524,Q06124_p,0.24472189915090578
P55211,Q06124_p,0.6182971037619819
P55212,Q06124_p,0.5338834343630714
Q07687,Q06124_p,0.08748606201895062
P51681,Q06124_p,0.47379335145548024
Q07020,Q06124_p,0.05522065936975612
Q07021,Q06124_p,0.17262542682226367
Q08043,Q06124_p,0.5310946929775263
Q12866,Q06124_p,0.4216143101084919
P83916,Q06124_p,0.31183395968117567
P67775,Q06124_p,0.6139394992409584
Q01082,Q06124_p,0.3307061916288115
Q01081,Q06124_p,0.07845070605669893
Q05086,Q06124_p,0.4917068401495547
P68871,Q06124_p,0.06460517662444754
P53667,Q06124_p,0.7015326473055505
P63244,Q06124_p,0.38810320884270494
P62333,Q06124_p,0.12246799914244073
Q10567,Q06124_p,0.20531408895649655
P61020,Q06124_p,0.6493071884779036
Q06210,Q06124_p,0.32326579907537994
Q08AM6,Q06124_p,0.1569370898674632
P55199,Q06124_p,0.08151542447039782
Q09161,Q06124_p,0.08827671526580506
P50616,Q06124_p,0.15606259491576804
P50613,Q06124_p,0.22990376642980145
P56537,Q06124_p,0.07903029690191898
P51692,Q06124_p,0.6703164788189591
Q12906,Q06124_p,0.056938603297467735
Q12905,Q06124_p,0.07653526753194843
P62263,Q06124_p,0.05944067159443289
Q12874,Q06124_p,0.057045020446613984
Q12872,Q06124_p,0.07314042420479132
Q12879,Q06124_p,0.3532612678337457
P49902,Q06124_p,0.15670096805046022
Q00688,Q06124_p,0.26420795558924703
P62937,Q06124_p,0.3473425800197373
P62753,Q06124_p,0.07921963386058765
P62750,Q06124_p,0.05822259609439555
Q00872,Q06124_p,0.44605007312554806
P53675,Q06124_p,0.277740386067714
P98194,Q06124_p,0.05692606684228076
Q07960,Q06124_p,0.39946555101632486
P49643,Q06124_p,0.09391521808964627
Q13029,Q06124_p,0.05514205570288048
P49736,Q06124_p,0.08469842173476798
P51512,Q06124_p,0.07424210661575323
P57740,Q06124_p,0.2666620244552479
Q07889,Q06124_p,0.7512097543783618
Q01196,Q06124_p,0.3916414476883175
Q07002,Q06124_p,0.20093340619028957
Q07955,Q06124_p,0.10117006528490131
P52333,Q06124_p,0.6808060376727172
Q04206,Q06124_p,0.7351577253741806
Q08499,Q06124_p,0.48957239208664427
Q12809,Q06124_p,0.34194689000083756
P49917,Q06124_p,0.1969818644087173
P53396,Q06124_p,0.15721486174149896
P49915,Q06124_p,0.44566146272536755
Q00653,Q06124_p,0.6808349926609122
Q01518,Q06124_p,0.36338676927460517
P53804,Q06124_p,0.281765144150412
P53805,Q06124_p,0.08898831848698399
P83111,Q06124_p,0.2622789356598624
Q12968,Q06124_p,0.41712438784776856
Q02539,Q06124_p,0.10639962453101351
Q02535,Q06124_p,0.11726642076030355
P49916,Q06124_p,0.1118520292109217
P49137,Q06124_p,0.3903780770329598
Q13043,Q06124_p,0.6304952843919437
Q05209,Q06124_p,0.749471257565026
P50570,Q06124_p,0.605780443462678
Q02641,Q06124_p,0.286275468772174
P49354,Q06124_p,0.14049175780711867
P49356,Q06124_p,0.05768903877039522
Q02790,Q06124_p,0.31250636079371014
P50748,Q06124_p,0.08823121211507942
Q08881,Q06124_p,0.6571550311836675
P54132,Q06124_p,0.3049374270153472
Q06830,Q06124_p,0.14788218772797343
P49585,Q06124_p,0.3232335621950105
P49588,Q06124_p,0.05514644874251854
P49589,Q06124_p,0.0812721085996173
P60842,Q06124_p,0.11944028409254277
P55081,Q06124_p,0.0703388988346563
Q03468,Q06124_p,0.08901934856435337
P55087,Q06124_p,0.18907423196711304
P83876,Q06124_p,0.08699357673107645
Q03060,Q06124_p,0.5047407886053801
P55884,Q06124_p,0.08028296218096398
P61006,Q06124_p,0.5024561339415584
Q01433,Q06124_p,0.1072745615199547
P52298,Q06124_p,0.18588174257442272
P62917,Q06124_p,0.05908604793493771
P50552,Q06124_p,0.5676914536163874
Q08345,Q06124_p,0.17474650414305226
Q01130,Q06124_p,0.07797336590606312
Q02818,Q06124_p,0.05289843312829242
P82094,Q06124_p,0.11490320484152235
P52701,Q06124_p,0.3154755419584103
P61923,Q06124_p,0.05719141840333758
P61925,Q06124_p,0.21982861570377238
P61073,Q06124_p,0.4369661128778078
Q02078,Q06124_p,0.2731778287448611
P56945,Q06124_p,0.48529586358456855
P50914,Q06124_p,0.08181486569938227
P49750,Q06124_p,0.08025069538124383
P49757,Q06124_p,0.29834686934545396
P49756,Q06124_p,0.0578564478778927
P60983,Q06124_p,0.17295980896406737
P49590,Q06124_p,0.06395633968491826
P50750,Q06124_p,0.43351382781719094
Q0VDD7,Q06124_p,0.063880609117981
Q06481,Q06124_p,0.21690367188224458
P98170,Q06124_p,0.5129995971854712
Q00526,Q06124_p,0.3199745931161198
Q13045,Q06124_p,0.6598974493814885
P84243,Q06124_p,0.5378570713284582
Q13042,Q06124_p,0.1750734999163246
P78362,Q06124_p,0.12128625099511772
P57764,Q06124_p,0.3114536063352845
P57768,Q06124_p,0.25328408837038846
P53004,Q06124_p,0.07544386808919698
P60228,Q06124_p,0.26662667367307774
Q05682,Q06124_p,0.3968668294719913
Q05048,Q06124_p,0.11607127466354772
Q02241,Q06124_p,0.43090143035790235
P53621,Q06124_p,0.15539299847213522
Q05469,Q06124_p,0.25092465314973855
P82970,Q06124_p,0.10310696147646552
Q05639,Q06124_p,0.18147547919159865
P61289,Q06124_p,0.16576149319262723
Q04724,Q06124_p,0.1448336020746794
P49760,Q06124_p,0.10475115182264358
P49761,Q06124_p,0.09639393902881543
Q04725,Q06124_p,0.18784811335729615
Q04726,Q06124_p,0.16207372482015053
Q04727,Q06124_p,0.14786203319464228
P84103,Q06124_p,0.07717529543208322
Q5MIZ7,Q06124_p,0.1151812141634228
Q13838,Q06124_p,0.07746809590482907
Q13882,Q06124_p,0.7331073582225246
Q13887,Q06124_p,0.25673132567295265
Q15361,Q06124_p,0.054698773339660514
Q13905,Q06124_p,0.2968484271578442
Q56P03,Q06124_p,0.08651200492742818
Q14562,Q06124_p,0.11269254019264652
Q14566,Q06124_p,0.12999031805599118
Q15185,Q06124_p,0.625459684600223
Q14586,Q06124_p,0.04799785758188687
Q13129,Q06124_p,0.05020483046170625
Q13123,Q06124_p,0.08628181374842414
Q14108,Q06124_p,0.2697095702188201
Q16821,Q06124_p,0.32543397536904706
Q3B726,Q06124_p,0.04941257951718447
Q13239,Q06124_p,0.5269937361232013
Q16526,Q06124_p,0.4637394442363333
Q15762,Q06124_p,0.4238446832720749
Q13347,Q06124_p,0.12865742495099003
Q14966,Q06124_p,0.055767775465144595
Q16186,Q06124_p,0.11866050709242568
Q16181,Q06124_p,0.2678291573258924
Q15735,Q06124_p,0.5498011294072478
Q53EU6,Q06124_p,0.04936410156009486
Q5SRE5,Q06124_p,0.09687960987408209
Q15172,Q06124_p,0.39450445188599537
Q15170,Q06124_p,0.05260392831228071
Q4V328,Q06124_p,0.29224552487545574
Q4W5G0,Q06124_p,0.0831137901933658
Q13131,Q06124_p,0.7246452759504927
Q14134,Q06124_p,0.34752343404418273
Q14137,Q06124_p,0.051190405420170206
Q14644,Q06124_p,0.5798111157785248
Q13224,Q06124_p,0.4682794475873025
Q16512,Q06124_p,0.7735472289882922
Q16513,Q06124_p,0.7090041182313488
Q14008,Q06124_p,0.5324015566129061
Q15773,Q06124_p,0.06330425706630234
Q5F1R6,Q06124_p,0.060746479687710256
Q58EX7,Q06124_p,0.07330037159318248
Q16643,Q06124_p,0.427048170481833
Q13586,Q06124_p,0.11236253042099202
Q15208,Q06124_p,0.6621852169850211
Q53EZ4,Q06124_p,0.6904075902739323
Q15349,Q06124_p,0.702018057451997
Q2PPJ7,Q06124_p,0.0774708471865808
Q15345,Q06124_p,0.17932437894371706
Q14152,Q06124_p,0.07812653470533445
Q14344,Q06124_p,0.7814944457453746
Q15833,Q06124_p,0.4147875607007906
Q15831,Q06124_p,0.7011429350237153
Q16875,Q06124_p,0.2300682904804577
Q14019,Q06124_p,0.11230920864376026
Q14012,Q06124_p,0.31063473000011543
Q14011,Q06124_p,0.08096073321000749
Q15744,Q06124_p,0.06942368405819725
Q15746,Q06124_p,0.5376273651625325
Q13363,Q06124_p,0.5515090915591803
Q14191,Q06124_p,0.1642432613652444
Q13443,Q06124_p,0.26623552500939823
Q15691,Q06124_p,0.4111159201804858
Q15696,Q06124_p,0.0544288458825819
Q16890,Q06124_p,0.1389545233581825
Q13753,Q06124_p,0.06136185172794275
Q15527,Q06124_p,0.05098252137550653
Q14839,Q06124_p,0.13149023283136899
Q13591,Q06124_p,0.08616585240845423
Q13596,Q06124_p,0.28767152028301235
Q15717,Q06124_p,0.28243824912720694
Q15233,Q06124_p,0.08699143259134032
Q5JTH9,Q06124_p,0.055613966122181356
Q53RE8,Q06124_p,0.10950871609601028
Q16659,Q06124_p,0.32106689392140186
Q13111,Q06124_p,0.1390941631039189
Q14247,Q06124_p,0.675410424766909
Q14244,Q06124_p,0.2542778040687687
Q14241,Q06124_p,0.08047408390799439
Q13200,Q06124_p,0.12632802492564343
Q13206,Q06124_p,0.04865533961055764
Q14790,Q06124_p,0.5429818647035967
Q15759,Q06124_p,0.6908273946349877
Q15758,Q06124_p,0.05609689691076438
Q15750,Q06124_p,0.5576961196931388
Q16666,Q06124_p,0.21865384982808916
Q16790,Q06124_p,0.1726473838549069
Q16799,Q06124_p,0.08051058089762664
Q13371,Q06124_p,0.5285840663704868
Q13370,Q06124_p,0.24618052041228503
Q14669,Q06124_p,0.37406772467347216
Q14938,Q06124_p,0.06520334034258066
Q14934,Q06124_p,0.40244897066791596
Q13769,Q06124_p,0.07050722901278339
Q14739,Q06124_p,0.18592581814013595
Q13595,Q06124_p,0.07865150188025563
Q5JVS0,Q06124_p,0.09931996851547117
Q53LP3,Q06124_p,0.19295905706529476
Q15036,Q06124_p,0.5280786682975421
Q15032,Q06124_p,0.08341492254867984
Q4VCS5,Q06124_p,0.5104528260549587
Q5JPE7,Q06124_p,0.06894054652092108
Q15811,Q06124_p,0.48947532894189516
Q14498,Q06124_p,0.08516994840304697
Q14493,Q06124_p,0.07726182802030121
Q14494,Q06124_p,0.2004366315103019
Q14258,Q06124_p,0.5071417826919558
Q2VIQ3,Q06124_p,0.4358590014788546
Q13303,Q06124_p,0.1949914999773149
Q14677,Q06124_p,0.09962925363406852
Q14674,Q06124_p,0.3128161765527554
Q14678,Q06124_p,0.29993035155068415
Q16236,Q06124_p,0.4030660188757052
Q13416,Q06124_p,0.12389648233538617
Q13415,Q06124_p,0.06625516949919161
Q13418,Q06124_p,0.6597346956754502
Q15643,Q06124_p,0.12667319815882344
Q16352,Q06124_p,0.08259252754708264
Q14814,Q06124_p,0.24728206990317186
Q155Q3,Q06124_p,0.40907794651481677
Q15785,Q06124_p,0.21788967327492453
Q13573,Q06124_p,0.27860897746649393
Q13427,Q06124_p,0.3423236666981216
Q52LD8,Q06124_p,0.08331494760849598
Q14209,Q06124_p,0.1965760385243013
Q16594,Q06124_p,0.09045443072232529
Q15256,Q06124_p,0.5757511822237017
Q5GLZ8,Q06124_p,0.4495200025952467
Q5JTD0,Q06124_p,0.42499009147154443
Q13950,Q06124_p,0.4856889580886025
Q13796,Q06124_p,0.12177796310661844
Q5SVQ8,Q06124_p,0.09012736279363914
Q15029,Q06124_p,0.10990674043752216
Q15025,Q06124_p,0.2700283525693538
Q15027,Q06124_p,0.10317045681642179
Q15021,Q06124_p,0.12707092470438824
Q15020,Q06124_p,0.06305396619113886
Q5JTV8,Q06124_p,0.05070328400429831
Q13177,Q06124_p,0.6328788816663586
Q13873,Q06124_p,0.48420970874136415
Q14444,Q06124_p,0.07533927044274207
Q14592,Q06124_p,0.04802496736966937
Q14683,Q06124_p,0.09924076049552041
Q13409,Q06124_p,0.08048953135388179
Q14865,Q06124_p,0.05712566663928307
Q15797,Q06124_p,0.4633581894324636
Q13542,Q06124_p,0.10635795784714094
Q13546,Q06124_p,0.5374671170390732
Q13547,Q06124_p,0.45551098969714665
Q16204,Q06124_p,0.5996007307210323
Q14166,Q06124_p,0.08097089550721559
Q15303,Q06124_p,0.6886687488218998
Q14004,Q06124_p,0.10722818743388388
Q15018,Q06124_p,0.13153578135684432
Q15019,Q06124_p,0.19335429344725097
Q1MSJ5,Q06124_p,0.17830440851050852
Q15012,Q06124_p,0.06164165832783593
Q15013,Q06124_p,0.056411386463283385
Q15014,Q06124_p,0.17631227069619668
Q14997,Q06124_p,0.11024590954442955
Q562F6,Q06124_p,0.23167663610812456
Q13144,Q06124_p,0.09217304925400174
Q15906,Q06124_p,0.06547891269229317
Q13098,Q06124_p,0.1119570215107756
Q13094,Q06124_p,0.5584338029962032
Q13322,Q06124_p,0.5831039232578028
Q13625,Q06124_p,0.4733516496036215
Q14699,Q06124_p,0.08011537887298169
Q14680,Q06124_p,0.37593666464582265
Q14694,Q06124_p,0.08609825212277449
Q14690,Q06124_p,0.06295421359163147
Q14692,Q06124_p,0.049195365091169244
Q15654,Q06124_p,0.5329090560561589
Q15652,Q06124_p,0.07356549378238486
Q15653,Q06124_p,0.6454558286552836
Q15650,Q06124_p,0.0592375891785918
Q13439,Q06124_p,0.14794901932985402
Q14872,Q06124_p,0.058162534026327074
Q13557,Q06124_p,0.5880926050283896
Q13555,Q06124_p,0.5022036707690672
Q15700,Q06124_p,0.5717268334046571
Q15276,Q06124_p,0.1301388735252042
Q13884,Q06124_p,0.2191965268481626
Q15311,Q06124_p,0.20184047974763125
Q49MG5,Q06124_p,0.09160406881752516
Q15007,Q06124_p,0.1598658803708772
Q15004,Q06124_p,0.30588017834539155
Q15003,Q06124_p,0.127766809711246
Q56NI9,Q06124_p,0.09023223804152304
Q5BKZ1,Q06124_p,0.10559603840328631
Q13158,Q06124_p,0.5834789668346799
Q13153,Q06124_p,0.6532997789210648
Q14192,Q06124_p,0.6987566994692317
Q14202,Q06124_p,0.14343481094642163
Q5JSL3,Q06124_p,0.19338952702337037
Q13085,Q06124_p,0.2241429046692883
Q5JSH3,Q06124_p,0.10048483344723727
Q2M2I8,Q06124_p,0.10520018237105688
Q14511,Q06124_p,0.5240107320085076
Q14738,Q06124_p,0.5295917673340781
Q13330,Q06124_p,0.14634036594853003
Q15648,Q06124_p,0.29236626280032896
Q15645,Q06124_p,0.08464333270836358
Q15642,Q06124_p,0.16568387812223326
Q13428,Q06124_p,0.07618200403471434
Q13426,Q06124_p,0.3700175201828565
Q13424,Q06124_p,0.21169330065066755
Q5JSP0,Q06124_p,0.5237667808524382
Q13541,Q06124_p,0.12511009163259396
Q14847,Q06124_p,0.2789415608439857
Q13526,Q06124_p,0.40064754827323174
Q14687,Q06124_p,0.09212488137324318
Q15269,Q06124_p,0.0578318575577062
Q13636,Q06124_p,0.4046447154483423
Q32NC0,Q06124_p,0.048518302257294865
Q14289,Q06124_p,0.7486703073443934
Q15825,Q06124_p,0.057568425072197914
Q14181,Q06124_p,0.0988624991469326
Q14432,Q06124_p,0.29230963561521406
Q15853,Q06124_p,0.19011445600856128
Q13188,Q06124_p,0.6801357755979887
Q4LE39,Q06124_p,0.0735363983611574
Q14185,Q06124_p,0.5710620987596859
Q16816,Q06124_p,0.43259781329307956
Q15678,Q06124_p,0.3252538654846936
Q13459,Q06124_p,0.3449656999910317
Q13451,Q06124_p,0.5421362455087042
Q16584,Q06124_p,0.2827936519581803
Q13535,Q06124_p,0.20385746749418127
Q16763,Q06124_p,0.4208072059322546
Q5C9Z4,Q06124_p,0.04747465483849738
Q16760,Q06124_p,0.4240586474875874
Q15291,Q06124_p,0.20102581520821125
Q2I0M5,Q06124_p,0.07677185396703538
Q15459,Q06124_p,0.09578334546494782
Q13627,Q06124_p,0.2186441902100847
Q13620,Q06124_p,0.2561902979749443
Q15067,Q06124_p,0.05597888657014055
Q1KMD3,Q06124_p,0.08238946426617252
Q15118,Q06124_p,0.05312871042678489
Q5M775,Q06124_p,0.4106447125694278
Q3V6T2,Q06124_p,0.2647771231866888
Q32MZ4,Q06124_p,0.3841856990404994
Q14980,Q06124_p,0.39959520190528036
Q13191,Q06124_p,0.5953738644576652
Q13190,Q06124_p,0.10104149303961152
Q14156,Q06124_p,0.08307835354362401
Q14157,Q06124_p,0.12083930264157258
Q14155,Q06124_p,0.561690384280763
Q14151,Q06124_p,0.11057209434315005
Q15392,Q06124_p,0.053910462819111785
Q13442,Q06124_p,0.10875411762769735
Q13444,Q06124_p,0.10308174391099793
Q16576,Q06124_p,0.13871324623786307
Q13601,Q06124_p,0.04988801163537462
Q13509,Q06124_p,0.3669162432541195
Q13501,Q06124_p,0.5813056289561354
Q53EL6,Q06124_p,0.07183310403303422
Q15287,Q06124_p,0.08105567979101065
Q13618,Q06124_p,0.6964322716791796
Q13619,Q06124_p,0.5248791013242953
Q13610,Q06124_p,0.08264322294177281
Q13614,Q06124_p,0.6543706065290766
Q13615,Q06124_p,0.29723516424584373
Q13617,Q06124_p,0.6161001176233722
Q16625,Q06124_p,0.5143925228900456
Q16629,Q06124_p,0.07877621611194371
Q15058,Q06124_p,0.6274639506017827
Q15054,Q06124_p,0.05954565273632558
Q15056,Q06124_p,0.07522296488607852
Q15057,Q06124_p,0.2805854300871732
Q15052,Q06124_p,0.6706621716745804
Q5SVZ6,Q06124_p,0.1055726521424865
Q2M2Z5,Q06124_p,0.07995506457082963
Q53EP0,Q06124_p,0.1686355341387195
Q15121,Q06124_p,0.5238486937745088
Q5EBL8,Q06124_p,0.4338059509545814
Q5EBL4,Q06124_p,0.23597498231224487
Q5JR12,Q06124_p,0.22285642417175247
Q15942,Q06124_p,0.2355332813783793
Q13291,Q06124_p,0.3917969064559347
Q13057,Q06124_p,0.12351465603968752
Q14527,Q06124_p,0.3049993794210555
Q14524,Q06124_p,0.4077619661058286
Q2TB10,Q06124_p,0.05822193959532272
Q14141,Q06124_p,0.33544138017215064
Q14896,Q06124_p,0.3870615290567397
Q14149,Q06124_p,0.1244124534597398
Q13470,Q06124_p,0.5574938675372202
Q16566,Q06124_p,0.5283522104819245
Q16384,Q06124_p,0.05615095599844011
Q13242,Q06124_p,0.10863072180047581
Q15726,Q06124_p,0.2073301783639287
Q15723,Q06124_p,0.21024248952629265
Q14CW9,Q06124_p,0.10391489509192202
Q15431,Q06124_p,0.1224461827399634
Q15436,Q06124_p,0.11573413831328276
Q15434,Q06124_p,0.09711836052363768
Q16637,Q06124_p,0.10655506643361705
Q16630,Q06124_p,0.09035204599763826
Q15545,Q06124_p,0.08588176519899021
Q29RF7,Q06124_p,0.12059585136798105
Q15047,Q06124_p,0.11530255665735326
Q13868,Q06124_p,0.04908908138530322
Q15131,Q06124_p,0.3373419230450151
Q15139,Q06124_p,0.760839314191196
Q5BJE1,Q06124_p,0.05334861283634819
Q4G0J3,Q06124_p,0.07865587585558059
Q13283,Q06124_p,0.12873038020746813
Q13049,Q06124_p,0.5081957748624152
Q14558,Q06124_p,0.3677714466086378
Q13464,Q06124_p,0.7188706464822359
Q16829,Q06124_p,0.4012970999462052
Q13263,Q06124_p,0.4833826045831506
Q16555,Q06124_p,0.3023990577246122
Q15424,Q06124_p,0.12320152441967865
Q15427,Q06124_p,0.09877740236808744
Q504Q3,Q06124_p,0.09999471183369889
Q15555,Q06124_p,0.27825245132042514
Q3KR37,Q06124_p,0.07516482195454453
Q5JTC6,Q06124_p,0.400589372762351
Q13813,Q06124_p,0.18395937692987882
Q15147,Q06124_p,0.6613197023286308
Q5JRA6,Q06124_p,0.059441679108404075
Q14765,Q06124_p,0.6803446461894855
Q14764,Q06124_p,0.24867050502672536
Q14164,Q06124_p,0.707989600009974
Q14162,Q06124_p,0.09595681605203008
Q14161,Q06124_p,0.7426829456141437
Q14160,Q06124_p,0.69755438351611
Q16832,Q06124_p,0.3107557717776305
Q5FBB7,Q06124_p,0.4012024636400196
Q13496,Q06124_p,0.6486187863870478
Q13492,Q06124_p,0.25867982441283266
Q13490,Q06124_p,0.5154942198479936
Q16543,Q06124_p,0.42384740414300326
Q13255,Q06124_p,0.6701558455798776
Q13257,Q06124_p,0.20048399686042515
Q52LR7,Q06124_p,0.11510192871682141
Q53H80,Q06124_p,0.33233655631771536
Q13163,Q06124_p,0.6441682419514912
Q15418,Q06124_p,0.685227192459055
Q2KHR3,Q06124_p,0.07826506618848465
Q4G0Z9,Q06124_p,0.06163714381705998
Q15561,Q06124_p,0.16367988685756604
Q15390,Q06124_p,0.07222379653825546
Q15084,Q06124_p,0.0733110045912105
Q13066,Q06124_p,0.04836473321947881
Q5HYJ3,Q06124_p,0.1985635655892635
Q5J8M3,Q06124_p,0.060076444353144354
Q14573,Q06124_p,0.659885084652002
Q13393,Q06124_p,0.5614021282960697
Q13469,Q06124_p,0.3086079632916402
Q14118,Q06124_p,0.2527927416657105
Q15796,Q06124_p,0.5324948765623794
Q15629,Q06124_p,0.04962889588784104
Q16658,Q06124_p,0.10272872178494452
Q13485,Q06124_p,0.4035021962487869
Q5R3F8,Q06124_p,0.07936534261980621
Q13247,Q06124_p,0.09540808805775955
Q16539,Q06124_p,0.7460141352910281
Q13243,Q06124_p,0.07774470314857454
Q53HL2,Q06124_p,0.09828352302556412
Q16288,Q06124_p,0.46922638167893166
Q14978,Q06124_p,0.08059255175763214
Q5PRF9,Q06124_p,0.22341387467565993
Q14974,Q06124_p,0.45147599045864223
Q13651,Q06124_p,0.2996397072290772
Q17RB0,Q06124_p,0.052100870869582705
Q16665,Q06124_p,0.5816285853248093
Q659A1,Q06124_p,0.053096035821420126
Q5T7W0,Q06124_p,0.08684333373833641
Q6WCQ1,Q06124_p,0.4178038620021406
Q5T3U5,Q06124_p,0.25881982972820217
Q5VZL5,Q06124_p,0.06395036630572389
Q70E73,Q06124_p,0.5420950116087284
Q6UN15,Q06124_p,0.08968525832825534
Q6VMQ6,Q06124_p,0.10206229220247527
Q6P6C2,Q06124_p,0.09111602467641847
Q5T1V6,Q06124_p,0.050921439310627106
Q5T7V8,Q06124_p,0.14533772882253074
Q5T5P2,Q06124_p,0.09802612068997837
Q6ULP2,Q06124_p,0.07539721038397657
Q6EMK4,Q06124_p,0.06296064353697545
Q5VT52,Q06124_p,0.07640620644535724
Q5T3J3,Q06124_p,0.11280987283704699
Q6P2H3,Q06124_p,0.12791890274491732
Q6ZNG9,Q06124_p,0.04774461618298246
Q6PL18,Q06124_p,0.10575529758792421
Q5TCZ1,Q06124_p,0.3122371083307365
Q6P3W7,Q06124_p,0.16590154537428617
Q5T200,Q06124_p,0.09651931465267091
Q6ZU80,Q06124_p,0.13353061407892347
Q6UB99,Q06124_p,0.08063551162140664
Q6UB98,Q06124_p,0.059954337284811345
Q5T3I0,Q06124_p,0.12744381984154327
Q6ZUT6,Q06124_p,0.05206948470763787
Q5T1M5,Q06124_p,0.11084950123111506
Q6IE81,Q06124_p,0.06582068892127474
Q5W0Z9,Q06124_p,0.04719239620538476
Q5VTB9,Q06124_p,0.11203185996816678
Q5VVJ2,Q06124_p,0.056558999016384545
Q6PEY2,Q06124_p,0.36213319573561964
Q5TKA1,Q06124_p,0.09299265908414323
Q5VWG9,Q06124_p,0.0768458887799142
Q6P5R6,Q06124_p,0.0776953956550259
Q70EL4,Q06124_p,0.07279301567853783
Q5SW96,Q06124_p,0.28251552287029025
Q6P1L5,Q06124_p,0.099682198327899
Q6N043,Q06124_p,0.05424493576330787
Q68E01,Q06124_p,0.07857067260821896
Q5TB30,Q06124_p,0.13220944108877325
Q6PJ61,Q06124_p,0.10802953213550663
Q658Y4,Q06124_p,0.0836339673434758
Q5T5C0,Q06124_p,0.19032033740203996
Q5XKK7,Q06124_p,0.057157511880921
Q6IQ26,Q06124_p,0.08247696781326243
Q6IQ23,Q06124_p,0.6105494799589841
Q5BKY9,Q06124_p,0.0509228546693559
Q6ZU65,Q06124_p,0.06269471063344836
Q6P1M3,Q06124_p,0.6490906309119391
Q6IN85,Q06124_p,0.2349648815315446
Q6VY07,Q06124_p,0.24489140844779075
Q5VTR2,Q06124_p,0.1047053728267254
Q68CP9,Q06124_p,0.13901651977721693
Q6IBS0,Q06124_p,0.2192899916701509
Q6P2E9,Q06124_p,0.11490813873320509
Q6UUV9,Q06124_p,0.30979642756052533
Q71F23,Q06124_p,0.09304413452531853
Q5T7N3,Q06124_p,0.14491257611194472
Q5T6F0,Q06124_p,0.12237553536540309
Q5T6F2,Q06124_p,0.10162058101393963
Q6ZVM7,Q06124_p,0.15900159735525693
Q6ZW76,Q06124_p,0.3561982730473774
Q6IMN6,Q06124_p,0.059420241735865686
Q6P1N0,Q06124_p,0.19166108655307168
Q70JA7,Q06124_p,0.046878177310798616
Q7KZI7,Q06124_p,0.23470857269746098
Q6PCD5,Q06124_p,0.15105194465305363
Q6PJG2,Q06124_p,0.0770122532685473
Q6PJG6,Q06124_p,0.12861623118803658
Q6PJG9,Q06124_p,0.061299523066986675
Q6UWE0,Q06124_p,0.38970526997582466
Q6Q0C0,Q06124_p,0.32679213460448564
Q6RFH5,Q06124_p,0.05546618349348662
Q8NI08,Q06124_p,0.09646971739066526
Q6P995,Q06124_p,0.05418753274165765
Q6ZS17,Q06124_p,0.271710272078835
Q6UX65,Q06124_p,0.046974382189288615
Q6ZT07,Q06124_p,0.10303523594904704
Q5T0W9,Q06124_p,0.2075654683870587
Q6IQ49,Q06124_p,0.04886731688389221
Q6PCE3,Q06124_p,0.07273474457361771
Q659C4,Q06124_p,0.07396596583041518
Q6XPR3,Q06124_p,0.058698116718540375
Q6P2Q9,Q06124_p,0.1275180557287373
Q6PD62,Q06124_p,0.12027554379442643
Q63ZY3,Q06124_p,0.23319781824824712
Q5VYK3,Q06124_p,0.10668454834193912
Q6ZTN6,Q06124_p,0.14753735766493023
Q6GTX8,Q06124_p,0.28902108264967785
Q5VV41,Q06124_p,0.25845814103994635
Q5VV42,Q06124_p,0.1668188489114633
Q5T8P6,Q06124_p,0.05664392726688687
Q5THK1,Q06124_p,0.058915174302819895
Q6P996,Q06124_p,0.11233018589028176
Q5TC82,Q06124_p,0.0802994782236575
Q6FI81,Q06124_p,0.06357736753782135
Q712K3,Q06124_p,0.14413485297651235
Q5TAP6,Q06124_p,0.05028742724646903
Q5VWJ9,Q06124_p,0.10468423243719768
Q6PJI9,Q06124_p,0.09619727492550031
Q68DC2,Q06124_p,0.3625647852328806
Q69YH5,Q06124_p,0.24081577430363166
Q71RC2,Q06124_p,0.055005095698040206
Q66K14,Q06124_p,0.07821220728675149
Q75N03,Q06124_p,0.27416549292756015
Q6PGQ7,Q06124_p,0.39329584147261154
Q6P158,Q06124_p,0.07221274820181309
Q6NYC8,Q06124_p,0.07876354613949407
Q5VT25,Q06124_p,0.5046542651408465
Q6AHZ1,Q06124_p,0.04968062407137587
Q658P3,Q06124_p,0.05061921137099508
Q6V1X1,Q06124_p,0.3490378109103561
Q7L0J3,Q06124_p,0.08891830679980964
Q5SW79,Q06124_p,0.20709047289567262
Q6P1X5,Q06124_p,0.07786937334836054
Q7L014,Q06124_p,0.06122715764896221
Q6P5Z2,Q06124_p,0.7487778238931989
Q6P1J9,Q06124_p,0.13785595153754868
Q6PKG0,Q06124_p,0.07067511452959759
Q6NZI2,Q06124_p,0.06730874210914453
Q5VWQ8,Q06124_p,0.664458674318639
Q5TZA2,Q06124_p,0.11547970919169899
Q6DD87,Q06124_p,0.062356993773742486
Q6ZNE5,Q06124_p,0.2629512099133236
Q6IPM2,Q06124_p,0.22218685881218328
Q71F56,Q06124_p,0.0760355845292954
Q6W2J9,Q06124_p,0.10300646863810223
Q5UIP0,Q06124_p,0.21838602368099008
Q5VSL9,Q06124_p,0.39153430207161255
Q6DN12,Q06124_p,0.05112384837646981
Q6PJP8,Q06124_p,0.12532164135102153
Q63HQ0,Q06124_p,0.10332402114638654
Q6EMB2,Q06124_p,0.11667119558491361
Q5T5U3,Q06124_p,0.1582997503979054
Q76FK4,Q06124_p,0.049499476502026254
Q6ZNG1,Q06124_p,0.04785241416285933
Q5T8D3,Q06124_p,0.13795235369009273
Q76I76,Q06124_p,0.5547158974519206
Q5VTL8,Q06124_p,0.07739852818166339
Q5TCX8,Q06124_p,0.16254176898700592
Q6XZF7,Q06124_p,0.3281135043719171
Q6NZY4,Q06124_p,0.09866228371701435
Q5T0N5,Q06124_p,0.23615595312737878
Q6UVJ0,Q06124_p,0.13238804519141328
Q6P3R8,Q06124_p,0.2012844771471003
Q7KZ85,Q06124_p,0.09124963644569202
Q5T4D3,Q06124_p,0.04532498000151543
Q69YQ0,Q06124_p,0.3707858468942183
Q6ZMI0,Q06124_p,0.08883241193409457
Q6ZNC4,Q06124_p,0.07504625852347918
Q68EM7,Q06124_p,0.3457311363270819
Q5VWN6,Q06124_p,0.06329242462401312
Q6ZRI6,Q06124_p,0.06793093107747816
Q6P3S6,Q06124_p,0.30804799989854265
Q6ZV73,Q06124_p,0.09425693138577057
Q5W0B1,Q06124_p,0.18753088400730739
Q68CJ6,Q06124_p,0.2448990847848694
Q7KZF4,Q06124_p,0.05853445830382712
Q6GQQ9,Q06124_p,0.31246856304295123
Q6P0Q8,Q06124_p,0.25960888967987755
Q6ZNB6,Q06124_p,0.08790893359637612
Q6XZB0,Q06124_p,0.06580100255142253
Q6ZN55,Q06124_p,0.054200259919473984
Q5T5X7,Q06124_p,0.08235891749747135
Q6SPF0,Q06124_p,0.06092963904146018
Q5VYS8,Q06124_p,0.0573984571624204
Q6Y7W6,Q06124_p,0.20641896221415434
Q75QN2,Q06124_p,0.08087934836498052
Q6T4R5,Q06124_p,0.08046829912603888
Q6VN20,Q06124_p,0.19753379812940555
Q6IAA8,Q06124_p,0.2854101934168548
Q6P4F7,Q06124_p,0.061793882152983294
Q70J99,Q06124_p,0.16028643783894486
Q76N32,Q06124_p,0.07909769024216338
Q6NUK4,Q06124_p,0.08189353559536429
Q6P0N0,Q06124_p,0.06313271727361632
Q70CQ4,Q06124_p,0.08580336099765903
Q6P4Q7,Q06124_p,0.15435049770249773
Q5T9S5,Q06124_p,0.0582638339718304
Q6ZWJ1,Q06124_p,0.2941028710517837
Q86Y07,Q06124_p,0.1442945132455873
Q7Z3T8,Q06124_p,0.3169429910025974
Q8IYW5,Q06124_p,0.14997075021075726
Q86TU7,Q06124_p,0.23886733021454476
Q8IXQ4,Q06124_p,0.05559199724750026
Q86YQ8,Q06124_p,0.0945590010225526
Q7Z478,Q06124_p,0.07808107435660411
Q7Z4H7,Q06124_p,0.23048090250759706
Q8IY17,Q06124_p,0.20400765932875106
Q86UR5,Q06124_p,0.308120107577389
Q86UX7,Q06124_p,0.5303442918622228
Q86T03,Q06124_p,0.6410912427668467
Q8IVD9,Q06124_p,0.12676960781383786
Q7Z5J4,Q06124_p,0.07669426088280522
Q8N142,Q06124_p,0.07073614478941781
Q86YR5,Q06124_p,0.462427147714754
Q8N1F7,Q06124_p,0.12052094509959599
Q7L7X3,Q06124_p,0.5410619194219077
Q7Z3D4,Q06124_p,0.05549244448772063
Q8IWV8,Q06124_p,0.10045053025175248
Q86US8,Q06124_p,0.058139601201086535
Q8IVW6,Q06124_p,0.06612079030095126
Q7Z6I6,Q06124_p,0.16302737390190736
Q86VI4,Q06124_p,0.08054768581187158
Q86VI3,Q06124_p,0.3960780541900977
Q86U06,Q06124_p,0.07898838909131421
Q8N157,Q06124_p,0.1370337142760632
Q86X95,Q06124_p,0.08415571411275097
Q86YS7,Q06124_p,0.18320880728981428
Q86YS6,Q06124_p,0.26464426485329534
Q8IVG5,Q06124_p,0.43052008411062237
Q8N1G4,Q06124_p,0.07908066126782629
Q8N1G2,Q06124_p,0.09615722302770593
Q8IWK6,Q06124_p,0.09941118537574034
Q7L2J0,Q06124_p,0.07018583280604215
Q7Z3K3,Q06124_p,0.05615375956442157
Q86V48,Q06124_p,0.12544415356247096
Q8IVT2,Q06124_p,0.16769310255510547
Q8IX03,Q06124_p,0.6331613473304425
Q8IX01,Q06124_p,0.051116664460902086
Q7Z6J0,Q06124_p,0.27626076419375895
Q7Z6J9,Q06124_p,0.05119806126271228
Q8IWX8,Q06124_p,0.09723936618585281
Q7Z3B3,Q06124_p,0.11105389270808415
Q8IXT5,Q06124_p,0.05522323831814879
Q8IWJ2,Q06124_p,0.1899391514326275
Q7Z591,Q06124_p,0.14882255110882406
Q7Z333,Q06124_p,0.2310581974645652
Q8IY63,Q06124_p,0.3823406851638089
Q8IY67,Q06124_p,0.09878838583002418
Q86UU1,Q06124_p,0.3647975936094702
Q8IUC4,Q06124_p,0.23103632753875494
Q8IYI6,Q06124_p,0.14996717658460762
Q8IU85,Q06124_p,0.2609885202256625
Q8IW45,Q06124_p,0.05053218419908625
Q8IW41,Q06124_p,0.3201081999901211
Q9ULX3,Q06124_p,0.09596678737981498
Q86Y82,Q06124_p,0.11965457922326088
Q8IU60,Q06124_p,0.09890662939238215
Q7Z2W4,Q06124_p,0.26017999316884977
Q8IWE2,Q06124_p,0.10055660284501892
Q7Z589,Q06124_p,0.23093735214730074
Q86XL3,Q06124_p,0.11413418780538556
Q86WV1,Q06124_p,0.2658891066970725
Q86V81,Q06124_p,0.11504520265032163
Q8IY51,Q06124_p,0.07551008170935924
Q86U38,Q06124_p,0.04996165728188588
Q8IWZ3,Q06124_p,0.15896162295129088
Q8IWZ8,Q06124_p,0.08027183727076734
Q8IZD4,Q06124_p,0.12508622184135615
Q13895,Q06124_p,0.066748855428702
Q86UE8,Q06124_p,0.25144315845097104
Q86UE4,Q06124_p,0.07284663433170582
Q86UW9,Q06124_p,0.45238490552105237
Q86VS8,Q06124_p,0.28032015804595806
Q86U42,Q06124_p,0.05641443970042874
Q86U44,Q06124_p,0.05683479427087974
Q8IXW5,Q06124_p,0.07153191109265598
Q8IWU9,Q06124_p,0.19871379727229177
Q86XJ1,Q06124_p,0.18530909264780987
Q86VP6,Q06124_p,0.3619455055808358
Q8IVL1,Q06124_p,0.1363745208866151
Q8N122,Q06124_p,0.5734753723796886
Q86Z02,Q06124_p,0.10356656440117654
Q8IWT6,Q06124_p,0.09314416297212214
Q8IXJ6,Q06124_p,0.38485614820231584
Q8IY18,Q06124_p,0.09127825764283591
Q7L590,Q06124_p,0.06334492758806995
Q7L591,Q06124_p,0.14594452437091104
Q7L2E3,Q06124_p,0.08999008303043483
Q8IUD2,Q06124_p,0.32030306281893567
Q86WG5,Q06124_p,0.2013387845905012
Q7Z4S6,Q06124_p,0.5564854323906826
Q86UY5,Q06124_p,0.2630391190194749
Q8IVH8,Q06124_p,0.38978440159139666
Q86XI2,Q06124_p,0.0919543109883388
Q7LFX5,Q06124_p,0.07075583869339364
Q86VQ1,Q06124_p,0.09743515025851385
Q6ZXV5,Q06124_p,0.046586896803081534
Q86X10,Q06124_p,0.07837078858648007
Q8IWW6,Q06124_p,0.5846464993526026
Q8IWA0,Q06124_p,0.05727491746264268
Q8IZH2,Q06124_p,0.07990700179144002
Q7Z3C6,Q06124_p,0.4083809019850014
Q7Z569,Q06124_p,0.4280557079945792
Q8N0Y7,Q06124_p,0.10312686775401189
Q86T82,Q06124_p,0.2733289434740883
Q86WR0,Q06124_p,0.07938330332820388
Q7Z4F1,Q06124_p,0.04679534190596983
Q86WR7,Q06124_p,0.11153997149499306
Q7Z6I8,Q06124_p,0.055142706433184474
Q8IZ69,Q06124_p,0.060807401766621215
Q8IVI9,Q06124_p,0.4745326465937926
Q8N0X7,Q06124_p,0.29585035182360664
Q8IX07,Q06124_p,0.09011718127392904
Q8IXZ2,Q06124_p,0.04933163554494432
Q8IWV7,Q06124_p,0.1517355307302422
Q7L576,Q06124_p,0.5950717083318999
Q7Z422,Q06124_p,0.15637624971282454
Q8IYB3,Q06124_p,0.09156359926924762
Q7L804,Q06124_p,0.1432772129707851
Q86TM6,Q06124_p,0.14391974559542364
Q8IY81,Q06124_p,0.05305191862460864
Q86XP3,Q06124_p,0.056012490637153446
Q86T24,Q06124_p,0.21738642915596745
Q86TC9,Q06124_p,0.22922471842674827
Q7Z2K8,Q06124_p,0.11263297657511322
Q8IWC1,Q06124_p,0.10232101051274697
Q86SQ4,Q06124_p,0.0580869993197504
Q86SQ0,Q06124_p,0.3945618773676474
Q8IXM2,Q06124_p,0.24919709220142297
Q8IVF7,Q06124_p,0.31543376730281175
Q8N128,Q06124_p,0.08384803297692223
Q7Z434,Q06124_p,0.5267396095342636
Q7Z6E9,Q06124_p,0.07016490555143419
Q7Z4I7,Q06124_p,0.6015302445588651
Q7Z6B7,Q06124_p,0.27216282767938926
Q86VR2,Q06124_p,0.05988140314211275
Q8IZ41,Q06124_p,0.2810472772641074
Q8IWP9,Q06124_p,0.04759784576826449
Q8IXK0,Q06124_p,0.18059046061230652
Q8IWB9,Q06124_p,0.08247114579521787
Q8IWB1,Q06124_p,0.05939058950617192
Q8IWR0,Q06124_p,0.06279966223724097
Q86YV5,Q06124_p,0.2044623178394796
Q7Z4G4,Q06124_p,0.047861013502986986
Q8N163,Q06124_p,0.06145148217740172
Q7L1W4,Q06124_p,0.07397342929347363
Q86UK7,Q06124_p,0.18084074271586212
Q7Z401,Q06124_p,0.12416902544401656
Q7Z406,Q06124_p,0.316437408899153
Q7Z4W1,Q06124_p,0.06153903861227922
Q8IX12,Q06124_p,0.10471983700194439
Q8IX90,Q06124_p,0.23357638498352337
Q8N1I0,Q06124_p,0.34140407480838375
O60291,Q06124_p,0.45561184536612903
Q8IWS0,Q06124_p,0.11674216378619007
Q7RTP6,Q06124_p,0.13740346052412106
Q8IUQ4,Q06124_p,0.65742396414537
Q7Z417,Q06124_p,0.08245705079143933
Q7Z4T9,Q06124_p,0.05332173126148223
Q86W56,Q06124_p,0.21302591578274557
Q8IZ21,Q06124_p,0.1801895302999699
Q7Z5K2,Q06124_p,0.058638712429356976
Q8IY33,Q06124_p,0.1956646705644205
Q86UP2,Q06124_p,0.24194076055860253
Q8IVP5,Q06124_p,0.4752326995760299
Q8IVF6,Q06124_p,0.08726618990630125
Q8IZL8,Q06124_p,0.12149778724199325
Q8IV50,Q06124_p,0.12152653563714644
Q8NCG7,Q06124_p,0.05394916950708382
Q8N5F7,Q06124_p,0.057042944404593246
Q8N5H7,Q06124_p,0.6765821223735131
Q8TCJ2,Q06124_p,0.046649892697312886
Q8TDX7,Q06124_p,0.5886905585888261
Q96AC1,Q06124_p,0.4912253538657619
Q92831,Q06124_p,0.3958104759516048
Q92835,Q06124_p,0.6398554027839609
Q969K3,Q06124_p,0.19501344394799708
Q8NEM2,Q06124_p,0.4177006384092919
Q92610,Q06124_p,0.05592553858855159
Q92630,Q06124_p,0.2546639158403496
Q8WYB5,Q06124_p,0.2609816149414006
Q8WVK2,Q06124_p,0.07576483827045295
Q96FF9,Q06124_p,0.11811250948998239
Q8N684,Q06124_p,0.07698917352733149
Q8TEH3,Q06124_p,0.10326602979032162
Q8WUF5,Q06124_p,0.4984614804473068
Q96BT3,Q06124_p,0.062155951574963765
Q96KG9,Q06124_p,0.12756276992519594
Q96B97,Q06124_p,0.5468484533411282
Q8TBE0,Q06124_p,0.08095816464810618
Q8TBE7,Q06124_p,0.04784374623559639
Q2M3G4,Q06124_p,0.1345744994707948
Q8NAP3,Q06124_p,0.06629815422507405
Q8N5G2,Q06124_p,0.10831064507068233
Q8NCD3,Q06124_p,0.3261245138034586
Q93009,Q06124_p,0.5966310662095037
Q969T4,Q06124_p,0.2307031815726584
Q969T9,Q06124_p,0.37755069963445864
Q92738,Q06124_p,0.1281237907177593
Q96A57,Q06124_p,0.046345337724368184
Q92731,Q06124_p,0.4878483696135617
Q92733,Q06124_p,0.05659247119689727
Q92734,Q06124_p,0.21446597737686543
Q8NB78,Q06124_p,0.3377803533990712
Q969J2,Q06124_p,0.046979586654104497
Q92608,Q06124_p,0.5395897150330917
Q8TE68,Q06124_p,0.1616434544158055
Q8WVD3,Q06124_p,0.10871336290530305
Q8TC07,Q06124_p,0.21975175555411974
Q8WVV9,Q06124_p,0.08029554899075524
Q8N4X5,Q06124_p,0.2464455408705235
Q8NEN9,Q06124_p,0.08347422045150751
Q96HB5,Q06124_p,0.14961379461544733
Q8TD16,Q06124_p,0.1634026912361485
Q8TD19,Q06124_p,0.7025653370666239
Q96F63,Q06124_p,0.06828090402348733
Q8WUA2,Q06124_p,0.06076108651772512
Q8WUA7,Q06124_p,0.11568411071374676
Q8WUA4,Q06124_p,0.05991684423391665
Q8TBF4,Q06124_p,0.05602269669564647
Q8N3V7,Q06124_p,0.36774932241934205
Q8NDV7,Q06124_p,0.11807415051102492
Q96D09,Q06124_p,0.04700488199138214
Q8NCE2,Q06124_p,0.5938291239840913
Q8NCE0,Q06124_p,0.05762367291035868
Q8WWQ0,Q06124_p,0.11330665374759859
Q96IZ0,Q06124_p,0.4541709374561428
Q96CS3,Q06124_p,0.10758081813775947
Q96C19,Q06124_p,0.18761876232213853
Q93100,Q06124_p,0.5428929965720981
Q8N201,Q06124_p,0.07683526264057297
Q92830,Q06124_p,0.44012442525155676
Q8N2M8,Q06124_p,0.5273935063115579
Q93034,Q06124_p,0.6899481227522062
Q92613,Q06124_p,0.055816075876015725
Q92615,Q06124_p,0.08009620223290287
Q92618,Q06124_p,0.06464753801361159
Q8TE77,Q06124_p,0.7112989678074753
Q8TAP8,Q06124_p,0.0484277647026725
Q8TAP9,Q06124_p,0.09741274101781497
Q8N3A8,Q06124_p,0.06136445321609611
Q96JM2,Q06124_p,0.07001298716921153
Q8WV28,Q06124_p,0.4072774827969872
Q92934,Q06124_p,0.5157235333279037
Q96FJ0,Q06124_p,0.38360206292394905
Q8NA75,Q06124_p,0.08715496234459687
Q8NA72,Q06124_p,0.08684656427904995
Q8ND82,Q06124_p,0.06026404939650415
Q8N5Y2,Q06124_p,0.07991868585770448
Q96L73,Q06124_p,0.0593495453857603
Q92994,Q06124_p,0.06732682370246564
Q92995,Q06124_p,0.26468098758730574
Q92997,Q06124_p,0.6874182628246428
Q92993,Q06124_p,0.44964049473862644
Q96CB9,Q06124_p,0.048391964685603445
Q8NBJ9,Q06124_p,0.05097658397425695
Q969H4,Q06124_p,0.4502581462761405
Q96CT7,Q06124_p,0.05577652226562783
Q8TAQ5,Q06124_p,0.04982885535179132
Q8TAQ2,Q06124_p,0.1247196676472599
Q8N302,Q06124_p,0.08416223359039718
Q92752,Q06124_p,0.06596043759224546
Q92974,Q06124_p,0.3803401667365203
Q8TC20,Q06124_p,0.08350868399828953
Q8N3F8,Q06124_p,0.34843642331343777
Q8NFD5,Q06124_p,0.1374660907536175
Q92574,Q06124_p,0.1833340024218263
Q8WUQ7,Q06124_p,0.052928027679252365
Q8NDT2,Q06124_p,0.07132856810306532
Q8NC60,Q06124_p,0.04769709042374974
Q96C36,Q06124_p,0.1405559301138555
Q96F07,Q06124_p,0.6333581630334255
Q8TF42,Q06124_p,0.6384542187146984
Q96EY5,Q06124_p,0.08078159451633524
Q96CW6,Q06124_p,0.05357740737251019
Q8N2Y8,Q06124_p,0.391950718794553
Q8NFU5,Q06124_p,0.4362511774040071
Q96AG3,Q06124_p,0.060894445476028417
Q8NFG4,Q06124_p,0.14321057187483502
Q8N488,Q06124_p,0.20448062106424358
Q92560,Q06124_p,0.14853685574898262
Q8NEA9,Q06124_p,0.2362315280762613
Q8TEV9,Q06124_p,0.37841091652239245
Q8N4C6,Q06124_p,0.47118126886631845
Q96JY6,Q06124_p,0.36179502910943734
Q9NUQ8,Q06124_p,0.05243492917923931
Q8WUB8,Q06124_p,0.148661581881777
Q8N3U4,Q06124_p,0.3018069669397191
Q8N3D4,Q06124_p,0.052218100553145276
Q96II8,Q06124_p,0.24359278555712932
Q8NE71,Q06124_p,0.05571468219954727
Q8WWN8,Q06124_p,0.46113468175604505
Q8NCN4,Q06124_p,0.08023646137608863
Q8TDM6,Q06124_p,0.6498111324795215
Q8TBA6,Q06124_p,0.05284351523622229
Q96AP0,Q06124_p,0.13569349047221607
Q96I25,Q06124_p,0.058920106006445094
Q96I24,Q06124_p,0.07663779418881331
Q969X1,Q06124_p,0.11796413508355526
Q8N6N3,Q06124_p,0.06372154622367651
Q96CV9,Q06124_p,0.6709768463105382
Q92882,Q06124_p,0.2615084941132624
Q96EV2,Q06124_p,0.12033018751681439
Q92888,Q06124_p,0.5713829658388085
Q8TAA9,Q06124_p,0.5667946328073574
Q15022,Q06124_p,0.10107059217742106
Q8NI27,Q06124_p,0.10625947792127644
Q8TCG1,Q06124_p,0.23766096110896603
Q8NFT8,Q06124_p,0.0959988206065503
Q92954,Q06124_p,0.04934261755741403
Q92556,Q06124_p,0.5366197661131614
Q92551,Q06124_p,0.30428808036042204
Q92558,Q06124_p,0.20939652741356815
Q92797,Q06124_p,0.0985608161098835
Q92793,Q06124_p,0.502677865096434
Q8TF30,Q06124_p,0.42227928359065314
Q96JH7,Q06124_p,0.19939888286484408
Q8TEW8,Q06124_p,0.2995705671767802
Q8TEW0,Q06124_p,0.5526823673321684
Q8N6R0,Q06124_p,0.06384607155055615
Q8NHJ6,Q06124_p,0.3172204365361735
Q8WUM9,Q06124_p,0.1371880596201963
Q8WUM4,Q06124_p,0.316249222309839
Q8WUM0,Q06124_p,0.10978931191553887
Q8WYL5,Q06124_p,0.6644769273926341
Q96DM3,Q06124_p,0.08073888631773092
Q8N3X1,Q06124_p,0.06040394674108497
Q8NC44,Q06124_p,0.058174968209759856
Q96EI5,Q06124_p,0.046967564973238736
Q8WXI9,Q06124_p,0.10145176334343453
Q96K37,Q06124_p,0.04758056539938877
Q96F86,Q06124_p,0.0854913476712927
Q96J02,Q06124_p,0.7247963132266131
Q8WWM7,Q06124_p,0.22578038659162086
Q8NDX6,Q06124_p,0.05722749381500095
Q8NDX5,Q06124_p,0.18993349917943886
Q8NBU5,Q06124_p,0.05163684720650119
Q92890,Q06124_p,0.11049003999036389
Q96EU6,Q06124_p,0.0488837226621672
Q969M3,Q06124_p,0.04737227637981921
Q8NFW5,Q06124_p,0.1170217081142372
Q8NFW9,Q06124_p,0.34283613240650584
Q92769,Q06124_p,0.4303224532247197
Q92945,Q06124_p,0.1199963664869667
Q92766,Q06124_p,0.060914808078462536
Q92764,Q06124_p,0.05447896185847804
Q8N3E9,Q06124_p,0.522450652391678
Q92547,Q06124_p,0.27631616402586473
Q92785,Q06124_p,0.08244395643865783
Q92783,Q06124_p,0.33641206869433316
Q8N4S0,Q06124_p,0.2177738334918596
Q96JI7,Q06124_p,0.0760281911190825
Q92900,Q06124_p,0.10992940881625872
Q8ND56,Q06124_p,0.10488405355125412
Q8N608,Q06124_p,0.2155942770057993
Q8NDI1,Q06124_p,0.0996158251994102
Q96GX5,Q06124_p,0.42152535075367925
Q8NC56,Q06124_p,0.07831455487141353
Q8WXF1,Q06124_p,0.09851204938824011
Q96GD4,Q06124_p,0.38405615956448325
Q8NHQ9,Q06124_p,0.05110007334502988
Q96BJ3,Q06124_p,0.19394436563929554
Q96KQ4,Q06124_p,0.42362594402666726
Q96K21,Q06124_p,0.12353742521302997
Q96C45,Q06124_p,0.19915046770841693
Q96AV8,Q06124_p,0.08187912168583428
Q96CX2,Q06124_p,0.5617871283044351
Q92576,Q06124_p,0.0711500060463662
Q8NHM5,Q06124_p,0.07671550474742722
Q8WWZ4,Q06124_p,0.05078313800976332
Q96JJ3,Q06124_p,0.6501160814573856
Q96AD5,Q06124_p,0.05588343047202192
Q8NFH5,Q06124_p,0.09417608005240484
Q8TEU7,Q06124_p,0.713749954401385
Q92844,Q06124_p,0.4989541278268773
Q8NEV4,Q06124_p,0.4538279519480425
Q8TAD8,Q06124_p,0.06938107557913162
Q8TCS8,Q06124_p,0.05203841364078186
Q8N9U0,Q06124_p,0.06302362933520764
Q96GE4,Q06124_p,0.0482570449744487
Q96HH9,Q06124_p,0.05204603247749464
Q96B01,Q06124_p,0.10434773466267477
Q8WXG6,Q06124_p,0.08924206792254699
Q8WWK9,Q06124_p,0.07277234239789007
Q96BK5,Q06124_p,0.05304298958808492
Q96KP1,Q06124_p,0.41844673235023305
Q8TDN6,Q06124_p,0.049416330214568066
Q8TDN4,Q06124_p,0.31350773124041453
Q969S3,Q06124_p,0.056190598752907384
Q8WWY3,Q06124_p,0.23780987688572813
Q8NFY4,Q06124_p,0.10910970463901246
Q8N357,Q06124_p,0.0479256877133412
Q8WVC0,Q06124_p,0.08266959900641069
Q92616,Q06124_p,0.18122178502688016
Q8NAV1,Q06124_p,0.057640540216491065
Q8WVM8,Q06124_p,0.19845281636888779
Q8TER0,Q06124_p,0.07718910065029938
Q92922,Q06124_p,0.11168017159340163
Q8TDR0,Q06124_p,0.09521971819208705
Q8WVM7,Q06124_p,0.31621134923122096
Q96LQ0,Q06124_p,0.05408718881391611
Q8TB61,Q06124_p,0.048511669088426
Q8TEM1,Q06124_p,0.05239471843051417
Q92609,Q06124_p,0.2061561413802992
Q8ND30,Q06124_p,0.33931872395595525
Q96G46,Q06124_p,0.05713612960002842
Q8NEY1,Q06124_p,0.2817742389886832
Q96JS3,Q06124_p,0.07435488520882828
Q8NEY8,Q06124_p,0.08112497950042255
Q8ND24,Q06124_p,0.0661839863673159
Q8NI35,Q06124_p,0.5178346522183964
Q8NG31,Q06124_p,0.2693155952917502
Q8N5A5,Q06124_p,0.08782497602206944
Q92851,Q06124_p,0.5075365845905038
Q8TDC3,Q06124_p,0.38314137947654847
Q96AT1,Q06124_p,0.05269945868620994
Q8NHG8,Q06124_p,0.1019734038232297
Q96ED9,Q06124_p,0.3206040734964184
Q92917,Q06124_p,0.08704560033869664
Q92918,Q06124_p,0.6514168696482354
Q8TF72,Q06124_p,0.40322482839805557
Q8TF74,Q06124_p,0.26510122881369325
Q92597,Q06124_p,0.3720604739384982
Q92688,Q06124_p,0.14168292428137333
Q92667,Q06124_p,0.22855045253679
Q8TB52,Q06124_p,0.17076861975321278
Q8TEA1,Q06124_p,0.049028790579724736
Q8WYQ5,Q06124_p,0.06903047600666151
Q8WV15,Q06124_p,0.09485788094730321
Q96G74,Q06124_p,0.1146363778270787
Q8WUI4,Q06124_p,0.3055861116317683
Q96GA3,Q06124_p,0.10550538534127359
Q8N5P1,Q06124_p,0.054855509527225066
Q96C90,Q06124_p,0.052441141545554834
Q8WXE0,Q06124_p,0.42653543198701815
Q96K76,Q06124_p,0.530209208134305
Q8TDB6,Q06124_p,0.4629510465184235
Q8TBZ3,Q06124_p,0.5997542816683137
Q8WWI5,Q06124_p,0.0577047898032946
Q8WWI1,Q06124_p,0.12481483943807217
Q96EQ0,Q06124_p,0.09797719040264194
Q969Q5,Q06124_p,0.1254834509781399
Q93052,Q06124_p,0.27189050890685545
Q92908,Q06124_p,0.3770980987157982
Q8TF68,Q06124_p,0.05761849048375641
Q92878,Q06124_p,0.15083842833640937
Q8WV44,Q06124_p,0.24210740155641391
P36915,Q06124_p,0.0592176382804658
Q8N423,Q06124_p,0.25118127040141813
Q96C24,Q06124_p,0.49046688835931596
Q8WYP5,Q06124_p,0.07979175422269555
Q96AE4,Q06124_p,0.08886752967961967
Q92541,Q06124_p,0.08224688446245682
Q96JQ2,Q06124_p,0.06987135822770699
Q96A65,Q06124_p,0.2698936350117559
Q96KC8,Q06124_p,0.05076074240625835
Q8NB49,Q06124_p,0.07630656239241415
Q8NB46,Q06124_p,0.3258465675761092
Q8N4S9,Q06124_p,0.20979557016312828
Q92614,Q06124_p,0.14421658342053617
Q8N8A6,Q06124_p,0.048891425679335535
Q8ND04,Q06124_p,0.07631265895905187
Q8WTT2,Q06124_p,0.04839573664465692
Q96I34,Q06124_p,0.3629087925546223
Q8N5C8,Q06124_p,0.4956718587188561
Q96EP0,Q06124_p,0.5695090375078704
Q8NAF0,Q06124_p,0.0550146571442884
Q93045,Q06124_p,0.42223145246450694
Q8TDW0,Q06124_p,0.0723721463680234
Q96AX9,Q06124_p,0.5292276433274423
Q8TEQ0,Q06124_p,0.10392424586612252
Q8TEQ6,Q06124_p,0.12697103128586792
Q92804,Q06124_p,0.14961584673056463
Q92805,Q06124_p,0.14131517292627938
Q96A05,Q06124_p,0.05726111951427123
Q8WYA6,Q06124_p,0.14909264315612825
Q8WYA0,Q06124_p,0.07777003226905871
Q96EY1,Q06124_p,0.07674203282706386
Q8WX93,Q06124_p,0.28237141393560666
Q8N8S7,Q06124_p,0.1708878220352466
Q96FC9,Q06124_p,0.05119372159074513
Q96BY6,Q06124_p,0.23769071500488392
Q96DE5,Q06124_p,0.14130281549629992
Q96KB5,Q06124_p,0.6415333880606611
Q96FQ6,Q06124_p,0.11841846018787316
Q8ND76,Q06124_p,0.296125045017299
Q96HP0,Q06124_p,0.11022197233524919
Q96EA4,Q06124_p,0.20696900067348106
Q8N3P4,Q06124_p,0.18471542025383816
Q8N2G6,Q06124_p,0.05375914759171639
Q12815,Q06124_p,0.08383319703276192
Q92569,Q06124_p,0.7656633941383226
Q8NHH9,Q06124_p,0.09710050803934751
Q96IV6,Q06124_p,0.04789477323316369
Q93074,Q06124_p,0.07228733008311106
Q93075,Q06124_p,0.09027424596490141
Q96LC7,Q06124_p,0.23783402209593807
Q8TCN5,Q06124_p,0.07602593354273199
Q92817,Q06124_p,0.316667466929617
Q92499,Q06124_p,0.16439866010473744
Q8NHV4,Q06124_p,0.07086774095641665
Q8WZ64,Q06124_p,0.37503746083426
Q8NFA0,Q06124_p,0.4286594550871117
Q96G03,Q06124_p,0.08019649287832037
Q969H6,Q06124_p,0.0510700494404849
Q96AG4,Q06124_p,0.05866395967380043
Q8N5S9,Q06124_p,0.37486034117550165
Q96A49,Q06124_p,0.07205216127437673
Q96DF8,Q06124_p,0.3305702474600261
Q96IZ5,Q06124_p,0.051663695023763986
Q96FV9,Q06124_p,0.28361468766248243
Q96BD5,Q06124_p,0.12352661238141985
Q8WVN8,Q06124_p,0.12317724322575282
Q8NEJ9,Q06124_p,0.048739260120395436
Q8WUX9,Q06124_p,0.08782335259100096
Q8NFJ5,Q06124_p,0.08004443391519485
Q8NHY0,Q06124_p,0.04577773038869383
Q8NCF5,Q06124_p,0.08325210632426118
Q969V6,Q06124_p,0.2025641094379597
Q96JP5,Q06124_p,0.061216380388127836
Q96FW1,Q06124_p,0.326555047427494
Q8TDY2,Q06124_p,0.5577443077349347
Q8N6H7,Q06124_p,0.0756921758759428
Q8N573,Q06124_p,0.16869627776751878
Q8NEL9,Q06124_p,0.1576986697172662
Q92628,Q06124_p,0.07216832813258425
Q92629,Q06124_p,0.10747813444499768
Q92620,Q06124_p,0.05968510334356912
Q8WZ73,Q06124_p,0.23962816040107765
Q92530,Q06124_p,0.059084858060068135
Q92538,Q06124_p,0.13301159292252288
Q92539,Q06124_p,0.12818824150343539
Q8N4C8,Q06124_p,0.4011769079405827
Q96HN2,Q06124_p,0.20824793161807292
Q8WU79,Q06124_p,0.12523482688044799
Q8TEK3,Q06124_p,0.12609040180738892
Q8N5T2,Q06124_p,0.0720433031151452
Q92598,Q06124_p,0.42459651285677164
Q8NFF5,Q06124_p,0.06329226855087224
Q96N67,Q06124_p,0.16253825504263003
Q9BUF5,Q06124_p,0.40574757676640394
Q9C0H6,Q06124_p,0.19506339784583124
Q9C0H9,Q06124_p,0.11109451088415541
Q9H0E3,Q06124_p,0.10914433019493672
Q9BZQ8,Q06124_p,0.21280027995884176
Q9BR39,Q06124_p,0.0764291943687231
Q9BW85,Q06124_p,0.07519957661003238
Q9H2I8,Q06124_p,0.07522590159715864
Q9H7M9,Q06124_p,0.1686280833217484
Q9H816,Q06124_p,0.053916633243784054
Q9H814,Q06124_p,0.09862993657009653
Q9H788,Q06124_p,0.24553929958079723
Q9BXW9,Q06124_p,0.10412826795180732
Q9BZG1,Q06124_p,0.12054552838983515
Q9H1A4,Q06124_p,0.08125651707907369
Q99640,Q06124_p,0.5071020428203636
Q96Q89,Q06124_p,0.4510868447647831
Q9BWU0,Q06124_p,0.0607313459167599
Q99460,Q06124_p,0.3042825037467853
Q9H3Q1,Q06124_p,0.5130344050743171
Q9BY44,Q06124_p,0.055043844986858395
Q9BWG4,Q06124_p,0.22171481444404156
Q9BWG6,Q06124_p,0.05008928412377277
Q9BQG0,Q06124_p,0.06703551973395608
Q96RU3,Q06124_p,0.32794556843574785
Q96RU2,Q06124_p,0.3287364942031519
Q96MG7,Q06124_p,0.12368215959653173
Q9BQ52,Q06124_p,0.05905375502855058
Q96MU7,Q06124_p,0.07949881344021936
Q9BZ29,Q06124_p,0.14051709348085412
Q9BZ23,Q06124_p,0.1961389032094168
Q9BXJ9,Q06124_p,0.12276744055882058
Q9BS34,Q06124_p,0.047147185249490686
Q9BX40,Q06124_p,0.08099067393404039
Q9H6R4,Q06124_p,0.05129529541573633
Q9HC62,Q06124_p,0.27469452798143995
Q9BZV1,Q06124_p,0.13258089194759298
Q9H2J4,Q06124_p,0.21902827152303916
Q9H7L9,Q06124_p,0.12066502112642852
Q9H773,Q06124_p,0.3290210445616696
Q9C0E8,Q06124_p,0.07201616365684724
Q9BXP5,Q06124_p,0.08958333055082898
Q9BZD4,Q06124_p,0.32534463721610474
Q9BXB4,Q06124_p,0.09791392242408245
Q9BXB5,Q06124_p,0.10268186003372148
Q99856,Q06124_p,0.0689035968887006
Q9BSJ8,Q06124_p,0.07852637797271993
Q9H992,Q06124_p,0.1561638435507131
Q9H425,Q06124_p,0.06232637188669471
Q9H422,Q06124_p,0.11848796592460262
Q86VX9,Q06124_p,0.08045066769742543
Q9HAS0,Q06124_p,0.1663434848569586
Q9H4G0,Q06124_p,0.23707737207435894
Q99459,Q06124_p,0.08249594637732044
Q9H813,Q06124_p,0.06948588366446819
Q9H3P2,Q06124_p,0.10941475327946659
Q9BWF3,Q06124_p,0.10928455659304467
Q9BWF2,Q06124_p,0.23270308032737383
Q99523,Q06124_p,0.356713575719087
Q9UHK0,Q06124_p,0.05130341011734889
Q96RR4,Q06124_p,0.5043685477238093
Q9HCG8,Q06124_p,0.05172198672404995
Q9H0C8,Q06124_p,0.07128889492309676
Q9BPX3,Q06124_p,0.36664952886555097
Q9HD26,Q06124_p,0.5214649152043928
Q9HC52,Q06124_p,0.1468493691201134
Q9H6S3,Q06124_p,0.29631474094392235
Q9BWH6,Q06124_p,0.055226089546324145
Q9C0J8,Q06124_p,0.11761008790488792
Q9BZW7,Q06124_p,0.09474087913712041
Q9BZW8,Q06124_p,0.31675978464220444
Q9HB20,Q06124_p,0.35776737197294345
Q9HB21,Q06124_p,0.10955775872680115
Q9H2K8,Q06124_p,0.5724279743149111
Q9BVJ6,Q06124_p,0.057075542481117014
Q9HBA0,Q06124_p,0.5583730689412711
Q9H1C4,Q06124_p,0.18261069777554892
Q9H3M7,Q06124_p,0.529200318312669
Q99661,Q06124_p,0.3947726906265365
Q9BZK7,Q06124_p,0.17056388062600092
Q99062,Q06124_p,0.4203612091909756
Q9H981,Q06124_p,0.10174327924879789
Q9H165,Q06124_p,0.12226994566011802
Q96RE7,Q06124_p,0.10355765190490115
Q99442,Q06124_p,0.13216058822476046
Q99683,Q06124_p,0.6579463026667434
Q9BWW4,Q06124_p,0.26230279017479996
Q9HBH9,Q06124_p,0.4931878887035378
Q96TA1,Q06124_p,0.29490959936045785
Q99536,Q06124_p,0.04934843575181872
Q9BQE3,Q06124_p,0.36244770039975244
Q96RS0,Q06124_p,0.07151348049718496
Q96PK6,Q06124_p,0.0817670469054841
Q9BQ39,Q06124_p,0.060634161941377496
Q9BX63,Q06124_p,0.08402719651202266
Q9BTU6,Q06124_p,0.5332759439211203
Q9BUK6,Q06124_p,0.05584730882567142
Q9BR61,Q06124_p,0.2357233883784069
Q9BRS2,Q06124_p,0.08064190451479089
Q9H8Y5,Q06124_p,0.04764714647140786
Q96QR8,Q06124_p,0.07452573444073007
Q9BXL6,Q06124_p,0.6928217222336743
Q9BZH6,Q06124_p,0.061976405471702876
Q9BY77,Q06124_p,0.05457769572236572
Q9H2P0,Q06124_p,0.05956963964145394
Q9BTE3,Q06124_p,0.06380080075860223
Q9BTE7,Q06124_p,0.13353973776714914
Q9H400,Q06124_p,0.1987843993337526
Q9HAU0,Q06124_p,0.23577741357761467
Q9H246,Q06124_p,0.12053025866504496
Q9GZR7,Q06124_p,0.051562889188245184
Q99549,Q06124_p,0.055032247929307644
Q99543,Q06124_p,0.16557678930439973
Q99547,Q06124_p,0.04972319724961667
Q9BZX2,Q06124_p,0.08253210567904448
Q9HCE3,Q06124_p,0.051221006143438566
Q9BRL6,Q06124_p,0.0772334470877316
Q9BUT9,Q06124_p,0.13637044456842665
Q96NY9,Q06124_p,0.12172467402052337
Q9BUJ2,Q06124_p,0.08266922130512958
Q9H5I1,Q06124_p,0.26226639737523183
Q9BWJ5,Q06124_p,0.09696400690864569
Q9H2M9,Q06124_p,0.05801848340196421
Q9BTT0,Q06124_p,0.09951739939322563
Q96T25,Q06124_p,0.09638355910205394
Q96T23,Q06124_p,0.15898308585737359
Q9BRP8,Q06124_p,0.05058348149755833
Q96SN8,Q06124_p,0.24874614659623706
Q9BXS6,Q06124_p,0.1304887436473851
Q9BXS5,Q06124_p,0.20528488609648524
Q9H8V3,Q06124_p,0.34631950031336806
Q96QC0,Q06124_p,0.17382572539029878
Q9H1E3,Q06124_p,0.39846016504176046
Q96S38,Q06124_p,0.3794085487212152
Q9C0F1,Q06124_p,0.09826992942944858
Q9BZI7,Q06124_p,0.09109754203368071
Q9H3U1,Q06124_p,0.4390053416892072
Q9C026,Q06124_p,0.5269701711515506
Q99558,Q06124_p,0.6312891501252215
Q99623,Q06124_p,0.44345730973258835
Q9BZ67,Q06124_p,0.14673008850468586
Q9HCD5,Q06124_p,0.09646754348316597
Q9HD15,Q06124_p,0.06254595683990868
Q9BUI4,Q06124_p,0.09861223386425538
Q9H5H4,Q06124_p,0.05535302212339751
Q99519,Q06124_p,0.04635808695033973
Q9BYJ9,Q06124_p,0.10486173657585567
Q96T37,Q06124_p,0.07730690270555249
Q9BVI0,Q06124_p,0.10841780202230134
Q9H6X2,Q06124_p,0.06445075272912713
Q9BRQ6,Q06124_p,0.07047624346133158
Q96NB3,Q06124_p,0.059136328534985017
Q9H8W4,Q06124_p,0.251649373723987
Q96S94,Q06124_p,0.09445575775643379
Q9C0A0,Q06124_p,0.07946103586315405
Q9C0A6,Q06124_p,0.07989663775707426
Q9BVG4,Q06124_p,0.06698905556542838
Q99961,Q06124_p,0.240026636111963
Q96PE2,Q06124_p,0.15452860354221754
Q9HAW4,Q06124_p,0.08452482374816372
Q99816,Q06124_p,0.7499728928481195
Q9GZP4,Q06124_p,0.2915072614471349
Q99719,Q06124_p,0.27794217395552245
Q96RN5,Q06124_p,0.11857924303559748
Q99497,Q06124_p,0.3387494329780848
Q96MP8,Q06124_p,0.36448356199037013
Q9BZ71,Q06124_p,0.28578292360741775
Q9HCK8,Q06124_p,0.12340358688788262
Q9HCK5,Q06124_p,0.12825625493690498
Q9BUZ4,Q06124_p,0.7318539615142073
Q9HC98,Q06124_p,0.4766888183227591
Q9BUH8,Q06124_p,0.2650557456672865
Q9H0B3,Q06124_p,0.04871363264885056
Q9BWL3,Q06124_p,0.08910215313365347
Q9H0B6,Q06124_p,0.5252834741983964
Q9BYI3,Q06124_p,0.09169847933416297
Q9BYG5,Q06124_p,0.5936213922241975
Q9BYG3,Q06124_p,0.05268519962899705
Q9H6R7,Q06124_p,0.20897234428996087
Q96S59,Q06124_p,0.1242329922563433
Q96S55,Q06124_p,0.07297280560588291
Q96PN7,Q06124_p,0.10109612717154484
Q9H9A7,Q06124_p,0.12855162947037455
Q9H8G2,Q06124_p,0.05433519675859706
Q9H4Z3,Q06124_p,0.08244518494493355
Q96SB8,Q06124_p,0.08830674928594454
Q9H093,Q06124_p,0.1960417009543352
Q96SB4,Q06124_p,0.1064311052094721
Q9H3S7,Q06124_p,0.4471901039979446
Q9BSC4,Q06124_p,0.05276557321848756
Q99570,Q06124_p,0.2995496298046709
Q99575,Q06124_p,0.05072156528688593
Q6FIF0,Q06124_p,0.09720794927894331
Q9HCJ3,Q06124_p,0.06003912090150054
Q9BUQ8,Q06124_p,0.057658040351209514
Q9H6H4,Q06124_p,0.07499596528134159
Q9BW19,Q06124_p,0.46189101592038745
Q96TC7,Q06124_p,0.36038409308708536
Q9H6Z4,Q06124_p,0.0802192390191306
Q9C0C2,Q06124_p,0.23092115561490853
Q9C0C9,Q06124_p,0.31561520967426143
Q9H7F4,Q06124_p,0.054111841064920785
Q9H7F0,Q06124_p,0.07054938705471862
Q9H1H9,Q06124_p,0.40878660143463696
Q96R06,Q06124_p,0.18579928289914824
Q9BW71,Q06124_p,0.05056400829001639
Q9H3Z4,Q06124_p,0.31388443090709084
Q96PY6,Q06124_p,0.24961339334605515
Q9GZV5,Q06124_p,0.5765216149774728
Q9H9C1,Q06124_p,0.08558293910729513
Q99747,Q06124_p,0.12931135062280447
Q96MW7,Q06124_p,0.10529051462219671
Q9BYW2,Q06124_p,0.10646003289023734
Q9H2C0,Q06124_p,0.5623033886309471
Q99758,Q06124_p,0.12660464654442977
Q9BV38,Q06124_p,0.08331737242519126
Q9C004,Q06124_p,0.09702871468257285
Q9C0B0,Q06124_p,0.08448214913810065
Q9C0B7,Q06124_p,0.06944778064646705
Q9C0B5,Q06124_p,0.2315454834946848
Q9HBG4,Q06124_p,0.06123153303666158
Q9H1K0,Q06124_p,0.27509547790617034
Q9H1K1,Q06124_p,0.05394555640889851
Q9HDC5,Q06124_p,0.1490597083549052
Q9H2U1,Q06124_p,0.08161871646217242
Q9H2U2,Q06124_p,0.16865747329847436
Q9H706,Q06124_p,0.34366425287891894
Q9H4X1,Q06124_p,0.08420151704987311
Q9BZZ5,Q06124_p,0.09852831498612157
Q9BXI6,Q06124_p,0.6114261848577407
Q9GZR1,Q06124_p,0.08199003963678739
Q99598,Q06124_p,0.12851401881470811
Q99759,Q06124_p,0.6777976302204802
Q9H9B1,Q06124_p,0.09947518466756586
Q9BYX2,Q06124_p,0.25827311416172216
Q9H9J4,Q06124_p,0.054854166073005015
Q9HCH0,Q06124_p,0.126579116366281
Q9H9T3,Q06124_p,0.07502736546714414
Q9BRG2,Q06124_p,0.638686118790807
Q9BSJ2,Q06124_p,0.1834067527598299
Q9HB96,Q06124_p,0.06839663466852414
Q9H2D6,Q06124_p,0.07768465827429655
Q9H0X9,Q06124_p,0.5172393722611129
Q9BTC0,Q06124_p,0.07149019654372635
Q9H8S9,Q06124_p,0.32801966780959696
Q96S66,Q06124_p,0.047991546001110205
Q9HAZ1,Q06124_p,0.1165896254940385
Q9HCE1,Q06124_p,0.07754835772763488
Q9H2V7,Q06124_p,0.04714837790167251
Q9H910,Q06124_p,0.2976428329314415
Q9BVC5,Q06124_p,0.08096235838176769
Q96QT6,Q06124_p,0.10361237874169822
Q96QT4,Q06124_p,0.5134684622696843
Q99614,Q06124_p,0.18812526484453423
Q99615,Q06124_p,0.25072990709104354
Q99613,Q06124_p,0.062886456401093
Q9BQP7,Q06124_p,0.03650099319460641
Q9H330,Q06124_p,0.04786369475556329
Q99728,Q06124_p,0.3437293409329544
Q9H9E3,Q06124_p,0.09915072608021738
Q9H7D7,Q06124_p,0.21358418947958163
Q9BQL6,Q06124_p,0.29170080309347474
Q9H0K1,Q06124_p,0.31310469210554415
Q9H6K1,Q06124_p,0.28014697756020046
Q9H223,Q06124_p,0.09191024272892198
Q9BRD0,Q06124_p,0.05466778571822676
Q96T88,Q06124_p,0.37760815823392413
Q9HC35,Q06124_p,0.6457472845543402
Q9H6U6,Q06124_p,0.11073329254831314
Q9BRZ2,Q06124_p,0.5092104778725435
Q9BUB5,Q06124_p,0.42145863605715866
Q96ST3,Q06124_p,0.11192479417487067
Q9BWT3,Q06124_p,0.0784226330011325
Q96QE2,Q06124_p,0.05639827220782465
Q96NG3,Q06124_p,0.16538308580821728
Q9BXY0,Q06124_p,0.056467709742776706
Q9BTL3,Q06124_p,0.07907011605917014
Q9H0W8,Q06124_p,0.05719985820309402
Q9H583,Q06124_p,0.05921893212002681
Q9H582,Q06124_p,0.09660870236061811
Q9H611,Q06124_p,0.08262691432505799
Q9BXK1,Q06124_p,0.06991755748860483
Q99607,Q06124_p,0.37866984810905097
Q9H501,Q06124_p,0.05160460463949808
Q9BZF1,Q06124_p,0.2973891389402445
Q99733,Q06124_p,0.09328623996856615
Q9H4L4,Q06124_p,0.30252583451976117
Q9H4L5,Q06124_p,0.1903629096769174
Q9H4L7,Q06124_p,0.13301845045346866
Q9BTX1,Q06124_p,0.04958470481451919
Q96RY5,Q06124_p,0.07910572767336228
Q99873,Q06124_p,0.4750367388362423
Q99426,Q06124_p,0.1645494518859542
Q9H0A0,Q06124_p,0.05734180935860842
Q9H5V8,Q06124_p,0.1421822543404485
Q96PU5,Q06124_p,0.7277664327093449
Q96PU4,Q06124_p,0.23056073311506817
Q9BY78,Q06124_p,0.07815198980564143
Q9BXJ3,Q06124_p,0.05593483285417935
Q9BYT8,Q06124_p,0.09213707695320823
Q9H0H5,Q06124_p,0.7572816935974912
Q9H0H0,Q06124_p,0.09717418554040025
Q9H0H3,Q06124_p,0.4693497011325052
Q9BVS4,Q06124_p,0.08314624212271
Q9BU02,Q06124_p,0.07517600934271378
Q99424,Q06124_p,0.056946527021060234
Q9H2F5,Q06124_p,0.1802706667389938
Q9H7P9,Q06124_p,0.07693987482323039
Q9HD67,Q06124_p,0.6477115334767013
Q9H2X6,Q06124_p,0.21268913352953178
Q96SB3,Q06124_p,0.43037239899953833
Q9H3C7,Q06124_p,0.3780107109711795
Q9H4H8,Q06124_p,0.18198044273473682
Q99638,Q06124_p,0.10516758497988396
Q9BXF6,Q06124_p,0.15415988888899712
Q9GZZ1,Q06124_p,0.1059412949948922
Q99704,Q06124_p,0.18076222717306964
Q99700,Q06124_p,0.12919215318442964
Q9H4M9,Q06124_p,0.13449622697832453
Q96RV3,Q06124_p,0.0641258256384277
Q9HCM9,Q06124_p,0.4297508373135047
Q9HCM4,Q06124_p,0.14725396199301835
Q9HCM1,Q06124_p,0.07886278441135135
Q9HCM2,Q06124_p,0.21476800239764623
Q9BUR4,Q06124_p,0.08002454676529734
Q9BY89,Q06124_p,0.15714033576754255
Q96F24,Q06124_p,0.16910477411250158
Q96PV6,Q06124_p,0.08297894202922479
Q9H0G5,Q06124_p,0.05353628231133325
Q9HD20,Q06124_p,0.05751826862765711
Q9H6W3,Q06124_p,0.33692707573354574
Q9HB71,Q06124_p,0.37516691996897555
Q9H6S0,Q06124_p,0.10825783796920999
Q9BRX2,Q06124_p,0.05514270060088684
Q96NW4,Q06124_p,0.4557057226221186
Q9HBY8,Q06124_p,0.7593856032207944
Q96RT1,Q06124_p,0.5117645787417421
Q96NE9,Q06124_p,0.5342606433024614
Q96RT7,Q06124_p,0.25505021925426696
Q9H2G2,Q06124_p,0.3475934519735657
Q9H0J9,Q06124_p,0.3554023958200808
Q9H2Y7,Q06124_p,0.06912295749018299
Q96Q42,Q06124_p,0.49191923212945776
Q9BSI4,Q06124_p,0.18621249322295896
Q9GZY8,Q06124_p,0.3232864093092177
Q96PE3,Q06124_p,0.7259372442817748
Q9GZY6,Q06124_p,0.315433420219853
Q99717,Q06124_p,0.5072909577780333
Q9H6T3,Q06124_p,0.102179530599144
Q96PY5,Q06124_p,0.4079814077374716
Q9BQ70,Q06124_p,0.05910377881467703
Q96MW1,Q06124_p,0.05549131431612812
Q9H6F5,Q06124_p,0.05172298051579851
Q9BRK3,Q06124_p,0.07880693186731694
Q9H0D6,Q06124_p,0.08166131677077085
Q96QF0,Q06124_p,0.3099109943382963
Q99501,Q06124_p,0.31780686822574344
Q9HBZ2,Q06124_p,0.3509473286010997
Q9BW91,Q06124_p,0.14863866097658424
Q9H7N4,Q06124_p,0.08063738255113256
Q96T51,Q06124_p,0.2532796374731129
Q9H792,Q06124_p,0.16078130486298312
Q9H3N1,Q06124_p,0.042796884054531345
Q9BZF9,Q06124_p,0.4057165751521432
Q99650,Q06124_p,0.29036688676296757
Q99871,Q06124_p,0.1151470361188752
Q96P47,Q06124_p,0.37460521073031133
Q9H977,Q06124_p,0.05076257270420696
Q9H7D0,Q06124_p,0.5176841951720689
Q9BTA9,Q06124_p,0.15683900977076848
Q9GZZ9,Q06124_p,0.14325804798436165
Q96RF0,Q06124_p,0.17577462207717684
Q9HAQ2,Q06124_p,0.4000311030210847
Q96RT8,Q06124_p,0.28553552666322435
Q9HCS7,Q06124_p,0.08541459497858613
Q9HCS5,Q06124_p,0.20022670090167657
Q9H4A4,Q06124_p,0.11563972236431144
Q9H4A3,Q06124_p,0.2252936477125591
Q9H0I9,Q06124_p,0.10022393535904613
Q96MH2,Q06124_p,0.0904239649638172
Q9H5J8,Q06124_p,0.05449253499433221
Q9BST9,Q06124_p,0.5140738158849866
Q9BY49,Q06124_p,0.05112540856496349
Q9BQ67,Q06124_p,0.06065033793754589
Q9H5J0,Q06124_p,0.06512803678445589
Q99627,Q06124_p,0.1460561644499939
Q9NQ75,Q06124_p,0.22388929113957262
Q9NZL3,Q06124_p,0.047913036977408584
Q9NZL9,Q06124_p,0.14082986544979026
Q9NW75,Q06124_p,0.04973572126954891
Q9NXR1,Q06124_p,0.3142877866134841
Q9NZZ3,Q06124_p,0.10859919508769322
Q9Y4W2,Q06124_p,0.05914173747444649
Q9UQ07,Q06124_p,0.25495135643222394
Q9NTZ6,Q06124_p,0.08161487712456285
Q9UJ70,Q06124_p,0.10270473269418516
Q9Y2U8,Q06124_p,0.3372759558851946
Q9UMS4,Q06124_p,0.23898180740999403
Q9UGL1,Q06124_p,0.26929174194540606
Q9NVP2,Q06124_p,0.4343943105734037
Q9NVP4,Q06124_p,0.11604053709446745
Q9P215,Q06124_p,0.14603080150536707
Q9UK10,Q06124_p,0.04892411801656465
Q9UK17,Q06124_p,0.11595476061235507
Q9UKL3,Q06124_p,0.061243444636549425
Q9Y597,Q06124_p,0.17472188056810803
Q9Y4G8,Q06124_p,0.5916480532986359
Q9NRH2,Q06124_p,0.4277634470238965
Q9NPF5,Q06124_p,0.08771994478253504
Q9UHF7,Q06124_p,0.19862207228002424
Q9NRF8,Q06124_p,0.1705268526464108
Q9NRF9,Q06124_p,0.12449613777314528
Q9UPN7,Q06124_p,0.3669060083566487
Q9UPN6,Q06124_p,0.05942381915094491
Q9UPN9,Q06124_p,0.34437015765793044
Q9UNX4,Q06124_p,0.05686106600028139
Q9NVE7,Q06124_p,0.15735628112654376
Q9Y2H1,Q06124_p,0.7329500736351424
Q9Y2H0,Q06124_p,0.16437486065632265
Q9Y2H6,Q06124_p,0.2037097369009925
Q9ULJ3,Q06124_p,0.07558406983168219
Q9ULJ7,Q06124_p,0.5136518241364368
Q9Y5A9,Q06124_p,0.09695506752583591
Q9P0P0,Q06124_p,0.09811172743715095
Q9NVM9,Q06124_p,0.08000980952988607
Q9NVM6,Q06124_p,0.055401477197164636
Q9NQ66,Q06124_p,0.7067153662611435
Q9NZM3,Q06124_p,0.5361006933027743
Q9NZM1,Q06124_p,0.14565217835603092
Q9UNF1,Q06124_p,0.05922501018430022
Q9UP65,Q06124_p,0.27061452802147573
Q9UBL6,Q06124_p,0.08587385025937733
Q9UBB5,Q06124_p,0.13598351389613744
Q9Y2Z2,Q06124_p,0.06066310352487788
Q9NP74,Q06124_p,0.12271555783214723
Q9P0L2,Q06124_p,0.2676620826822399
Q9P227,Q06124_p,0.12355733912472378
Q9UKM9,Q06124_p,0.07740379560869168
Q9Y4P8,Q06124_p,0.2218810942503456
Q9Y4P3,Q06124_p,0.3045299413130257
Q9Y4F1,Q06124_p,0.1396724068546669
Q9Y4F3,Q06124_p,0.05552548671895563
Q9Y4F5,Q06124_p,0.31705868001741444
Q9Y2U5,Q06124_p,0.6872710336965074
Q9NPG3,Q06124_p,0.05776352235618987
Q9NYF8,Q06124_p,0.10141959303809303
Q9UPM8,Q06124_p,0.12343011054943594
Q9UI08,Q06124_p,0.26923669948946044
Q9UIS9,Q06124_p,0.05208193147509641
Q9UD71,Q06124_p,0.17008291479305881
Q9UEE9,Q06124_p,0.0680943999904757
Q9UEE5,Q06124_p,0.29782129304042415
Q9NYT0,Q06124_p,0.5331809931135539
Q9NYT6,Q06124_p,0.054767955796719614
Q9UJU2,Q06124_p,0.3397445450831466
Q9Y2K6,Q06124_p,0.46110082447697387
Q9Y2K7,Q06124_p,0.07848069409206318
Q9UJU6,Q06124_p,0.23296424597883864
Q9Y2K2,Q06124_p,0.35668084845949044
Q9Y5B0,Q06124_p,0.07735562086967698
Q9NYZ3,Q06124_p,0.24124901011192307
Q9ULI4,Q06124_p,0.27771168643976785
Q9Y5B9,Q06124_p,0.1568047950576122
Q9UNE7,Q06124_p,0.424476536739873
Q9UNE0,Q06124_p,0.3058740028207142
Q9UPQ0,Q06124_p,0.4055222363427339
Q9NS91,Q06124_p,0.3042369043030343
Q9NS98,Q06124_p,0.06270523431135708
Q9NZJ5,Q06124_p,0.3051301571515805
Q9ULG1,Q06124_p,0.05747993097922952
Q9P219,Q06124_p,0.29881003503068204
Q9NRX5,Q06124_p,0.04613598636311903
Q9Y2W2,Q06124_p,0.07821123777828673
Q9UL51,Q06124_p,0.21118415761204884
Q9Y426,Q06124_p,0.05193281373080009
Q9Y3I0,Q06124_p,0.17951740011202338
Q9UIB8,Q06124_p,0.3213643088116527
Q9Y4E1,Q06124_p,0.056054870765301676
Q9Y4E8,Q06124_p,0.45632299361534356
Q9UH62,Q06124_p,0.1161144888351765
Q9P1Y6,Q06124_p,0.053690884179636966
Q9P1Y5,Q06124_p,0.34614912105868906
Q9UHD8,Q06124_p,0.2643246656246417
Q9UHD2,Q06124_p,0.748232438339379
Q9NPH3,Q06124_p,0.480333442996253
Q9NZN5,Q06124_p,0.29322276965125194
Q9UET6,Q06124_p,0.04764340756983519
Q9UI15,Q06124_p,0.18634217740630776
Q9UI10,Q06124_p,0.06593931217877949
Q9NZN8,Q06124_p,0.12916042539996922
Q9UGV2,Q06124_p,0.13504494833818892
Q9NY61,Q06124_p,0.06136005093566553
Q9UHJ3,Q06124_p,0.0796771197038735
Q9UNZ2,Q06124_p,0.1723094804163901
Q9NYY8,Q06124_p,0.04668616238721402
Q9ULH1,Q06124_p,0.4242734685728916
Q9UHX1,Q06124_p,0.11863310889873416
Q9NS61,Q06124_p,0.07494457618576647
Q9UPP1,Q06124_p,0.2514598988080528
Q9NS85,Q06124_p,0.04867055348191375
Q9NW08,Q06124_p,0.07971318160455845
Q9NUA8,Q06124_p,0.06898626881272378
Q9UBN7,Q06124_p,0.5384070617440441
Q9NP31,Q06124_p,0.2900666365889283
Q9Y2D9,Q06124_p,0.06921562506458315
Q9Y2D8,Q06124_p,0.2610576484160679
Q9ULF5,Q06124_p,0.05679228254546265
Q9Y2J2,Q06124_p,0.15307593781145254
Q9Y2V2,Q06124_p,0.05500538253106317
Q9Y383,Q06124_p,0.07312052353042763
Q9P2B4,Q06124_p,0.17747159632874898
Q9P242,Q06124_p,0.08004744157881225
Q9P246,Q06124_p,0.08353952520461698
Q9UKK9,Q06124_p,0.082793732252458
Q9ULH7,Q06124_p,0.1629201632837353
Q9UKK3,Q06124_p,0.43066826608213216
Q9UKY1,Q06124_p,0.05950187021419449
Q9NPI6,Q06124_p,0.11089311120458856
Q9NPI1,Q06124_p,0.0866980357777656
Q9NYD6,Q06124_p,0.07741183402648678
Q9UIU6,Q06124_p,0.08222567401888306
Q9UHI6,Q06124_p,0.0604084228311903
Q9NYJ8,Q06124_p,0.4011706066781392
Q9ULW0,Q06124_p,0.42633160088320315
Q9UPW0,Q06124_p,0.15431397363795346
Q9UPW6,Q06124_p,0.12942802360120215
Q9UQM7,Q06124_p,0.6860931865776889
Q9UJW8,Q06124_p,0.04660319662418119
Q9NZV8,Q06124_p,0.24427600159816037
Q9NZV1,Q06124_p,0.05326654999525633
Q9ULE0,Q06124_p,0.26924483463572885
Q9UGP4,Q06124_p,0.4349985044631996
Q9P2C4,Q06124_p,0.051532600447579194
Q9Y2Q0,Q06124_p,0.07526192510829768
Q9NVF7,Q06124_p,0.1091826946067137
Q9P0K8,Q06124_p,0.11678894868066225
Q9P253,Q06124_p,0.11916991400318488
Q9P258,Q06124_p,0.26729964929168876
Q9Y243,Q06124_p,0.7947276505005648
Q9UQQ2,Q06124_p,0.4799908444331981
Q9P2Y5,Q06124_p,0.25492170083142957
Q9Y4K4,Q06124_p,0.36669839886419475
Q9UKV3,Q06124_p,0.0742620927122624
Q9Y4K1,Q06124_p,0.3213622744087623
Q9UI30,Q06124_p,0.09780230082346499
Q9Y3S1,Q06124_p,0.29172497519804896
Q9Y3S2,Q06124_p,0.06687893961338993
Q9NUQ3,Q06124_p,0.1608025325562764
Q9ULX6,Q06124_p,0.07590376439404242
Q9ULV0,Q06124_p,0.6132357598697904
Q9ULV3,Q06124_p,0.06907572311383571
Q9ULV8,Q06124_p,0.5032037501658297
Q9UNF0,Q06124_p,0.1200272151847819
Q9UPV9,Q06124_p,0.3574160535346586
Q9NXE8,Q06124_p,0.05487265538130097
Q9NZI8,Q06124_p,0.12130478469023191
Q9UJV9,Q06124_p,0.06291067993265846
Q9NUM4,Q06124_p,0.05393702449244536
Q9Y2F5,Q06124_p,0.17324183361529927
Q9ULD2,Q06124_p,0.5084588109749977
Q9P2R6,Q06124_p,0.11923314924280988
Q9P2R7,Q06124_p,0.08614354290629662
Q9Y3B8,Q06124_p,0.07877856206174574
Q9P2D0,Q06124_p,0.3974628357759002
Q9Y3B9,Q06124_p,0.0757060859847057
Q9Y478,Q06124_p,0.6751133210152112
Q9NVU0,Q06124_p,0.05769494889370732
Q9NVU7,Q06124_p,0.04769677162143758
Q9UKI2,Q06124_p,0.47048267616180917
Q9NQC3,Q06124_p,0.23367248784960118
Q9Y2H5,Q06124_p,0.2083499909547079
Q9P289,Q06124_p,0.6477128717272185
Q9UQR0,Q06124_p,0.09113699992075205
Q9UQR1,Q06124_p,0.08703410210107629
Q9UEW8,Q06124_p,0.537640304812921
Q9UI47,Q06124_p,0.538876840482988
Q9P286,Q06124_p,0.5257617991548604
Q9Y3B2,Q06124_p,0.049637338086603935
Q9UIW2,Q06124_p,0.12039360276157893
Q9UMD9,Q06124_p,0.14699442126422768
Q9UGU0,Q06124_p,0.1086132708570402
Q9Y3P8,Q06124_p,0.25969286593148777
Q9Y3P9,Q06124_p,0.1318007028371562
Q9UH99,Q06124_p,0.14387426546045617
Q9UPR0,Q06124_p,0.42168261145150276
Q9NX40,Q06124_p,0.04705286395748445
Q9UN36,Q06124_p,0.18304702156454228
Q9NXF1,Q06124_p,0.10068027542959483
Q9UBQ5,Q06124_p,0.07649711621260673
Q9NY93,Q06124_p,0.04894038189372028
Q9UJY1,Q06124_p,0.2540143599515065
Q9NZT2,Q06124_p,0.31479586857694436
Q9UP95,Q06124_p,0.26934962824393194
Q9UQC2,Q06124_p,0.40732474766399085
Q9NUL3,Q06124_p,0.0821292289241475
Q9UJK0,Q06124_p,0.05175215055217618
Q9ULC8,Q06124_p,0.09721974882951165
Q9NVD7,Q06124_p,0.35892085603529855
Q9P2E9,Q06124_p,0.11302520579958655
Q9NP66,Q06124_p,0.11271086977356073
Q9UIF8,Q06124_p,0.08558362982964102
Q9UIF9,Q06124_p,0.06699194195172456
Q9Y463,Q06124_p,0.10039764100720039
Q9P275,Q06124_p,0.16864913882503876
Q9NXZ1,Q06124_p,0.0973235934507613
Q9Y266,Q06124_p,0.2810353725148135
Q9UKT9,Q06124_p,0.20762972790665007
Q9UBZ4,Q06124_p,0.06961636724935079
Q9UKY7,Q06124_p,0.09576986335753539
Q9NRR6,Q06124_p,0.6275469114142463
Q9NRR5,Q06124_p,0.2552549656365749
Q9P107,Q06124_p,0.13674507315678747
Q9Y3C1,Q06124_p,0.05054382811628712
Q9Y3Q8,Q06124_p,0.2033874246227306
O75475,Q06124_p,0.17281579996718743
Q9UG63,Q06124_p,0.05926367331018099
Q9UHN6,Q06124_p,0.05664583489127123
Q9ULT8,Q06124_p,0.41192020118408507
Q9UPT5,Q06124_p,0.24275667587011998
Q9UPT8,Q06124_p,0.09936507145612207
Q9UBP9,Q06124_p,0.43574258786894654
Q9UBP0,Q06124_p,0.11793066538498705
Q9UJX4,Q06124_p,0.11346550084456734
Q9UJX6,Q06124_p,0.3769956143854513
Q9UQB3,Q06124_p,0.4868788804448922
Q9UQB8,Q06124_p,0.43022103592060723
Q9UQB9,Q06124_p,0.292310993689339
Q9NQ84,Q06124_p,0.23319819184684717
Q9NV70,Q06124_p,0.17561702266008666
Q9Y2R5,Q06124_p,0.047764338777104016
Q9Y2R4,Q06124_p,0.04928218762091994
Q9UL03,Q06124_p,0.08681277661682066
Q9P2F8,Q06124_p,0.1805105513193588
Q9UJD0,Q06124_p,0.10487813799204533
Q9NQS7,Q06124_p,0.7070532601065171
Q9NQS1,Q06124_p,0.056349534526450085
Q9UBB9,Q06124_p,0.08678043252777516
Q9UIG0,Q06124_p,0.07453750179973963
Q9UKG1,Q06124_p,0.5881807353363605
Q9UM73,Q06124_p,0.4984970744735776
Q9Y210,Q06124_p,0.5842251028685561
Q9Y217,Q06124_p,0.45281384157523163
Q9NRS6,Q06124_p,0.37500753032377626
Q9P2H5,Q06124_p,0.22282989265052294
Q9Y450,Q06124_p,0.09243085968354159
Q9NRA0,Q06124_p,0.5371685892497601
Q9NRA8,Q06124_p,0.0874805935587739
Q9UK61,Q06124_p,0.06925130814482541
Q9Y4H2,Q06124_p,0.6492261337555364
Q9NX63,Q06124_p,0.04922066841657994
Q9NZ63,Q06124_p,0.07931609919251716
Q9UBS8,Q06124_p,0.24419731752126994
Q9UBS0,Q06124_p,0.6676776248781963
Q9UHB6,Q06124_p,0.11552778677792855
Q9NT62,Q06124_p,0.3644068689239862
Q9UJM3,Q06124_p,0.2145691111025237
Q9UQ84,Q06124_p,0.11349351868410873
Q9UQ80,Q06124_p,0.09397071357400891
Q9P2G1,Q06124_p,0.39309375090015836
Q9NQR1,Q06124_p,0.06183227130638615
Q9NP81,Q06124_p,0.07689654353134773
Q9NVX2,Q06124_p,0.10435518281910441
Q9Y4P1,Q06124_p,0.13099343074516798
Q9P2I0,Q06124_p,0.08495040254181493
Q9Y333,Q06124_p,0.09476388688960229
Q9Y448,Q06124_p,0.06269711625514547
Q9Y3A4,Q06124_p,0.07322904722256399
Q9Y3A2,Q06124_p,0.05613698208167491
Q9UQ49,Q06124_p,0.05386743580629222
Q9UER7,Q06124_p,0.47048241719370354
Q9UHL9,Q06124_p,0.32375524241633336
Q9NYM9,Q06124_p,0.1099406916398403
Q9NZC7,Q06124_p,0.12834561967038988
Q9Y385,Q06124_p,0.12586864724536323
Q9UHR5,Q06124_p,0.07849686923450007
Q9UHR4,Q06124_p,0.18738353792532553
Q9ULR3,Q06124_p,0.3741933656030305
Q9UPZ9,Q06124_p,0.09243157192217791
Q9UPZ3,Q06124_p,0.08063437623521526
Q9UGJ0,Q06124_p,0.6718739902044384
Q9NZC9,Q06124_p,0.054553866148076544
Q9UJZ1,Q06124_p,0.053596758146940295
Q9NPY3,Q06124_p,0.057208710496092816
Q9P0V3,Q06124_p,0.5569117828798311
Q9UMY4,Q06124_p,0.3889776683330374
Q9NSE4,Q06124_p,0.05775923102314192
Q9UKE5,Q06124_p,0.42999716181243797
Q9NQG5,Q06124_p,0.0989843832784747
Q9Y237,Q06124_p,0.12689276795452115
Q9Y230,Q06124_p,0.28007450973267645
Q9Y232,Q06124_p,0.3325771716644068
Q9UM11,Q06124_p,0.125805856962078
Q9NQL9,Q06124_p,0.08906615930402448
Q9NRQ2,Q06124_p,0.04622028634919608
Q9UGK8,Q06124_p,0.1852885670475182
Q9UGK3,Q06124_p,0.368984131579668
Q9Y3F4,Q06124_p,0.1725913138061051
Q9UKS7,Q06124_p,0.2982996943193722
Q9UKS6,Q06124_p,0.18040810376050018
Q9Y462,Q06124_p,0.1258816270037195
Q9Y3T9,Q06124_p,0.050637692029958783
Q9NYL2,Q06124_p,0.4794594123939261
Q9NYL9,Q06124_p,0.25688907184489274
Q9UNS1,Q06124_p,0.3927183322077647
Q9UNS2,Q06124_p,0.11886165925667273
Q9NR31,Q06124_p,0.09822852762200375
Q9UGY1,Q06124_p,0.047839269557968966
Q9P2N5,Q06124_p,0.05292434860288062
Q9Y5J1,Q06124_p,0.07221696160883992
Q9UPY5,Q06124_p,0.047701343870354886
Q9NZB2,Q06124_p,0.05264450739736376
Q9UBU7,Q06124_p,0.162474520550461
Q9UDY4,Q06124_p,0.19355067930413974
Q9UDY2,Q06124_p,0.583470004167161
Q9UDY8,Q06124_p,0.687563824037275
Q9NWZ8,Q06124_p,0.07112386528247537
Q9NWZ5,Q06124_p,0.351094217926884
Q9NR20,Q06124_p,0.07587563291006724
Q9UQE7,Q06124_p,0.11086237466520095
Q9UFW8,Q06124_p,0.19836842038940877
Q9Y4I1,Q06124_p,0.552682683158235
Q9Y519,Q06124_p,0.05218708716232723
Q9UBI6,Q06124_p,0.6921149105352007
Q9UBI9,Q06124_p,0.08983821780921047
Q9UJA5,Q06124_p,0.05337150355623986
Q9P2K8,Q06124_p,0.49104160021513915
Q9Y314,Q06124_p,0.2184836978512827
Q9P2K3,Q06124_p,0.25097988050136355
Q9NRL2,Q06124_p,0.0601009034307781
Q9UK59,Q06124_p,0.20443217540823846
Q9UK58,Q06124_p,0.12343021243552325
Q9Y4C1,Q06124_p,0.2301465572662713
Q9Y4C8,Q06124_p,0.052005405044854736
Q9NWK9,Q06124_p,0.09545585325633385
Q9UHB9,Q06124_p,0.08463294823746512
Q9UHB7,Q06124_p,0.08042617130742996
Q9UPX8,Q06124_p,0.4118704578926205
Q9UBF8,Q06124_p,0.3439509131718185
Q9UQ26,Q06124_p,0.46229016229142755
Q9UBT2,Q06124_p,0.2798387701898869
Q9UBT7,Q06124_p,0.5817526481358238
Q9NW82,Q06124_p,0.0692695057830734
Q9NUY8,Q06124_p,0.10674149353384059
Q9Y5K6,Q06124_p,0.6546559719841147
Q9Y5K3,Q06124_p,0.3711189813721526
Q9NR30,Q06124_p,0.06169275966324563
Q9NR34,Q06124_p,0.05179692426944167
Q9Y2L5,Q06124_p,0.058074933667975705
Q9Y2L6,Q06124_p,0.11634388779766502
Q9UNN5,Q06124_p,0.3182550433770677
Q9NVI1,Q06124_p,0.10020689553414057
Q9NQW6,Q06124_p,0.48936604072579853
Q9UN86,Q06124_p,0.11791714201538658
Q9NZQ3,Q06124_p,0.15178782789205167
Q9Y2K5,Q06124_p,0.09896219351779091
Q9Y2K1,Q06124_p,0.07339814036042483
Q9Y2K3,Q06124_p,0.3151718463158583
Q9UHY1,Q06124_p,0.3027621207796271
Q9Y5B6,Q06124_p,0.06494616442783871
Q9UGI8,Q06124_p,0.227055746515813
Q9Y3Z3,Q06124_p,0.4126298610046161
Q9Y4B6,Q06124_p,0.3273785873962209
Q9NRM7,Q06124_p,0.7320616660656328
Q9P0K7,Q06124_p,0.1697217952494961
Q9NYB9,Q06124_p,0.18565050765610008
Q9UID6,Q06124_p,0.06866057611725462
Q9NX01,Q06124_p,0.10781675687146268
Q9NZ56,Q06124_p,0.1306598735265245
Q9UBW8,Q06124_p,0.05766459065178246
Q9UBW7,Q06124_p,0.09897599771148213
Q9NY33,Q06124_p,0.1572524535525151
Q9UHW9,Q06124_p,0.1939751774941242
Q9P0U4,Q06124_p,0.09822294692341861
Q9P0U3,Q06124_p,0.13322479098960616
Q9ULM3,Q06124_p,0.12352319714701879
Q9UN70,Q06124_p,0.07296681887242437
Q9NZN4,Q06124_p,0.10148434935091985
Q9NZN3,Q06124_p,0.14073588334030515
Q9NQZ2,Q06124_p,0.09694513852333597
Q9UJC3,Q06124_p,0.4045102031601158
Q9NV58,Q06124_p,0.1001237063341451
Q9Y487,Q06124_p,0.08143376357159629
Q9Y483,Q06124_p,0.0773789206893418
Q9P2M7,Q06124_p,0.42309526727393615
Q9NTJ3,Q06124_p,0.06812085053438578
Q9UK32,Q06124_p,0.6850280788419318
Q9UKN8,Q06124_p,0.07648295789885734
Q9UM82,Q06124_p,0.3760673501695464
Q9UGR2,Q06124_p,0.08472937835742304
Q9Y2Z0,Q06124_p,0.33516921748335526
Q9Y566,Q06124_p,0.23696943712532806
Q9NUW8,Q06124_p,0.09217534857006973
Q9NY27,Q06124_p,0.4346946004652277
Q9UHV7,Q06124_p,0.07865770058180765
Q9NWQ8,Q06124_p,0.3755670157991763
Q9ULL1,Q06124_p,0.34750080791277665
Q9NX58,Q06124_p,0.07891863098999
Q9NWQ4,Q06124_p,0.05239191897307999
Q9UBD5,Q06124_p,0.0892581686567076
Q9NQU5,Q06124_p,0.7336920891013714
Q9ULZ2,Q06124_p,0.29921737650672153
Q9NSY1,Q06124_p,0.09681191203699417
Q9NR12,Q06124_p,0.3767489271055089
Q9UKA4,Q06124_p,0.316028401404442
Q9NSK0,Q06124_p,0.506302712952795
Q9Y2X3,Q06124_p,0.08257943543380404
Q9Y2X7,Q06124_p,0.7229296312770032
Q9Y2X9,Q06124_p,0.1019415626008062
Q9P2N6,Q06124_p,0.07688147374312768
Q9Y2W1,Q06124_p,0.10897649291711539
Q9UJ41,Q06124_p,0.3627891508827662
Q9UMR2,Q06124_p,0.05858673238395893
Q9ULD4,Q06124_p,0.09187947587566336
Q9P209,Q06124_p,0.22634499893001864
Q9NVS9,Q06124_p,0.06447787503908338
Q9NXG2,Q06124_p,0.050073893460813014
Q9Y580,Q06124_p,0.05452839892693205
Q9Y3X0,Q06124_p,0.08117700481408893
Q9UIQ6,Q06124_p,0.15531835050077222
Q9UEY8,Q06124_p,0.22837391435741922
Q9UNY4,Q06124_p,0.1261091996780422
Q9NS56,Q06124_p,0.06317398669378477
Q9NQC7,Q06124_p,0.5750684274076145
Q9NYB0,Q06124_p,0.0556999239825681
Q9NYV4,Q06124_p,0.06004780609582598
Q9NYV6,Q06124_p,0.10618231210710835
Q9Y2I7,Q06124_p,0.3391317617297961
Q9Y546,Q06124_p,0.07522962030312627
Q9UJX5,Q06124_p,0.1269302158261057
Q9ULK5,Q06124_p,0.5470005472961373
Q9UPS8,Q06124_p,0.22098986488429
Q9Y5S9,Q06124_p,0.09675556520149246
Q13835,Q06124_p,0.22628787824231494
O00501,Q06124_p,0.08159337590357246
Q9Y608,Q06124_p,0.24831597726127805
P31946,Q06124_p,0.5765621496578892
P52597,Q06124_p,0.08847223207410768
Q13563,Q06124_p,0.08347833630441259
Q13561,Q06124_p,0.08291469067844867
Q9Y624,Q06124_p,0.33188911572862856
Q9Y623,Q06124_p,0.31296590179384365
Q9Y6Y0,Q06124_p,0.33540308351126435
Q9Y6Y1,Q06124_p,0.1062835911031322
Q9Y6Y8,Q06124_p,0.1093145168367536
P52566,Q06124_p,0.361975865330154
P52565,Q06124_p,0.15274647361549973
P10912,Q06124_p,0.2873739284118119
P17655,Q06124_p,0.31679791432884435
Q99962,Q06124_p,0.45633276658301664
O00757,Q06124_p,0.160770757573171
P27348,Q06124_p,0.5740893095483772
O14979,Q06124_p,0.08680534394321869
O14493,Q06124_p,0.07853872890329172
P26599,Q06124_p,0.08321836150918821
Q96KQ7,Q06124_p,0.2377236213811889
O60879,Q06124_p,0.35569821842553795
Q9UMZ2,Q06124_p,0.10756180325792337
Q14203,Q06124_p,0.5775454297213966
O14958,Q06124_p,0.053965718263075516
O95484,Q06124_p,0.07347747486800545
P01889,Q06124_p,0.41891644866170824
Q9Y666,Q06124_p,0.26008942908118576
P51991,Q06124_p,0.1188248322544491
Q99439,Q06124_p,0.24176592447325654
P12694,Q06124_p,0.0548693481184538
Q15438,Q06124_p,0.6602664202169513
Q9Y490,Q06124_p,0.49702702572620006
Q99418,Q06124_p,0.3615739872550615
P08172,Q06124_p,0.09738977719236
Q15417,Q06124_p,0.23182289213290863
P52272,Q06124_p,0.08047623200613707
Q15366,Q06124_p,0.11254707312127783
Q15365,Q06124_p,0.11537816930819537
P08621,Q06124_p,0.10533489099355789
Q14103,Q06124_p,0.1083980611904829
Q9ULJ8,Q06124_p,0.2744333709939337
Q08999,Q06124_p,0.35520052895548815
P07477,Q06124_p,0.06098014173484143
Q9C0E2,Q06124_p,0.1042620137268854
Q9HAR2,Q06124_p,0.5040329219324646
Q13136,Q06124_p,0.40280762987515484
P31943,Q06124_p,0.08249828494114629
P31942,Q06124_p,0.1042470616964832
P31947,Q06124_p,0.5632551371284159
Q9Y6P5,Q06124_p,0.26289359676629287
P42166,Q06124_p,0.09259948465193582
Q9Y5Q9,Q06124_p,0.09519126501861438
P61978,Q06124_p,0.08604636198831953
Q9Y6W5,Q06124_p,0.32798478994798624
Q9Y6W6,Q06124_p,0.48411741865351365
O15169,Q06124_p,0.6681276840991168
P63104,Q06124_p,0.580575075502252
Q9ULV4,Q06124_p,0.3250960915164547
Q9Y6J0,Q06124_p,0.23166001227665958
Q9NP61,Q06124_p,0.0585074094823928
P09661,Q06124_p,0.1113349185792902
P23528,Q06124_p,0.5774642139180717
Q9Y5U2,Q06124_p,0.06363443228728025
Q13151,Q06124_p,0.08352953114757154
P35080,Q06124_p,0.41587041947564807
Q9ULR0,Q06124_p,0.054926309707257204
Q04917,Q06124_p,0.562677705571092
Q9Y6N8,Q06124_p,0.09336257724410246
Q9Y5W8,Q06124_p,0.09844499922903352
Q9Y5Y0,Q06124_p,0.048600440301943035
P43243,Q06124_p,0.05506860520294743
P12259,Q06124_p,0.0657099382613443
P07737,Q06124_p,0.4450136136229175
P07384,Q06124_p,0.27035053556844446
Q92828,Q06124_p,0.07066666133928985
Q9Y6N7,Q06124_p,0.42128796342087604
P56747,Q06124_p,0.07748995868015696
P02545,Q06124_p,0.18237063415155835
O00391,Q06124_p,0.049284385075140005
Q99081,Q06124_p,0.1679746964317779
Q9Y4G6,Q06124_p,0.506603491800558
Q9Y618,Q06124_p,0.2439845027090938
Q9UIA9,Q06124_p,0.10775617307687728
Q9UIA0,Q06124_p,0.43375814851636935
Q9Y6D5,Q06124_p,0.19861491238949294
Q9Y6D6,Q06124_p,0.15491803937590323
Q9Y6D9,Q06124_p,0.18169522615875883
Q9Y281,Q06124_p,0.43038022532118314
P09234,Q06124_p,0.09513137196832541
P35637,Q06124_p,0.23659575683738493
Q99959,Q06124_p,0.2917160369519336
Q9Y657,Q06124_p,0.11482806050753971
Q9Y6X9,Q06124_p,0.07686703911147769
P02794,Q06124_p,0.4408839582429319
P55795,Q06124_p,0.0824288734843374
Q9Y679,Q06124_p,0.07719420748665873
Q8TB72,Q06124_p,0.16194923120845703
P05549,Q06124_p,0.3056266878608337
Q9Y446,Q06124_p,0.30635306883317803
Q86W92,Q06124_p,0.4109952379313594
O14980,Q06124_p,0.18810659447808323
P45973,Q06124_p,0.4588663792812347
Q86U86,Q06124_p,0.2870658264609677
Q14457,Q06124_p,0.7068684488455134
Q9Y5N6,Q06124_p,0.08236309115997086
P59665,Q06124_p,0.059179774593692
P59666,Q06124_p,0.055637159118305135
Q9Y6R1,Q06124_p,0.19586244283210552
Q9Y5P4,Q06124_p,0.33998951569019215
Q9Y5P8,Q06124_p,0.3752070436872959
P57737,Q06124_p,0.1286788965276891
Q9Y6I9,Q06124_p,0.13854658907951584
P14923,Q06124_p,0.47042828945049403
Q9Y6Q9,Q06124_p,0.4032642124245913
Q86YN6,Q06124_p,0.1266399921104801
Q04721,Q06124_p,0.27368523089076885
Q14671,Q06124_p,0.08788526967673213
Q13310,Q06124_p,0.12785825285177027
Q9Y5T4,Q06124_p,0.047436299543381674
Q9Y5T5,Q06124_p,0.060769790482349574
Q9Y6M1,Q06124_p,0.10050120572686543
Q9Y6M7,Q06124_p,0.08196177306764205
Q9Y6M4,Q06124_p,0.5964879969697665
Q96B33,Q06124_p,0.3451613159887209
P28749,Q06124_p,0.35366544344812617
P09651,Q06124_p,0.1109664974225922
Q9Y5V3,Q06124_p,0.20923406045331633
O15551,Q06124_p,0.09082488554165907
Q9HBL0,Q06124_p,0.43529184872058047
Q03252,Q06124_p,0.18819715016413827
Q99729,Q06124_p,0.11070002413132099
Q9Y6A5,Q06124_p,0.359634942899595
Q92692,Q06124_p,0.2554181972139266
P07910,Q06124_p,0.07586580088950945
P11940,Q06124_p,0.14555936891586047
Q92481,Q06124_p,0.41728625928051893
P22626,Q06124_p,0.11913154710402038
Q9UBK2,Q06124_p,0.3786671469614104
P20700,Q06124_p,0.16445734282580313
Q9Y6K1,Q06124_p,0.3146836175851534
P41235,Q06124_p,0.2360660216653383
Q9Y5S2,Q06124_p,0.45954825377539965
O94910,Q06124_p,0.5336800128614755
Q8N6T3,Q06124_p,0.07379677426658403
Q9C0H5,Q06124_p,0.45206415850252013
P67870,Q06124_p,0.4186110097036696
Q9P0P8,Q06124_p,0.04319394798191957
Q9HB19,Q06124_p,0.28074391884253797
Q96MF7,Q06124_p,0.16805106115153678
Q96MT7,Q06124_p,0.07501101156923114
Q6DN90,Q06124_p,0.23226781192213336
Q9ULL5,Q06124_p,0.10879820336375542
Q13765,Q06124_p,0.062006463798376696
O94916,Q06124_p,0.3633123479389542
Q8IUH5,Q06124_p,0.052697382452739215
Q52WX2,Q06124_p,0.40395004006562685
Q9UBC2,Q06124_p,0.264797816212902
Q99572,Q06124_p,0.2004156220078547
Q53SF7,Q06124_p,0.2016653323364883
Q9P2G4,Q06124_p,0.0517396984521327
P08237,Q06124_p,0.11727566126360242
Q12873,Q06124_p,0.08863458219191864
O75477,Q06124_p,0.12349713249977898
Q92674,Q06124_p,0.07273993538354952
Q9NTI5,Q06124_p,0.2305576946282338
O95872,Q06124_p,0.05670637712672585
Q8TF44,Q06124_p,0.06090938102751732
O43665,Q06124_p,0.6223655210822562
Q12982,Q06124_p,0.31361248985559587
A0AVF1,Q06124_p,0.19067049630826574
P21815,Q06124_p,0.12492749090055315
P52179,Q06124_p,0.275679448189745
B4DJY2,Q06124_p,0.047610587262191716
Q02297,Q06124_p,0.17377179084866565
Q8N961,Q06124_p,0.17780622127344664
Q6ICC9,Q06124_p,0.05318902776438933
B0I1T2,Q06124_p,0.2378436868244726
Q9Y2T1,Q06124_p,0.5810673992460138
P20309,Q06124_p,0.1230223684453117
Q52LJ0,Q06124_p,0.060301201728175845
O95500,Q06124_p,0.05514910373626673
Q8N687,Q06124_p,0.03393923375488121
A4QPH2,Q06124_p,0.6108955136723256
A6NER3,Q06124_p,0.044967269483754416
Q96L12,Q06124_p,0.0480462958859438
A4D0V7,Q06124_p,0.04909464614325774
A2PYH4,Q06124_p,0.06401514723896799
A8MW92,Q06124_p,0.058502450666925256
Q9HAV4,Q06124_p,0.11934955621131993
A6NCI4,Q06124_p,0.057430885545771096
A1L4K1,Q06124_p,0.39696598392912735
Q71DI3,Q06124_p,0.5056422194124636
A2RUU4,Q06124_p,0.034949285142621744
E7EW31,Q06124_p,0.04906332107955872
P14678,Q06124_p,0.14532817737088483
Q9BVC4,Q06124_p,0.25178801797011496
A6NKU9,Q06124_p,0.05269878467350429
A2RTX5,Q06124_p,0.07269674733255158
Q6ZSR9,Q06124_p,0.1807607855489482
A6NC57,Q06124_p,0.08736426867490969
B1AK53,Q06124_p,0.3147751506936778
A6NFH5,Q06124_p,0.07672541374285523
A4D161,Q06124_p,0.10311796432752984
O00423,Q06124_p,0.11994974382675594
A6NDE8,Q06124_p,0.04845537902744744
A8MQ03,Q06124_p,0.14672408235766773
E9PAV3,Q06124_p,0.06664578852281898
A6NKL6,Q06124_p,0.052469834208468444
A8MXV4,Q06124_p,0.05175412856371155
Q86XP1,Q06124_p,0.3485257851538398
A2RRH5,Q06124_p,0.06994536872593997
A5YKK6,Q06124_p,0.1705193157168261
A6NK97,Q06124_p,0.05618118586767127
P07478,Q06124_p,0.05566793537134449
Q9UF12,Q06124_p,0.05066116903207872
Q9UHK6,Q06124_p,0.062203826944109655
P78369,Q06124_p,0.07271211266241889
A8MPP1,Q06124_p,0.055175505136632774
P51911,Q06124_p,0.2957867138435012
Q70EL1,Q06124_p,0.224485712338302
A0PJW8,Q06124_p,0.048308242470623784
A6NI28,Q06124_p,0.26726447843448453
Q13948,Q06124_p,0.07390655531216836
P53365,Q06124_p,0.09810738347129574
A1L429,Q06124_p,0.048945763778807286
P46531,Q06124_p,0.2515631083721772
P56856,Q06124_p,0.10456825682979354
A0AVI2,Q06124_p,0.0739095196747726
A6ND48,Q06124_p,0.033328225390601
Q6PJT7,Q06124_p,0.07495662516115688
A7XYQ1,Q06124_p,0.07556834067309368
P62258,Q06124_p,0.5314096460587153
A6NJZ7,Q06124_p,0.14007976937071734
A5PKW4,Q06124_p,0.08483375831572233
A6H8M9,Q06124_p,0.06053445354765904
P04439,Q06124_p,0.4928392181710251
A2RUB6,Q06124_p,0.1494639120452403
A8MWA4,Q06124_p,0.04828056241190352
P31415,Q06124_p,0.053968553096900004
Q8IVM0,Q06124_p,0.3936327371165828
Q9HCH5,Q06124_p,0.30647519471959683
A6NKF1,Q06124_p,0.05458224850848918
A7MBM2,Q06124_p,0.10425996636273024
A5D8V6,Q06124_p,0.23086340590003518
Q8NG08,Q06124_p,0.078273346396596
A6NEE1,Q06124_p,0.28099261232264805
P08579,Q06124_p,0.11037496056272442
A6NHA9,Q06124_p,0.0338651421944318
B4DX44,Q06124_p,0.0492261089227235
A6NNP5,Q06124_p,0.16271916288966273
A6NK53,Q06124_p,0.046379011776963644
Q9NSV4,Q06124_p,0.35132469263657023
A6NHR9,Q06124_p,0.5394875037852082
Q9H201,Q06124_p,0.09957145060583864
Q8N556,Q06124_p,0.248346305259533
P56746,Q06124_p,0.05457612998663469
Q01973,Q06124_p,0.17090596187022544
A4D0S4,Q06124_p,0.06043525815556321
O95834,Q06124_p,0.06122330256900481
Q8N688,Q06124_p,0.0382419352876917
A2RUR9,Q06124_p,0.09972505248229294
A6NK75,Q06124_p,0.04746223864567132
A6QL64,Q06124_p,0.053151116368492325
A6H8Y1,Q06124_p,0.10013100135221265
A4D2P6,Q06124_p,0.1357879876192074
A6NP11,Q06124_p,0.04669854232724637
A2VDJ0,Q06124_p,0.04772089482114962
A8MWY0,Q06124_p,0.1658022392988531
A2VCK2,Q06124_p,0.05260996071477654
Q9Y2J0,Q06124_p,0.311304471673565
A2A2Z9,Q06124_p,0.2659254617945927
A4FU69,Q06124_p,0.18556495616551358
Q9UJW0,Q06124_p,0.17360348359067884
C9J6K1,Q06124_p,0.0476986374247967
Q9BR76,Q06124_p,0.1310455164770738
Q8TAA3,Q06124_p,0.08723653990710632
Q8IXH7,Q06124_p,0.24781153346543108
Q9ULC5,Q06124_p,0.05705541494368386
A4QN01,Q06124_p,0.04370492576667019
A5D8V7,Q06124_p,0.061749736537739144
A7MCY6,Q06124_p,0.5071348425172152
A8K8P3,Q06124_p,0.08976740876960723
A4D1U4,Q06124_p,0.06292963657248414
B2RUZ4,Q06124_p,0.05255770237684505
A7MD48,Q06124_p,0.07324828994314903
A8K7I4,Q06124_p,0.14539811074103892
A4FU28,Q06124_p,0.07818818173594924
Q8NEV8,Q06124_p,0.1465905639610321
P62318,Q06124_p,0.1282347297816494
P62314,Q06124_p,0.0840556779259187
A4D256,Q06124_p,0.4943768798668118
A1A4S6,Q06124_p,0.5464738455686386
A8K8V0,Q06124_p,0.04683538704590479
A6NMB9,Q06124_p,0.05263882039631805
A2A288,Q06124_p,0.21426656262654617
A1YPR0,Q06124_p,0.12175012208909583
A3KMH1,Q06124_p,0.1254205625748607
Q9NSI6,Q06124_p,0.09332244577521943
A6NM03,Q06124_p,0.03318042001461205
Q9UDW1,Q06124_p,0.047445732714942755
A8K0Z3,Q06124_p,0.11507816786420884
Q9Y3D8,Q06124_p,0.10472523253115
O95471,Q06124_p,0.07360895141271154
A2RU30,Q06124_p,0.1647491999282507
O75935,Q06124_p,0.0781223106095967
A4D1E9,Q06124_p,0.04655579464973902
A2RUC4,Q06124_p,0.1592621118862815
Q8TDF6,Q06124_p,0.39053235488529026
A0AVT1,Q06124_p,0.49338911950699627
A0AV96,Q06124_p,0.10100341925048142
Q9H361,Q06124_p,0.11212816846965354
Q641Q2,Q06124_p,0.05348407909573638
A4D2B0,Q06124_p,0.11594507233805118
P57739,Q06124_p,0.06044387661467645
P31146,Q06124_p,0.08485669493838097
P61981,Q06124_p,0.5829469988158864
A1X283,Q06124_p,0.3963001734292494
Q9H7U1,Q06124_p,0.24335806617339734
Q8TB92,Q06124_p,0.06524777344550867
P10768,Q06124_p,0.08564611120510415
P55060,Q06124_p,0.1444180551667383
P14866,Q06124_p,0.09905530098245512
A0PJZ3,Q06124_p,0.04564832318807088
A8K855,Q06124_p,0.26995690724203825
O95832,Q06124_p,0.08052079799911442
A6NIX2,Q06124_p,0.20825900332878794
A5A3E0,Q06124_p,0.08400555302130704
P56748,Q06124_p,0.07835360807608542
Q96NY8,Q06124_p,0.36736123195780335
P56378,Q06124_p,0.04678495049665475
Q68DA7,Q06124_p,0.31870637274885705
A1IGU5,Q06124_p,0.29438916243348023
P54296,Q06124_p,0.5720354750312597
Q96L93,Q06124_p,0.44657997433421154
B9A064,Q06124_p,0.3326334987142083
O75508,Q06124_p,0.06015076461648182
Q6ZMV8,Q06124_p,0.046911310223670274
Q9NS23,Q06124_p,0.7228925601110235
Q8NDQ6,Q06124_p,0.04782897019816663
A5YM72,Q06124_p,0.10582956993089268
Q8N690,Q06124_p,0.046924521357414296
Q8IZL9,Q06124_p,0.12766600176251133
Q92834,Q06124_p,0.41938780106417345
A6NCC3,Q06124_p,0.05599732231047427
Q5JWF2,Q06124_p,0.6435607938060651
O95490,Q06124_p,0.45649514785723405
Q6N075,Q06124_p,0.04661798470192992
Q8WVV4,Q06124_p,0.1502285239832843
O95208,Q06124_p,0.09778464001446205
O60610,Q06124_p,0.6397286029764487
O00625,Q06124_p,0.46981197836924504
O60331,Q06124_p,0.6775447927279663
O15079,Q06124_p,0.1928917889716412
O60312,Q06124_p,0.0765252507622333
O15075,Q06124_p,0.45272664304600363
O15254,Q06124_p,0.0489679394271261
O00408,Q06124_p,0.27517213486375497
Q14119,Q06124_p,0.09355876677671102
O15072,Q06124_p,0.053183027826768425
O15091,Q06124_p,0.047697792615641735
Q6ZP65,Q06124_p,0.15391083717564624
Q9HCD6,Q06124_p,0.09875166508390999
O43854,Q06124_p,0.05924296158662269
O15327,Q06124_p,0.5541210280214159
Q9BV86,Q06124_p,0.056606192609819125
O43242,Q06124_p,0.24311462145455173
O43791,Q06124_p,0.6910865488174768
O60701,Q06124_p,0.10439766769285885
O43422,Q06124_p,0.32625756029853453
O14782,Q06124_p,0.3923699133428604
O14787,Q06124_p,0.23123235261325248
A1KXE4,Q06124_p,0.05425028779995257
O15520,Q06124_p,0.2617794194367363
O15062,Q06124_p,0.0782980816685195
O15060,Q06124_p,0.1484042593413537
O00327,Q06124_p,0.5419944628117339
O60548,Q06124_p,0.05922488968062869
O00478,Q06124_p,0.22296331648428117
O15247,Q06124_p,0.06300296834395067
P0DJI9,Q06124_p,0.0638249118300914
O60609,Q06124_p,0.08780231038906722
O60602,Q06124_p,0.2221602814632581
O00507,Q06124_p,0.46935353863383733
O60774,Q06124_p,0.054030023271707736
Q9H808,Q06124_p,0.21122671624575412
O60218,Q06124_p,0.07660923234513109
O43657,Q06124_p,0.3195111125288095
O00764,Q06124_p,0.1957607183019736
O43709,Q06124_p,0.04738448941673744
O00409,Q06124_p,0.24795399210799207
O14936,Q06124_p,0.7089926191768072
O43324,Q06124_p,0.07958719061543365
O43320,Q06124_p,0.08202162588581666
O15537,Q06124_p,0.0748104889537666
Q9UKM7,Q06124_p,0.053748742760128386
O14763,Q06124_p,0.4798669100187919
Q8NEZ2,Q06124_p,0.10097772793408351
O60243,Q06124_p,0.051502594253019764
O00268,Q06124_p,0.15460695220230664
O00462,Q06124_p,0.04729429131507102
O43916,Q06124_p,0.047813188412159355
Q8IY22,Q06124_p,0.3474922310806672
O60706,Q06124_p,0.10624527258321034
O43681,Q06124_p,0.14147070366942396
Q6ZSS7,Q06124_p,0.16698051473760542
O14925,Q06124_p,0.04512000323054757
O60237,Q06124_p,0.3173426187476286
O60234,Q06124_p,0.10295543388697584
O00155,Q06124_p,0.08380202367422356
P0DJD0,Q06124_p,0.29388207553825
Q96EY7,Q06124_p,0.04780589264870125
O14744,Q06124_p,0.3600182050897787
O00219,Q06124_p,0.04969415060478962
O00217,Q06124_p,0.06465004215697233
O00182,Q06124_p,0.18464752067271167
A7E2Y1,Q06124_p,0.2927945056890187
O14579,Q06124_p,0.08263502697910967
O00522,Q06124_p,0.3627458828081497
O43909,Q06124_p,0.05056598120161208
O76024,Q06124_p,0.07560467022796809
Q6DKJ4,Q06124_p,0.23844066535956565
O43236,Q06124_p,0.30736509018586317
O43795,Q06124_p,0.2672500387521921
O43699,Q06124_p,0.1983815500187403
O75818,Q06124_p,0.06143854488957632
Q9Y4R7,Q06124_p,0.047207216125831446
O14910,Q06124_p,0.37427419193746314
O14917,Q06124_p,0.16481297145342594
O60225,Q06124_p,0.06905473093440802
O60224,Q06124_p,0.10855329794818103
O15516,Q06124_p,0.4235200988566006
O15514,Q06124_p,0.07838519306131964
O15511,Q06124_p,0.08987729813730524
O60516,Q06124_p,0.08734023235263934
Q6NSJ2,Q06124_p,0.25321226821347004
Q8IV33,Q06124_p,0.1354595533043757
O00204,Q06124_p,0.05706348007708738
O00206,Q06124_p,0.5259866580227129
O43548,Q06124_p,0.07458837707603364
O00445,Q06124_p,0.09034814592457165
Q9BX67,Q06124_p,0.15199574679707392
O00533,Q06124_p,0.2872204151738523
O60721,Q06124_p,0.04378164773809542
O43805,Q06124_p,0.07272003821312513
O43809,Q06124_p,0.0953625053109796
O43610,Q06124_p,0.09930100221341238
O14522,Q06124_p,0.16845667581656093
O14526,Q06124_p,0.11892570555996537
O00214,Q06124_p,0.31144617959063764
B4DU55,Q06124_p,0.04682720078794452
O43374,Q06124_p,0.17800212238776975
O14908,Q06124_p,0.5908418329172231
O43570,Q06124_p,0.060908649008422786
Q6PIF6,Q06124_p,0.36496950929317395
O15033,Q06124_p,0.10958696224981498
P0C7U0,Q06124_p,0.07580922302739221
O00186,Q06124_p,0.4864616910529763
O00237,Q06124_p,0.04685980239077172
O00231,Q06124_p,0.15129064219776098
O00232,Q06124_p,0.289069300672124
O15197,Q06124_p,0.30284587200658963
O15195,Q06124_p,0.07579172982534671
O15194,Q06124_p,0.21611920346531663
Q9NZQ8,Q06124_p,0.23332340929206893
O60313,Q06124_p,0.16438514330837803
Q9HCE5,Q06124_p,0.12110846285621935
O00321,Q06124_p,0.12476563755665641
O00548,Q06124_p,0.24134730351177075
O00592,Q06124_p,0.3836954339681179
O15178,Q06124_p,0.20235023842048597
O60739,Q06124_p,0.07753424592185847
O14593,Q06124_p,0.4600229637906831
O43813,Q06124_p,0.07630633127311695
Q2NL68,Q06124_p,0.08696218144480787
O43581,Q06124_p,0.2433933841624072
O43361,Q06124_p,0.047210531986346845
O14802,Q06124_p,0.08170316588079639
O14715,Q06124_p,0.17184813196185716
O00221,Q06124_p,0.6151768660527115
Q92565,Q06124_p,0.5361444680014429
O14628,Q06124_p,0.04695895108064223
O00154,Q06124_p,0.0487111298574618
O00311,Q06124_p,0.08593828313256172
Q8N7X0,Q06124_p,0.046083801784449756
O94818,Q06124_p,0.11037762496230326
O60443,Q06124_p,0.27140708225897586
O15144,Q06124_p,0.2199478508968163
O15146,Q06124_p,0.28580768116539274
O14490,Q06124_p,0.18959753370730612
O14492,Q06124_p,0.5212572351081324
O75417,Q06124_p,0.1202396046838329
O43827,Q06124_p,0.08083017182298494
O43772,Q06124_p,0.06155634854175768
O43172,Q06124_p,0.08446197743052228
O00487,Q06124_p,0.20441403831540045
Q96EY4,Q06124_p,0.054634849615464984
O00483,Q06124_p,0.04667756770638261
P0C1Z6,Q06124_p,0.08726272249142046
O43396,Q06124_p,0.296056323591645
O43559,Q06124_p,0.3222174902707029
O43488,Q06124_p,0.058557172915612785
O15547,Q06124_p,0.35189850246469384
O14818,Q06124_p,0.13261447288003253
O14815,Q06124_p,0.160558208180485
Q6UWF3,Q06124_p,0.2195053518029396
O60303,Q06124_p,0.3551380238166345
O60308,Q06124_p,0.3429339090826618
P0DJD1,Q06124_p,0.22804787217258965
O14709,Q06124_p,0.04693878460930618
Q5H9U9,Q06124_p,0.061955073926904136
O14638,Q06124_p,0.24367282888526853
Q96JM4,Q06124_p,0.058029392718272156
O14559,Q06124_p,0.2028829099305416
O00762,Q06124_p,0.33980522149733017
O15394,Q06124_p,0.09815977550084969
O15393,Q06124_p,0.18008339510052876
O15151,Q06124_p,0.4836315417445009
P86452,Q06124_p,0.23056878106573583
O60814,Q06124_p,0.09207964725240768
O43837,Q06124_p,0.060540643969281015
O60543,Q06124_p,0.06844698394638725
O43760,Q06124_p,0.05213999834264395
O14950,Q06124_p,0.4077026566085663
O43790,Q06124_p,0.05051434823003255
O60268,Q06124_p,0.5303282455277737
B5ME19,Q06124_p,0.07751367448110837
A6NEL2,Q06124_p,0.05298634966044204
O14827,Q06124_p,0.4892361596155368
Q5BKX8,Q06124_p,0.050432536909078965
O14734,Q06124_p,0.06759824816673311
Q562E7,Q06124_p,0.0906651993519886
P47813,Q06124_p,0.2468839603627438
O14602,Q06124_p,0.24470089808517054
O60869,Q06124_p,0.05538141175068486
O14544,Q06124_p,0.48081634328726003
O60469,Q06124_p,0.13657247891933674
O60547,Q06124_p,0.12481822681726314
O15123,Q06124_p,0.16701141907940667
O15120,Q06124_p,0.05101717240754398
O15121,Q06124_p,0.057711154656971776
O15232,Q06124_p,0.06559228024179879
O15239,Q06124_p,0.033688709479237036
O43464,Q06124_p,0.0895530650231036
O43151,Q06124_p,0.07858234459258037
Q96LW7,Q06124_p,0.2317009922205643
A6NNE9,Q06124_p,0.08386371056520707
A6NIH7,Q06124_p,0.11923004377978538
O14949,Q06124_p,0.04838612690986467
O15498,Q06124_p,0.125220581289428
Q6P2D8,Q06124_p,0.04764298644406652
C9J069,Q06124_p,0.1222878575914526
O14832,Q06124_p,0.08459136439460682
O14830,Q06124_p,0.24172648258731
Q96BY7,Q06124_p,0.14666285827782563
O00233,Q06124_p,0.10216787335308912
O95759,Q06124_p,0.07426045416308522
O00160,Q06124_p,0.5468253607365092
O60671,Q06124_p,0.08937069773744466
O00584,Q06124_p,0.07467306998121773
O15131,Q06124_p,0.16818109713855406
O43157,Q06124_p,0.3069031409381104
Q9C086,Q06124_p,0.05630309325421976
O15229,Q06124_p,0.05674437683644891
O15228,Q06124_p,0.06862131572203087
O60662,Q06124_p,0.5664347744088797
Q9H1X3,Q06124_p,0.04215112214915126
O43148,Q06124_p,0.3058116331294856
O43143,Q06124_p,0.23504273864210554
O43704,Q06124_p,0.05495847114846396
Q8TAD7,Q06124_p,0.1285016519583169
O15481,Q06124_p,0.06629888781819501
O15484,Q06124_p,0.13444874432981932
O43529,Q06124_p,0.04218684116039339
O43520,Q06124_p,0.07371890850396276
O43526,Q06124_p,0.22107749746241515
O60241,Q06124_p,0.05454180889113218
O60240,Q06124_p,0.20468702866760333
Q6ZWE6,Q06124_p,0.15570959683338212
A6NHZ5,Q06124_p,0.20478669625094897
O60248,Q06124_p,0.1564126701676925
O60568,Q06124_p,0.049562697402552966
A8MVW0,Q06124_p,0.04814247121114854
A6NGG8,Q06124_p,0.061735628678945886
Q6P093,Q06124_p,0.04740695829473639
O15389,Q06124_p,0.23096698497804086
O60337,Q06124_p,0.07738281610168671
P62987,Q06124_p,0.6146224385861012
O60330,Q06124_p,0.053516857907015755
O00555,Q06124_p,0.38533025698073164
Q9NVR5,Q06124_p,0.13487545968911502
O14668,Q06124_p,0.1367146390146769
O14662,Q06124_p,0.1652769897511276
O60884,Q06124_p,0.1069745716735663
O60880,Q06124_p,0.43103881945892386
O60882,Q06124_p,0.11754856964075182
O14525,Q06124_p,0.0718672227295653
O15031,Q06124_p,0.3994406311631661
O15034,Q06124_p,0.48862474331828576
O00755,Q06124_p,0.059761030891848574
O43861,Q06124_p,0.0736838268517283
O60518,Q06124_p,0.129873555277974
O15212,Q06124_p,0.05910865804406233
O15259,Q06124_p,0.13329105266189478
A6NJT0,Q06124_p,0.05903563448497188
Q96B96,Q06124_p,0.04499296365516599
O43252,Q06124_p,0.44698516055800397
O60346,Q06124_p,0.5668777241001848
O00295,Q06124_p,0.153175713563426
O14986,Q06124_p,0.6503922124468009
O14983,Q06124_p,0.2796642547707856
O15405,Q06124_p,0.17992104477605042
O15021,Q06124_p,0.3084874705241788
O14514,Q06124_p,0.082184443884573
O14512,Q06124_p,0.42791699333146305
O14513,Q06124_p,0.22566553644249737
A8MTJ3,Q06124_p,0.772137636514066
O00291,Q06124_p,0.22283843340432238
O00294,Q06124_p,0.4913486562868782
O00299,Q06124_p,0.060069836084367126
Q75V66,Q06124_p,0.05397458559539512
O15116,Q06124_p,0.07754090201361871
O15118,Q06124_p,0.1942188940795671
Q6ZS30,Q06124_p,0.07303714762760978
O60507,Q06124_p,0.08268137249833918
O60279,Q06124_p,0.0461085129165241
O60476,Q06124_p,0.05212259510215369
O60645,Q06124_p,0.38293301717472567
O60641,Q06124_p,0.23865644593074284
O15297,Q06124_p,0.09403360436558567
O14682,Q06124_p,0.2523534058550171
Q9BXB7,Q06124_p,0.05768929116392198
O60479,Q06124_p,0.08881481649915976
Q9Y2D4,Q06124_p,0.10259483525597472
O14672,Q06124_p,0.1499512821320195
O43506,Q06124_p,0.042457909823157246
O43291,Q06124_p,0.05199236382820861
Q4KMP7,Q06124_p,0.3649247602423983
O43615,Q06124_p,0.05103022157321112
Q8NBV8,Q06124_p,0.05949187853066405
Q6ZVS7,Q06124_p,0.03495268621342386
C9JLW8,Q06124_p,0.07847333149476905
O43186,Q06124_p,0.11982237324734508
O60478,Q06124_p,0.04687963799126107
O14649,Q06124_p,0.0611734366531599
O14880,Q06124_p,0.04995479932888053
O00534,Q06124_p,0.3073216139493071
O60487,Q06124_p,0.10485739736391478
O15054,Q06124_p,0.27362414259248236
O14503,Q06124_p,0.1898932263267603
O60427,Q06124_p,0.045812999618575684
O60637,Q06124_p,0.20488036645272278
O15305,Q06124_p,0.23524769737423484
O15303,Q06124_p,0.20861966262531723
Q6P6B1,Q06124_p,0.04383533158751999
Q5T035,Q06124_p,0.062311101777904235
O60741,Q06124_p,0.16413852645986246
O00187,Q06124_p,0.05997550193114955
O60299,Q06124_p,0.15456685761456468
O60290,Q06124_p,0.3403191053387574
O60296,Q06124_p,0.10973245365407155
O43660,Q06124_p,0.10267672275433
O43402,Q06124_p,0.05513008968617768
Q9C0D7,Q06124_p,0.08537284310266893
Q96CT2,Q06124_p,0.18563304975364228
O43314,Q06124_p,0.6468748237387825
P63162,Q06124_p,0.12931111443577414
O00422,Q06124_p,0.09746969467051733
O43300,Q06124_p,0.08650799345277348
O14654,Q06124_p,0.6408421353260713
O00635,Q06124_p,0.28654693206389115
Q7Z2Z1,Q06124_p,0.08110817829850593
O00254,Q06124_p,0.12664442906060236
O43895,Q06124_p,0.10158945200924611
O60563,Q06124_p,0.0943870254698383
O15269,Q06124_p,0.08978119975969494
O15266,Q06124_p,0.06834178184283897
Q562R1,Q06124_p,0.681514724739975
Q6ZVC0,Q06124_p,0.06986826868914978
O00743,Q06124_p,0.6438416354982548
O60282,Q06124_p,0.5801299181261967
O43679,Q06124_p,0.31948842557377344
O14796,Q06124_p,0.38792763114848816
A5D8W1,Q06124_p,0.07920352548065712
O15466,Q06124_p,0.04403800914404407
O15460,Q06124_p,0.05405012604959175
O60733,Q06124_p,0.5515267793052976
O15539,Q06124_p,0.4056617862001023
O95258,Q06124_p,0.04343516538854281
O95256,Q06124_p,0.3303830832728482
P0C0S5,Q06124_p,0.08035630027009581
P07711,Q06124_p,0.13410779875858217
P02549,Q06124_p,0.19864964236903332
P04259,Q06124_p,0.0576492723209364
O95980,Q06124_p,0.05730507691532997
P07510,Q06124_p,0.0492456952537717
O75431,Q06124_p,0.050941568747815934
O75436,Q06124_p,0.33555796514773184
O75439,Q06124_p,0.05626779408951106
P08151,Q06124_p,0.48640674189837646
O95299,Q06124_p,0.050682924833202615
P08514,Q06124_p,0.3775214362941509
O75387,Q06124_p,0.10333090276014448
O75380,Q06124_p,0.04883599018654201
O75891,Q06124_p,0.06768398745205294
O75541,Q06124_p,0.06859714773931379
O75947,Q06124_p,0.05442402246214695
O94905,Q06124_p,0.09133701462726208
O94903,Q06124_p,0.08017347778454686
O94900,Q06124_p,0.23656254968040596
O75094,Q06124_p,0.11707582384090347
O75095,Q06124_p,0.04700346761938301
O75096,Q06124_p,0.1290685249699768
O95415,Q06124_p,0.05827457428291758
O75132,Q06124_p,0.21289065483515607
O75365,Q06124_p,0.3613614623496165
O75368,Q06124_p,0.10770889596493727
P10915,Q06124_p,0.04596611994335786
P10914,Q06124_p,0.49983553835424377
P10916,Q06124_p,0.3778474978455334
P12429,Q06124_p,0.12140182991283668
O95631,Q06124_p,0.10481879186257057
O75969,Q06124_p,0.22238677864033626
Q9Y5X9,Q06124_p,0.11860780862934477
P07099,Q06124_p,0.05487034998412178
O95749,Q06124_p,0.10578016311026235
P05062,Q06124_p,0.08491476570588193
O76031,Q06124_p,0.08079551469816484
O76038,Q06124_p,0.1577087524943798
P03971,Q06124_p,0.07017564208027159
P09544,Q06124_p,0.06511060520503764
O75425,Q06124_p,0.047089342027961265
O75426,Q06124_p,0.357545413277799
P08708,Q06124_p,0.05984294475720765
P01225,Q06124_p,0.13655575831272762
O75390,Q06124_p,0.07026666117489326
P10072,Q06124_p,0.04755814001201109
P10070,Q06124_p,0.5480472030869654
O75888,Q06124_p,0.09976255033011358
O75882,Q06124_p,0.3180714473244727
O75953,Q06124_p,0.16214305468352047
O75081,Q06124_p,0.10717151334897985
O94973,Q06124_p,0.10454801706779408
P14174,Q06124_p,0.14760449397396874
O75771,Q06124_p,0.06642434321593037
O60925,Q06124_p,0.07654860822077489
O94805,Q06124_p,0.5091189816126974
O95405,Q06124_p,0.22246021097741178
O75173,Q06124_p,0.049089800048906354
P04632,Q06124_p,0.10525087535365382
O75179,Q06124_p,0.2112194820267351
O75373,Q06124_p,0.04710439588838897
O94759,Q06124_p,0.1259547164573039
O95622,Q06124_p,0.34093323052261637
O95758,Q06124_p,0.07760122175733637
O95931,Q06124_p,0.15261667931178913
P10586,Q06124_p,0.47312589115420484
P13164,Q06124_p,0.25144630434671245
P11678,Q06124_p,0.08498993790653855
O76041,Q06124_p,0.22338891016685908
P09488,Q06124_p,0.07767220349826132
O95340,Q06124_p,0.45406634803842305
O95347,Q06124_p,0.08473192712922842
P05121,Q06124_p,0.0949286133979014
O95185,Q06124_p,0.39690943622373154
O95182,Q06124_p,0.04755141726868956
O95989,Q06124_p,0.05350974027982945
P01584,Q06124_p,0.545009506125112
P02748,Q06124_p,0.1442575378900383
O95967,Q06124_p,0.1058056126207211
O95968,Q06124_p,0.04870435488370633
O75964,Q06124_p,0.04402196069779972
P00451,Q06124_p,0.0650701005315372
O75747,Q06124_p,0.596950469548028
P04746,Q06124_p,0.07338308469256187
O95436,Q06124_p,0.05132730037013098
O95433,Q06124_p,0.3758703120321363
O75340,Q06124_p,0.2964357729824717
O75342,Q06124_p,0.09964539685241819
O75344,Q06124_p,0.3347008357596549
O75347,Q06124_p,0.10508198802412352
O75348,Q06124_p,0.05250391321392156
P11086,Q06124_p,0.12876393810976047
O60942,Q06124_p,0.48533615366550764
P13378,Q06124_p,0.07497148056397235
P13804,Q06124_p,0.07246312664124
P13805,Q06124_p,0.45676936508750937
O76054,Q06124_p,0.080204630557454
O95352,Q06124_p,0.31542393975550487
O95190,Q06124_p,0.06439341687606939
O95196,Q06124_p,0.058210080472384206
O95198,Q06124_p,0.4654221808931334
P02649,Q06124_p,0.2761398326108541
O95171,Q06124_p,0.09826808057612804
P01023,Q06124_p,0.320403521824436
O95994,Q06124_p,0.04335673625019126
P02008,Q06124_p,0.16575163177791025
O95970,Q06124_p,0.10309035637290329
O95972,Q06124_p,0.12622857019728245
P08294,Q06124_p,0.05097378282075608
P01111,Q06124_p,0.7962323873123095
P01116,Q06124_p,0.7979955327238472
O75752,Q06124_p,0.04725078655158469
P08779,Q06124_p,0.0668970713467127
P08476,Q06124_p,0.09521909707255652
P08473,Q06124_p,0.23818731429254444
P04179,Q06124_p,0.13107314448533874
O94822,Q06124_p,0.10510990090054122
O94829,Q06124_p,0.12447935403759589
O95427,Q06124_p,0.05299499719564195
P07858,Q06124_p,0.2361770410979061
O75197,Q06124_p,0.21550290774852648
O75191,Q06124_p,0.15220992709787567
P11233,Q06124_p,0.7214533946938598
O75354,Q06124_p,0.1474358758824305
P11234,Q06124_p,0.6833768717968706
O76009,Q06124_p,0.05355057269562254
P10745,Q06124_p,0.05295099146618213
O95602,Q06124_p,0.05969185801661152
P09913,Q06124_p,0.4994386436102646
P07327,Q06124_p,0.055832581254421386
O95870,Q06124_p,0.04607676749039121
P10619,Q06124_p,0.04667641533241257
P13497,Q06124_p,0.05593239140627273
P02144,Q06124_p,0.25573963853410353
P08887,Q06124_p,0.33319414429082267
P09131,Q06124_p,0.043759971974777274
P05109,Q06124_p,0.3021010964755911
O95168,Q06124_p,0.04334117971103659
O95169,Q06124_p,0.04350637888043571
O95167,Q06124_p,0.04680978573159124
P06132,Q06124_p,0.07742233417990373
P00491,Q06124_p,0.09213546697283045
P07686,Q06124_p,0.05343546969007805
P0C024,Q06124_p,0.05349165256492232
P04181,Q06124_p,0.06505529186076994
P02652,Q06124_p,0.07840297153183984
P02655,Q06124_p,0.08005018133629638
O75509,Q06124_p,0.5125954475944259
P01275,Q06124_p,0.29655036915662997
P08263,Q06124_p,0.11144252745799488
O76082,Q06124_p,0.05444693574386365
O76083,Q06124_p,0.4602740395458782
O76081,Q06124_p,0.18395697657297436
P0DJI8,Q06124_p,0.07445315644067005
P08319,Q06124_p,0.05551089744340752
O75323,Q06124_p,0.08485739717277006
O75325,Q06124_p,0.05511000879603954
O94941,Q06124_p,0.1430273616501035
P07996,Q06124_p,0.3119842457194007
O95563,Q06124_p,0.05795074144756658
O75031,Q06124_p,0.26562830028587375
P07202,Q06124_p,0.14004911905998346
P07205,Q06124_p,0.13619002301123997
O75038,Q06124_p,0.5053304437099995
O94766,Q06124_p,0.05029442228831097
O94763,Q06124_p,0.1276639258740885
O94761,Q06124_p,0.31435263123216284
O94769,Q06124_p,0.09383667880944692
P11177,Q06124_p,0.07529942337478532
P10600,Q06124_p,0.14474674679947802
P10606,Q06124_p,0.05420496903884582
O60928,Q06124_p,0.08251547612558419
P13716,Q06124_p,0.061205951657561763
O95704,Q06124_p,0.4374042113774467
P05026,Q06124_p,0.2375938624134847
O75204,Q06124_p,0.08882936880470933
P09105,Q06124_p,0.08816575594119755
P02462,Q06124_p,0.06520782174678551
P09210,Q06124_p,0.10898745006825335
P09211,Q06124_p,0.252281819126657
P02792,Q06124_p,0.4618056642612604
P04080,Q06124_p,0.10228048774053604
O95954,Q06124_p,0.12793390917752798
P0C870,Q06124_p,0.0558593099662318
P07451,Q06124_p,0.124503804149022
O76090,Q06124_p,0.05780951204014527
O95396,Q06124_p,0.05399226783564681
O96014,Q06124_p,0.07225427119793362
O75208,Q06124_p,0.0486000304097199
O94923,Q06124_p,0.056542272635727406
O75689,Q06124_p,0.4757162983097693
O75688,Q06124_p,0.5841045347380904
O75339,Q06124_p,0.05746276111236587
O95571,Q06124_p,0.09952276212251987
P04216,Q06124_p,0.3283513317892962
P07237,Q06124_p,0.05770772463663001
P07942,Q06124_p,0.10154440912670495
P09848,Q06124_p,0.30937796226351244
O75027,Q06124_p,0.05483421312097564
O75022,Q06124_p,0.2470579178925528
P02647,Q06124_p,0.17448680971823796
P13942,Q06124_p,0.07182761388706219
P11161,Q06124_p,0.26066042268297357
P10632,Q06124_p,0.0788524657241649
O95718,Q06124_p,0.19634708081472635
O95716,Q06124_p,0.6096981326966422
O95006,Q06124_p,0.033167076392515885
O95858,Q06124_p,0.2592981096140886
P05164,Q06124_p,0.17099649655823335
P05165,Q06124_p,0.09360282924548621
P09110,Q06124_p,0.08625284399718577
O95995,Q06124_p,0.09485213789427391
P0C7M7,Q06124_p,0.04740061951167494
P0C7M8,Q06124_p,0.3227610247999941
P04090,Q06124_p,0.15808975026566596
O75528,Q06124_p,0.08197558591998447
O75529,Q06124_p,0.09009442746555016
O95922,Q06124_p,0.5887612873554389
O75525,Q06124_p,0.10481109146673961
O75832,Q06124_p,0.12285144402232798
O75521,Q06124_p,0.10757980731867312
O75830,Q06124_p,0.08550040037145296
P08243,Q06124_p,0.3272789796352935
P09669,Q06124_p,0.046541736256096054
P09668,Q06124_p,0.10750720480563317
P08247,Q06124_p,0.3705335406729111
P02675,Q06124_p,0.11169736450144414
P02679,Q06124_p,0.17946792391193206
O75783,Q06124_p,0.04609074457242155
P05413,Q06124_p,0.10773840558137301
P13598,Q06124_p,0.2697058385430423
O94855,Q06124_p,0.20821516480599983
O75306,Q06124_p,0.05947436086472724
P07951,Q06124_p,0.22843553923850973
P07311,Q06124_p,0.05339019096906529
P10620,Q06124_p,0.05566107118253805
O60902,Q06124_p,0.05647292425968011
O95721,Q06124_p,0.09684790093542393
P13533,Q06124_p,0.3864519159375219
P06576,Q06124_p,0.07617714281743024
P13535,Q06124_p,0.32935668950471453
P12004,Q06124_p,0.28146112419457375
P09471,Q06124_p,0.811859037342364
O95157,Q06124_p,0.03986267141035162
O95154,Q06124_p,0.05557220256886486
O95159,Q06124_p,0.07856895715786726
P07306,Q06124_p,0.1200476311316619
P13667,Q06124_p,0.07349559555408983
P13196,Q06124_p,0.06625028841987532
P08254,Q06124_p,0.06372976583855043
O75828,Q06124_p,0.055542207928822196
O95932,Q06124_p,0.05069439430623598
O75820,Q06124_p,0.05318939768610721
P02689,Q06124_p,0.10108422020335808
O75223,Q06124_p,0.4750661601152175
O75312,Q06124_p,0.2066665348288203
O75311,Q06124_p,0.07788941543221728
O75310,Q06124_p,0.05439148609368163
O75319,Q06124_p,0.2259783123474402
P00751,Q06124_p,0.16064248067604692
P0CG20,Q06124_p,0.04690532338098459
O95551,Q06124_p,0.47682498512563837
O95429,Q06124_p,0.08378577331286942
O94868,Q06124_p,0.20975998448683675
P11586,Q06124_p,0.10824039118903042
P12724,Q06124_p,0.05124779497127998
O95486,Q06124_p,0.0878830770986866
P13521,Q06124_p,0.09395822492974223
P12035,Q06124_p,0.05744466087785434
O95025,Q06124_p,0.07574947446811062
P13987,Q06124_p,0.0810791236451781
P13985,Q06124_p,0.055364279554400944
P12109,Q06124_p,0.07751598280164121
P08910,Q06124_p,0.050310293747037646
P13674,Q06124_p,0.055353157456314916
O95238,Q06124_p,0.10385243991372999
O95236,Q06124_p,0.08150851562834903
P05091,Q06124_p,0.08943780934417625
P09467,Q06124_p,0.21194630461890843
O75817,Q06124_p,0.048849834624463566
P01344,Q06124_p,0.38104824410250954
P08684,Q06124_p,0.06974259199130271
P0C671,Q06124_p,0.04632076800893662
P08134,Q06124_p,0.7369660262407395
P00326,Q06124_p,0.056564075255532975
P04054,Q06124_p,0.05188912769110006
P04053,Q06124_p,0.08335224107779192
O94989,Q06124_p,0.15287025982732805
P0CG39,Q06124_p,0.16222085357252522
P0CG38,Q06124_p,0.14994873259047964
O94875,Q06124_p,0.3655047004355349
O75106,Q06124_p,0.053107247303763996
P01133,Q06124_p,0.262812543261516
P00325,Q06124_p,0.05917109121536891
P04844,Q06124_p,0.05292499079047778
P04843,Q06124_p,0.05098321282981129
O60894,Q06124_p,0.480519154471389
O60890,Q06124_p,0.3439599650257337
O95139,Q06124_p,0.043257674941181205
P13645,Q06124_p,0.06959532994876767
O94779,Q06124_p,0.09403096751309584
P08908,Q06124_p,0.15853616332920117
P09525,Q06124_p,0.3582438846309522
P05089,Q06124_p,0.15856139107269757
P07741,Q06124_p,0.2648023979750468
A7KAX9,Q06124_p,0.24312089821245864
P08235,Q06124_p,0.49316129410569054
P00918,Q06124_p,0.30298914158592727
O95822,Q06124_p,0.2377720580756923
P0CAP2,Q06124_p,0.08332943181689505
P0CAP1,Q06124_p,0.08118687255145798
P08697,Q06124_p,0.12694099427798605
O75489,Q06124_p,0.0478478114139894
P00352,Q06124_p,0.07822798198011836
O75807,Q06124_p,0.12322963923657582
O75808,Q06124_p,0.2129606420551812
P04066,Q06124_p,0.047575999756961744
O96024,Q06124_p,0.042330167203125296
O75063,Q06124_p,0.05587511187636922
O75064,Q06124_p,0.07338075807892706
O94889,Q06124_p,0.27537791316517063
P04921,Q06124_p,0.22466022391840598
O75110,Q06124_p,0.07201049125371486
O75112,Q06124_p,0.21491379487655665
P0CG30,Q06124_p,0.051840934223349955
O95861,Q06124_p,0.18372171489270978
P12273,Q06124_p,0.18762857121353754
P12271,Q06124_p,0.07708100651878191
P13473,Q06124_p,0.19247927113411292
P00739,Q06124_p,0.10640369944108577
P11908,Q06124_p,0.23515398366041854
P01037,Q06124_p,0.05009765150058095
P10696,Q06124_p,0.054296252748984586
O95926,Q06124_p,0.11241380762691593
P10523,Q06124_p,0.5361312117851047
P09622,Q06124_p,0.09056803861096394
P12644,Q06124_p,0.14151439808066268
O75907,Q06124_p,0.05944684773083836
O75900,Q06124_p,0.07203937881176278
O75473,Q06124_p,0.059048686577963104
P05451,Q06124_p,0.10137119454806513
O75874,Q06124_p,0.059102078621542965
P08590,Q06124_p,0.31945790193987433
P00167,Q06124_p,0.06491469731654735
P08574,Q06124_p,0.10171537663513375
P08572,Q06124_p,0.0563982679238316
O75581,Q06124_p,0.2843971542510654
O75051,Q06124_p,0.11958839054204018
O75298,Q06124_p,0.07561860629154668
O94898,Q06124_p,0.09400955060623666
O94892,Q06124_p,0.049917894323650916
P07357,Q06124_p,0.1093056583190685
O95456,Q06124_p,0.05367352397484387
P07358,Q06124_p,0.07160998741162385
O95450,Q06124_p,0.04727287980467871
O75121,Q06124_p,0.05176763203539594
P11488,Q06124_p,0.7763837791809284
O75129,Q06124_p,0.16619941213877878
P11487,Q06124_p,0.12826188963744456
P11245,Q06124_p,0.05508522108502238
O95076,Q06124_p,0.06274663863712207
O95070,Q06124_p,0.046887913716410344
O95672,Q06124_p,0.055184630888978514
O95678,Q06124_p,0.06459123645335468
P06746,Q06124_p,0.11470154669003144
P09382,Q06124_p,0.2703794606314954
O95202,Q06124_p,0.06328260574581755
P0C091,Q06124_p,0.033827157874646276
P00738,Q06124_p,0.061301830357213684
O95206,Q06124_p,0.053153285697046325
P02538,Q06124_p,0.11173275421127733
O75934,Q06124_p,0.07478476124291068
P02533,Q06124_p,0.09643677827418902
P04264,Q06124_p,0.07809548455419231
P00973,Q06124_p,0.33637837794198877
O75915,Q06124_p,0.058368396658874375
O75916,Q06124_p,0.39359513750843006
O75911,Q06124_p,0.04951716225866503
O75912,Q06124_p,0.39779066202639707
O75469,Q06124_p,0.13054557867238487
O75461,Q06124_p,0.08206183472328835
O75462,Q06124_p,0.1860085050837981
P01286,Q06124_p,0.27517708008641756
P01282,Q06124_p,0.34747836573235463
P00374,Q06124_p,0.08387136752597321
P13637,Q06124_p,0.19172995825898345
P01579,Q06124_p,0.5349941918776865
O94851,Q06124_p,0.2628465095739278
P08588,Q06124_p,0.2789644109459713
O94919,Q06124_p,0.058522350505524845
P0C7T5,Q06124_p,0.12136288780315216
P02751,Q06124_p,0.34651464504044216
O75600,Q06124_p,0.07539533178083804
O75603,Q06124_p,0.2753360752901709
O94933,Q06124_p,0.07492392967415368
O96008,Q06124_p,0.08672199976358083
O96005,Q06124_p,0.05030979500468542
O96006,Q06124_p,0.2186085463718536
O95447,Q06124_p,0.05090279287656182
P11498,Q06124_p,0.08090278763502737
O95665,Q06124_p,0.13109314229689267
P09972,Q06124_p,0.09550497823191563
P06732,Q06124_p,0.5484642784413727
O95271,Q06124_p,0.6933081140182487
O95278,Q06124_p,0.5213073874339968
O95279,Q06124_p,0.0586778928026608
P07738,Q06124_p,0.14251093358425293
P04279,Q06124_p,0.06467350854687519
P00488,Q06124_p,0.10020369159101783
P00966,Q06124_p,0.2984982397743096
P10253,Q06124_p,0.06041734627342101
O95302,Q06124_p,0.06974031895759676
O75928,Q06124_p,0.19584788431719516
O75264,Q06124_p,0.12922866247308737
P00367,Q06124_p,0.137667021327826
P00813,Q06124_p,0.10830626189973944
P00568,Q06124_p,0.21575180053587192
P00387,Q06124_p,0.05555990425385363
O94925,Q06124_p,0.12332631174214895
O94921,Q06124_p,0.1731171484150389
O96011,Q06124_p,0.04694639582716537
O76087,Q06124_p,0.04444337313523227
P11310,Q06124_p,0.05087408378641291
O95479,Q06124_p,0.29795717730561
O95470,Q06124_p,0.055662965741372805
O95475,Q06124_p,0.10636026025862813
O95780,Q06124_p,0.046448279745343234
O95789,Q06124_p,0.2118202317180661
P11047,Q06124_p,0.17557872336226515
P11049,Q06124_p,0.29627839785890525
P12081,Q06124_p,0.05862881828673416
O95096,Q06124_p,0.14031265805131565
O94788,Q06124_p,0.07932209320393739
O95498,Q06124_p,0.07410626450367289
P13686,Q06124_p,0.1226571585248681
O75575,Q06124_p,0.08333083643576764
P03951,Q06124_p,0.08422647765154997
P03950,Q06124_p,0.05622289891725797
P03956,Q06124_p,0.06022257548802409
P02775,Q06124_p,0.1570406587634092
O76014,Q06124_p,0.04998136404459223
P10243,Q06124_p,0.3279164006667331
O95864,Q06124_p,0.04715702009194048
P09564,Q06124_p,0.17488423143019588
P25189,Q06124_p,0.1760135785770448
P06276,Q06124_p,0.08405552420988183
O75843,Q06124_p,0.15694218579828775
P10451,Q06124_p,0.12084567400980292
P09016,Q06124_p,0.06421225149944035
P12882,Q06124_p,0.31373744124674185
P0CG47,Q06124_p,0.7115480769920474
P0CG41,Q06124_p,0.07942898363738923
P09497,Q06124_p,0.12070035961059537
P10515,Q06124_p,0.0739664271930003
O75718,Q06124_p,0.05140683370141047
O75716,Q06124_p,0.35030581917628445
O95461,Q06124_p,0.04614988169165334
P06899,Q06124_p,0.08719616077749569
P11279,Q06124_p,0.4435821832029981
O75443,Q06124_p,0.1272305893387343
O95793,Q06124_p,0.07933423181188566
P11055,Q06124_p,0.34051060326792315
P04818,Q06124_p,0.23799110073402446
P13929,Q06124_p,0.2670524974410954
Q96LC9,Q06124_p,0.10737934971739707
Q02338,Q06124_p,0.05131100049802349
Q9NXD2,Q06124_p,0.2982143293501123
Q96DU3,Q06124_p,0.3595106962732469
P25685,Q06124_p,0.3671753055855475
Q7Z6J2,Q06124_p,0.23167256580189105
Q9HBG7,Q06124_p,0.199002305309749
Q7L2H7,Q06124_p,0.19316380522679405
P27701,Q06124_p,0.3139319827240826
Q9Y262,Q06124_p,0.10838529931668162
Q8IWV1,Q06124_p,0.13925815216952758
P30613,Q06124_p,0.421406333169676
P40227,Q06124_p,0.17190946680267435
P16435,Q06124_p,0.17314538801143375
P23919,Q06124_p,0.17168478131450982
P40424,Q06124_p,0.1150802438784099
P40426,Q06124_p,0.11068046185420492
P29084,Q06124_p,0.05524019333110771
P38570,Q06124_p,0.3031273321577033
P20618,Q06124_p,0.09899700998298241
P35244,Q06124_p,0.13251951545841967
P43034,Q06124_p,0.700150164166976
P21452,Q06124_p,0.057295141320662143
P43146,Q06124_p,0.5220947895878911
P30990,Q06124_p,0.2534436603819725
P18077,Q06124_p,0.0646784816542813
P18074,Q06124_p,0.12157906714252753
P24001,Q06124_p,0.3168941972432041
P25774,Q06124_p,0.33646152795983053
P23352,Q06124_p,0.0960085326149075
P15428,Q06124_p,0.07714026118441156
P15169,Q06124_p,0.07490869487683935
P25791,Q06124_p,0.23941964011911643
P26885,Q06124_p,0.05335644515358501
P19075,Q06124_p,0.21071012422074933
P21854,Q06124_p,0.365737054739647
P22612,Q06124_p,0.8038482145527439
P16083,Q06124_p,0.06729993714310487
P36639,Q06124_p,0.08024430207874986
P40306,Q06124_p,0.10574642344072419
P16422,Q06124_p,0.21171970167331472
P37235,Q06124_p,0.29930052509263294
P30511,Q06124_p,0.2834192488658974
P30519,Q06124_p,0.07788564110332524
P16520,Q06124_p,0.719430056315472
P37837,Q06124_p,0.08146739486090968
P17066,Q06124_p,0.35081551657479265
P29508,Q06124_p,0.10529915788078632
P24347,Q06124_p,0.05640206649310987
P23471,Q06124_p,0.0571623334941326
P35250,Q06124_p,0.07947038988994734
P32926,Q06124_p,0.21012385448520154
P43026,Q06124_p,0.16376181646501767
P23109,Q06124_p,0.08558220690866113
P32455,Q06124_p,0.31823926003321773
P17927,Q06124_p,0.055423370893108434
P43155,Q06124_p,0.05617826398870762
P27544,Q06124_p,0.04838525323986155
P35499,Q06124_p,0.2797208055988948
P28908,Q06124_p,0.3641826559543359
P28906,Q06124_p,0.33371972538650574
P28838,Q06124_p,0.05934756784692824
P46782,Q06124_p,0.05813753185946115
P46781,Q06124_p,0.06997713633920083
P24903,Q06124_p,0.06153771548087944
P40937,Q06124_p,0.06516481705171967
P40337,Q06124_p,0.39881614052646486
P38606,Q06124_p,0.16257695054978133
P40200,Q06124_p,0.2873615810633794
P35243,Q06124_p,0.2949713193507042
P15248,Q06124_p,0.13309603943330803
P30566,Q06124_p,0.21086233982509572
P35368,Q06124_p,0.1005358723038774
P43234,Q06124_p,0.1565575556689546
P28330,Q06124_p,0.04962566004586062
P28331,Q06124_p,0.07893785602931848
P35713,Q06124_p,0.17560440541005265
P29992,Q06124_p,0.7338733327074615
P43304,Q06124_p,0.06954144099961859
P18054,Q06124_p,0.07739080890916841
P35626,Q06124_p,0.7200139923913599
P35625,Q06124_p,0.09662697186556138
P46063,Q06124_p,0.06076720062910246
P42766,Q06124_p,0.05555961107013868
P17482,Q06124_p,0.055054968611957154
P17483,Q06124_p,0.05366893709847018
P25686,Q06124_p,0.22495837304460084
P36383,Q06124_p,0.19491541631051976
P20839,Q06124_p,0.19808140179694617
P40925,Q06124_p,0.19996805450260524
P23769,Q06124_p,0.2716887823846491
P23560,Q06124_p,0.26188664087196123
P41091,Q06124_p,0.2973424806533758
P19526,Q06124_p,0.05103424998190996
P31512,Q06124_p,0.05918498277616043
P18440,Q06124_p,0.07524592691743373
P22894,Q06124_p,0.058660078159621376
P25325,Q06124_p,0.17245928933265844
P33121,Q06124_p,0.060432474210439194
P23945,Q06124_p,0.10947720341964937
P23946,Q06124_p,0.3532795147729252
P23942,Q06124_p,0.2834864651157514
P16444,Q06124_p,0.047232192813778294
P22413,Q06124_p,0.256884134641637
P23786,Q06124_p,0.055578071760808
P31150,Q06124_p,0.4969449741621929
P15514,Q06124_p,0.1723220531278174
P30711,Q06124_p,0.05640832542112233
P14927,Q06124_p,0.051295280459062745
P31025,Q06124_p,0.048547879116294615
P29144,Q06124_p,0.10385206593971212
P20151,Q06124_p,0.08779227231158018
P20794,Q06124_p,0.10514966598287738
P28039,Q06124_p,0.050866161401691125
P15529,Q06124_p,0.20116691302505063
P16870,Q06124_p,0.05898084749465828
P43005,Q06124_p,0.13007764790780207
P22090,Q06124_p,0.06581687936724681
P26232,Q06124_p,0.5303832309473723
P23142,Q06124_p,0.05531912183377953
P23416,Q06124_p,0.07832844892308291
P23415,Q06124_p,0.08108252438806408
P23771,Q06124_p,0.3425429939611238
P16050,Q06124_p,0.10607609712435924
P21953,Q06124_p,0.06386333788821633
P16473,Q06124_p,0.3202652156763491
P40261,Q06124_p,0.17571819702267757
P16278,Q06124_p,0.054436631749067946
P37268,Q06124_p,0.06583984788758132
P37287,Q06124_p,0.10000285527953338
P37288,Q06124_p,0.09941671971113539
P15259,Q06124_p,0.1477511881215074
P18859,Q06124_p,0.051272690985550685
P18850,Q06124_p,0.22618710505192757
P15882,Q06124_p,0.720932924431282
P43360,Q06124_p,0.08841434947325952
P27797,Q06124_p,0.13352875030874642
P46199,Q06124_p,0.05299390021935376
P24046,Q06124_p,0.053316999238288365
P39060,Q06124_p,0.10704480922906909
P22223,Q06124_p,0.5611706585456809
P14314,Q06124_p,0.12527172628844813
P19438,Q06124_p,0.5102536129790737
P26012,Q06124_p,0.32105601535575196
P46059,Q06124_p,0.05299679200428068
P30939,Q06124_p,0.08308953903932209
P32969,Q06124_p,0.05661782528360169
P40121,Q06124_p,0.12356514596383798
P41182,Q06124_p,0.18030093148737386
P20815,Q06124_p,0.07590188600768984
P36894,Q06124_p,0.3581068626946235
P36896,Q06124_p,0.3141873166840121
P36897,Q06124_p,0.3611942161655933
P21964,Q06124_p,0.22786133087130217
P16260,Q06124_p,0.05383754573350384
P37108,Q06124_p,0.07543655079831656
P17025,Q06124_p,0.046273466386813594
P17021,Q06124_p,0.054163163327040756
P31040,Q06124_p,0.0781430415739802
P31513,Q06124_p,0.0537878046218507
P17735,Q06124_p,0.12094397618809753
P26927,Q06124_p,0.07430112819221234
P32418,Q06124_p,0.19850524107893913
P25874,Q06124_p,0.06125277415022616
P21579,Q06124_p,0.25533915488518744
P32745,Q06124_p,0.3829380710934099
P18509,Q06124_p,0.22402682515803746
P23327,Q06124_p,0.05302932800004675
P30838,Q06124_p,0.06470485426273839
P30837,Q06124_p,0.07863318442148193
P28161,Q06124_p,0.06829448290319487
P19404,Q06124_p,0.051692550251872194
P14621,Q06124_p,0.07005107960090125
P23434,Q06124_p,0.13252639174369835
P20226,Q06124_p,0.14744376650365693
P25208,Q06124_p,0.11519198984741338
P36406,Q06124_p,0.4068727334763967
P36402,Q06124_p,0.33191007153414576
P14406,Q06124_p,0.047108313721217675
P25311,Q06124_p,0.31197687067691915
P17031,Q06124_p,0.0465830619839437
P17030,Q06124_p,0.052090402857138965
P17036,Q06124_p,0.046213785987395686
P17035,Q06124_p,0.04637863030954275
P16662,Q06124_p,0.05405226923074854
P35998,Q06124_p,0.2505587881440519
P38117,Q06124_p,0.091288885669815
P35754,Q06124_p,0.11797413415632063
P21589,Q06124_p,0.47286678428110146
P39086,Q06124_p,0.09245662344868293
P32754,Q06124_p,0.07412350090795303
P46736,Q06124_p,0.14304194382186236
P15918,Q06124_p,0.32384836385745963
P20340,Q06124_p,0.366176778318977
P16930,Q06124_p,0.07535103280183039
P32119,Q06124_p,0.14316538025459308
P20231,Q06124_p,0.06061753704376199
P23526,Q06124_p,0.16735196778607914
P23527,Q06124_p,0.09179986461069908
P22061,Q06124_p,0.07816975610995461
P19388,Q06124_p,0.07853093061356528
P26006,Q06124_p,0.46017692910363195
P19367,Q06124_p,0.3037187598045551
P31273,Q06124_p,0.06156751206436769
P22695,Q06124_p,0.08013247392083386
P22694,Q06124_p,0.8021702045144714
P19961,Q06124_p,0.07392529965296038
P34903,Q06124_p,0.11344763163066982
P30048,Q06124_p,0.09819950369475208
P30043,Q06124_p,0.05782501367642602
P30047,Q06124_p,0.11357766344354196
P25106,Q06124_p,0.11979783173055167
P25103,Q06124_p,0.0989044306018732
P25101,Q06124_p,0.13874525935806564
P35749,Q06124_p,0.3302696110232469
P29965,Q06124_p,0.37907197853105
P39656,Q06124_p,0.055158193614856486
P43353,Q06124_p,0.07046008953102387
P43357,Q06124_p,0.0671783297909044
P43355,Q06124_p,0.06313597522475552
P18084,Q06124_p,0.35283823323988406
P46439,Q06124_p,0.07769383463812471
P25929,Q06124_p,0.06557113922496857
P27635,Q06124_p,0.056772138536098415
P42081,Q06124_p,0.49090932343167193
P24723,Q06124_p,0.7866969298712978
P43628,Q06124_p,0.24632548383107458
P43627,Q06124_p,0.24424853343424102
P43626,Q06124_p,0.2656246052989775
P15907,Q06124_p,0.035108866916006676
P46098,Q06124_p,0.05171804259813967
P46721,Q06124_p,0.046839754540639135
P14649,Q06124_p,0.36018011296414854
P32320,Q06124_p,0.40499402153535324
P32321,Q06124_p,0.3442323922499602
P20248,Q06124_p,0.32672215986994935
P24855,Q06124_p,0.05657480797600968
P36268,Q06124_p,0.12851612799288822
P22680,Q06124_p,0.0724379048788298
P45381,Q06124_p,0.09351312345824817
P30101,Q06124_p,0.10926120518559215
P16233,Q06124_p,0.05690800195889793
P37023,Q06124_p,0.2974992678325329
P19823,Q06124_p,0.12080078047598135
P21108,Q06124_p,0.26315427507130595
P31270,Q06124_p,0.07605946196267932
P15848,Q06124_p,0.04958401558334809
P14867,Q06124_p,0.11279026285665392
P20742,Q06124_p,0.18911019017877836
P18564,Q06124_p,0.3995086296534846
P14868,Q06124_p,0.06120012079413197
P20749,Q06124_p,0.5517006476953238
P45954,Q06124_p,0.05044139293308288
P28221,Q06124_p,0.07603078778626099
P35318,Q06124_p,0.2595599632381299
P17516,Q06124_p,0.07583078276557521
P24539,Q06124_p,0.06414337176797524
P24530,Q06124_p,0.1970103012851856
P43652,Q06124_p,0.05087664115118259
P35226,Q06124_p,0.1924276305841141
P35558,Q06124_p,0.06968163548464366
P35228,Q06124_p,0.6723425425598164
P35790,Q06124_p,0.4911120338604865
P21439,Q06124_p,0.0950260242699122
P15085,Q06124_p,0.055412489001479534
P41273,Q06124_p,0.19271453957236612
P26715,Q06124_p,0.2860975953281708
P22676,Q06124_p,0.439451012587326
P31937,Q06124_p,0.06959048091179591
P31930,Q06124_p,0.05266217110358411
P19835,Q06124_p,0.15816407986638342
P14854,Q06124_p,0.04276428120518626
P20648,Q06124_p,0.22666437619454002
P29120,Q06124_p,0.16105346996552267
P28347,Q06124_p,0.15422089348758258
P35914,Q06124_p,0.07300731312296091
P32780,Q06124_p,0.06875845515755251
P32239,Q06124_p,0.2973665346567189
P30874,Q06124_p,0.30125779604702174
P30876,Q06124_p,0.09420050260639197
P30872,Q06124_p,0.2716243923034892
P14324,Q06124_p,0.15747823551097842
P17980,Q06124_p,0.13114703422598117
P27144,Q06124_p,0.06787658072159733
P23470,Q06124_p,0.22073429114864332
P42263,Q06124_p,0.2910936289809816
P42285,Q06124_p,0.06005229258669007
P32019,Q06124_p,0.7059314040921467
P21281,Q06124_p,0.06333282039551881
P21283,Q06124_p,0.05966986840947132
P22760,Q06124_p,0.04625822103863608
P41732,Q06124_p,0.3271996511314398
P15313,Q06124_p,0.10543054300911561
P31785,Q06124_p,0.3460818221870178
P38405,Q06124_p,0.713641287451034
P23284,Q06124_p,0.09862557277865128
P31321,Q06124_p,0.39666887372215937
P24390,Q06124_p,0.0712078699146108
P43251,Q06124_p,0.05559854450429382
P46776,Q06124_p,0.05728905054692017
P46778,Q06124_p,0.07991374508833678
P46779,Q06124_p,0.055494609396491965
P43897,Q06124_p,0.04971939957907321
P23469,Q06124_p,0.7583028607412816
P23468,Q06124_p,0.4862400179838608
P15559,Q06124_p,0.1360546100905851
P20073,Q06124_p,0.12499097416975083
P41250,Q06124_p,0.073850485429777
P16118,Q06124_p,0.26746241127592596
P15121,Q06124_p,0.058762942385764405
P19320,Q06124_p,0.5110335050417223
P42857,Q06124_p,0.05107202266921571
P42331,Q06124_p,0.3656590681514124
P36542,Q06124_p,0.0794623557052311
P15104,Q06124_p,0.09049300424536616
P17081,Q06124_p,0.70717366241982
P34896,Q06124_p,0.14284809563146283
P34897,Q06124_p,0.20279763650157628
P34949,Q06124_p,0.15261761416746017
P30085,Q06124_p,0.10394690958612182
P30084,Q06124_p,0.05683540043973116
P38435,Q06124_p,0.19622910022708387
P23921,Q06124_p,0.36643205164860265
P16562,Q06124_p,0.05374738981646567
P25092,Q06124_p,0.6617330378422841
P17568,Q06124_p,0.034540085145841545
P43088,Q06124_p,0.09444897208348436
P19532,Q06124_p,0.11987229826095029
P28702,Q06124_p,0.17607142307867127
P23258,Q06124_p,0.10397101273624298
P35452,Q06124_p,0.05788050582293354
P22033,Q06124_p,0.09371310600179872
P25705,Q06124_p,0.07031387030159363
P36222,Q06124_p,0.15381529158513726
P15153,Q06124_p,0.7331799719929422
P21397,Q06124_p,0.12781366560544788
P36959,Q06124_p,0.24111159155942433
P40198,Q06124_p,0.053732285452471974
P36952,Q06124_p,0.09030736845817461
P14550,Q06124_p,0.0664922928337368
P14555,Q06124_p,0.1635622154751319
P20783,Q06124_p,0.15498032826269292
P30520,Q06124_p,0.2020549773360567
P20916,Q06124_p,0.39288376071850883
P25398,Q06124_p,0.05714700224897572
P37198,Q06124_p,0.11527673608265791
P30740,Q06124_p,0.08354904507579153
P20702,Q06124_p,0.47319626718954444
P28068,Q06124_p,0.21266304963264213
P28065,Q06124_p,0.10633879051464887
P28062,Q06124_p,0.28409429287657234
P20674,Q06124_p,0.056055600484876414
P35913,Q06124_p,0.4241436056439617
P32243,Q06124_p,0.09048113878170458
P32246,Q06124_p,0.4350636601421531
P27482,Q06124_p,0.76371794823727
P35590,Q06124_p,0.2392167067091445
P28288,Q06124_p,0.08019946718247421
P28289,Q06124_p,0.23205195481295773
P24752,Q06124_p,0.07762218900424085
P26440,Q06124_p,0.056258888168883414
P15144,Q06124_p,0.2639796903014408
P19013,Q06124_p,0.050801281280820954
P19012,Q06124_p,0.10417554369205015
P41162,Q06124_p,0.12976050949512818
P33992,Q06124_p,0.29280371438342034
P30533,Q06124_p,0.17344402585117508
P30405,Q06124_p,0.15309378882740335
P34982,Q06124_p,0.03404717992781151
P39900,Q06124_p,0.05616503604087464
P20908,Q06124_p,0.05369246687998928
P18577,Q06124_p,0.04831506142434659
P24298,Q06124_p,0.1451316552684974
P29074,Q06124_p,0.4077455991760003
P28074,Q06124_p,0.1273190342122173
P28072,Q06124_p,0.10912233065687922
P17540,Q06124_p,0.4062754650899699
P28476,Q06124_p,0.05380552037001125
P35908,Q06124_p,0.06664190679425512
P39019,Q06124_p,0.08022458333573111
P24588,Q06124_p,0.3181387745904324
P42336,Q06124_p,0.7733718867585158
P45452,Q06124_p,0.05487979939240543
P42330,Q06124_p,0.08271456150786517
P30989,Q06124_p,0.06748213631762426
P35670,Q06124_p,0.07242436764501228
P42025,Q06124_p,0.33885976228470516
P27037,Q06124_p,0.2654097728758965
P41221,Q06124_p,0.08051527867173183
P41223,Q06124_p,0.08978564637940642
P41222,Q06124_p,0.060881783689626864
P27216,Q06124_p,0.12421392732356178
P41226,Q06124_p,0.31097304873125586
P27338,Q06124_p,0.12601487649741433
P20336,Q06124_p,0.6023740152574794
P20337,Q06124_p,0.4772383152212744
P22692,Q06124_p,0.06006332958002568
P36776,Q06124_p,0.06771903468284778
P20594,Q06124_p,0.6599211406805334
P84077,Q06124_p,0.2670545987937499
P84074,Q06124_p,0.2062773616818519
P56377,Q06124_p,0.06971603595063118
P62979,Q06124_p,0.5070444867072009
P56715,Q06124_p,0.052394573376041455
P59282,Q06124_p,0.282385006744309
P59045,Q06124_p,0.20472451118477122
Q01118,Q06124_p,0.22107534506775517
P53701,Q06124_p,0.12259711719411222
P62714,Q06124_p,0.5901256795767259
P58397,Q06124_p,0.05020098391578807
P53634,Q06124_p,0.1285007931727798
P54098,Q06124_p,0.17266415142735475
P99999,Q06124_p,0.29047130767708884
P59910,Q06124_p,0.0839268175472889
P49411,Q06124_p,0.10888617517404771
P48147,Q06124_p,0.153339566643611
P48146,Q06124_p,0.3075651244691867
P49419,Q06124_p,0.14621893511590117
P62491,Q06124_p,0.5945196771244976
P61619,Q06124_p,0.057732362636294735
P62495,Q06124_p,0.05638136054378266
P61129,Q06124_p,0.07477458492835522
P49773,Q06124_p,0.05135668838558388
P58658,Q06124_p,0.05596620839694142
P48556,Q06124_p,0.08331924960152207
P48552,Q06124_p,0.14524650402879472
Q01968,Q06124_p,0.710671268253536
P51606,Q06124_p,0.08891708281810569
P78358,Q06124_p,0.09993934331674609
P78357,Q06124_p,0.07067189245823521
Q01740,Q06124_p,0.055818956113960636
P57789,Q06124_p,0.05631993716242646
P62701,Q06124_p,0.06240801204328968
P98077,Q06124_p,0.3533281145593765
P58876,Q06124_p,0.09248237937721168
P58872,Q06124_p,0.04670201605146845
P62633,Q06124_p,0.14191244540613462
P52738,Q06124_p,0.0469302927491397
P52736,Q06124_p,0.04730669102546475
Q01826,Q06124_p,0.1622764275068538
P59901,Q06124_p,0.1821491636592875
P82914,Q06124_p,0.047350463199544154
P49406,Q06124_p,0.05068987505642769
P56937,Q06124_p,0.0541444047746132
P50416,Q06124_p,0.06396076314750598
P61421,Q06124_p,0.059726214639325356
P48047,Q06124_p,0.04927433441273807
P55771,Q06124_p,0.17012950602895163
P50895,Q06124_p,0.34831102753909005
P48549,Q06124_p,0.30179814282145484
P47872,Q06124_p,0.08284043349630496
P61106,Q06124_p,0.27350558980505313
P48431,Q06124_p,0.306852028004574
P55283,Q06124_p,0.48446164604827946
P56559,Q06124_p,0.12989170793293708
P55286,Q06124_p,0.21808004310637452
P55287,Q06124_p,0.16027877007445568
P55285,Q06124_p,0.13607453866637756
P78368,Q06124_p,0.6736111975558641
P62955,Q06124_p,0.07557807886611037
P78363,Q06124_p,0.1808432242403637
P62273,Q06124_p,0.05716492277010297
P57735,Q06124_p,0.2581873296470071
P49642,Q06124_p,0.14416662904452188
P62829,Q06124_p,0.07817244090647273
P62820,Q06124_p,0.5016912123786288
P51857,Q06124_p,0.05908924261369482
P62736,Q06124_p,0.6833987284109938
P53618,Q06124_p,0.11205986529045442
P61964,Q06124_p,0.2759622416312777
P61966,Q06124_p,0.11665760689158951
P61960,Q06124_p,0.08982622344587922
P61962,Q06124_p,0.2532226302610386
P52740,Q06124_p,0.04672171473543043
P52747,Q06124_p,0.1020398040991178
P49326,Q06124_p,0.06088443857784388
P60763,Q06124_p,0.7701257308565708
P48059,Q06124_p,0.5496215865105122
Q008S8,Q06124_p,0.07919814884213797
P55769,Q06124_p,0.08897059851894622
P51449,Q06124_p,0.1908139240396872
P55160,Q06124_p,0.11028013449548432
P83881,Q06124_p,0.04773396042830978
P48443,Q06124_p,0.19775769592059106
P48444,Q06124_p,0.11405171185277108
P48448,Q06124_p,0.054743382239407556
P48449,Q06124_p,0.07131010798751722
P55290,Q06124_p,0.5053737981215566
P62942,Q06124_p,0.4696826631949745
P56589,Q06124_p,0.10726112626780593
P57729,Q06124_p,0.3238025798814945
P48594,Q06124_p,0.10548177650327004
P62837,Q06124_p,0.5906167754494976
P57053,Q06124_p,0.09196144901542122
P57058,Q06124_p,0.10110128277756361
P51828,Q06124_p,0.3304364728878328
P78371,Q06124_p,0.20555205551696396
Q01546,Q06124_p,0.08589751228467297
P78552,Q06124_p,0.25147422202101966
P54577,Q06124_p,0.07454817226479632
P54578,Q06124_p,0.3448605931921723
Q01638,Q06124_p,0.4024596839407447
P52758,Q06124_p,0.12918851190123185
P52757,Q06124_p,0.6837600494045224
P48200,Q06124_p,0.434555740837142
P59923,Q06124_p,0.04786387560068841
P81133,Q06124_p,0.19701671760392497
P61626,Q06124_p,0.05694599766051668
P48061,Q06124_p,0.1441190194112358
P69849,Q06124_p,0.06882837061597832
Q02153,Q06124_p,0.44221239644193633
P62195,Q06124_p,0.2025821399901766
P63220,Q06124_p,0.08637323700412447
P51589,Q06124_p,0.06418723085725053
P61088,Q06124_p,0.5803710458288915
P51451,Q06124_p,0.7601800684490626
P62266,Q06124_p,0.06106781265425125
P50479,Q06124_p,0.3114597819778674
P62269,Q06124_p,0.0551449274661097
P52907,Q06124_p,0.17629158592313915
P62847,Q06124_p,0.07444622584310367
Q01628,Q06124_p,0.36320025282272617
Q01629,Q06124_p,0.2188537555407574
P78417,Q06124_p,0.0496345947840672
P78413,Q06124_p,0.10024239679017055
P78410,Q06124_p,0.19592741378286732
P78411,Q06124_p,0.06321115724542778
P55808,Q06124_p,0.07540304051026925
P55809,Q06124_p,0.07060512677757291
Q01538,Q06124_p,0.09016602750864361
Q02383,Q06124_p,0.052614649369112344
P56851,Q06124_p,0.08495302990598645
Q02548,Q06124_p,0.1330937472739434
P55345,Q06124_p,0.2060068231947935
P49184,Q06124_p,0.07319577193732697
P82921,Q06124_p,0.07034398371000598
P58335,Q06124_p,0.0947204145610739
P49458,Q06124_p,0.05741882583040183
P61160,Q06124_p,0.43666330355911753
P61163,Q06124_p,0.3423050666138955
Q02161,Q06124_p,0.04865636450978163
P63211,Q06124_p,0.622707777252901
P69891,Q06124_p,0.11030065975219246
P55039,Q06124_p,0.05258243652984088
P47901,Q06124_p,0.11828633648044631
P62072,Q06124_p,0.05042307743023835
P50461,Q06124_p,0.12719472152980238
P80303,Q06124_p,0.052117014990844236
P50991,Q06124_p,0.3100398762073279
P52824,Q06124_p,0.3549284501733014
P51159,Q06124_p,0.35982458370142145
P56211,Q06124_p,0.2538107158305822
P58546,Q06124_p,0.12464768117940377
P62851,Q06124_p,0.0844631618699562
P62854,Q06124_p,0.0603727795689599
P57071,Q06124_p,0.11856285488723561
P78406,Q06124_p,0.2927256431134203
P57075,Q06124_p,0.5652660274755593
P78318,Q06124_p,0.47693110376122994
P78537,Q06124_p,0.056364900884395885
Q02556,Q06124_p,0.39906237101093756
P53794,Q06124_p,0.07317040668314886
P49448,Q06124_p,0.1328064014200586
P55008,Q06124_p,0.34638903052407594
P51970,Q06124_p,0.04718686020375805
P61513,Q06124_p,0.05270718754296364
P49619,Q06124_p,0.19751063621395723
P52434,Q06124_p,0.11764053156823769
P47869,Q06124_p,0.09880725000716335
P62249,Q06124_p,0.05923249186724644
P50452,Q06124_p,0.1393589129226696
P50453,Q06124_p,0.20835549699877548
P55316,Q06124_p,0.10418240093140992
P55317,Q06124_p,0.2467953735127931
P55318,Q06124_p,0.13217658878991234
P50148,Q06124_p,0.7591766040035797
P61204,Q06124_p,0.2583759805235043
P61201,Q06124_p,0.275353721574428
P51148,Q06124_p,0.6835753966521614
P55263,Q06124_p,0.4953788278652372
P60891,Q06124_p,0.3171142012881719
P51816,Q06124_p,0.11113677281922116
P51814,Q06124_p,0.047701743630369296
P78329,Q06124_p,0.07168336232951315
P78324,Q06124_p,0.3712026301243495
P78325,Q06124_p,0.232516345471563
P50542,Q06124_p,0.10790764394682188
P55064,Q06124_p,0.0891597092959848
Q02410,Q06124_p,0.44811607042426865
Q02413,Q06124_p,0.27080382790351043
P52788,Q06124_p,0.07895654051161288
P52789,Q06124_p,0.2088246431794623
Q01469,Q06124_p,0.18621715225996643
P98155,Q06124_p,0.09924136352157378
P62508,Q06124_p,0.24074082441915956
P58317,Q06124_p,0.047615964313124634
P82650,Q06124_p,0.046306207806865174
P81877,Q06124_p,0.24392470251593826
P50440,Q06124_p,0.2546080320018739
P62253,Q06124_p,0.22047829690780688
P56470,Q06124_p,0.34770823381579397
P48643,Q06124_p,0.4088364579602846
P55017,Q06124_p,0.43109900041925686
P52209,Q06124_p,0.10512614214959695
P55786,Q06124_p,0.08752449916668599
P62879,Q06124_p,0.7096334808464271
P62873,Q06124_p,0.7488748170436285
P62877,Q06124_p,0.680602993501557
P62875,Q06124_p,0.08655981727705894
P78330,Q06124_p,0.06035139744647091
P51178,Q06124_p,0.6849052718136022
P49281,Q06124_p,0.22232021865342483
P68036,Q06124_p,0.5787289230193935
P68032,Q06124_p,0.6827653895444692
P78385,Q06124_p,0.05048535528907131
P60981,Q06124_p,0.4753617506966708
P54792,Q06124_p,0.7246857024248953
P82664,Q06124_p,0.05095266440580477
P61353,Q06124_p,0.05560230911585079
P48029,Q06124_p,0.20984467983799693
P50238,Q06124_p,0.0932946067392754
P61758,Q06124_p,0.0677563312323214
P63267,Q06124_p,0.6878401800407126
P48735,Q06124_p,0.052606225542076335
P63316,Q06124_p,0.4022334479444731
P50454,Q06124_p,0.06869160587267142
P84090,Q06124_p,0.0895950025062677
P61225,Q06124_p,0.7574480869784174
P84095,Q06124_p,0.6806868881412482
P61221,Q06124_p,0.2548053156656895
P51788,Q06124_p,0.2097470272751667
P51787,Q06124_p,0.16218908838659968
P52895,Q06124_p,0.07018221531543037
P56645,Q06124_p,0.4220185313251891
Q01064,Q06124_p,0.31656684010808367
Q01668,Q06124_p,0.44117610216609815
P54819,Q06124_p,0.07627393192606267
P54257,Q06124_p,0.34267129681785186
P86790,Q06124_p,0.0763860559327887
Q01085,Q06124_p,0.10084344609216125
P62280,Q06124_p,0.05798059906452892
P61812,Q06124_p,0.12354997617417915
Q02218,Q06124_p,0.08212441530652118
P46976,Q06124_p,0.0661713402640738
P49257,Q06124_p,0.06738207474568873
P48382,Q06124_p,0.08919900529244221
P82673,Q06124_p,0.049471030555093595
P82675,Q06124_p,0.053839155001531316
P61326,Q06124_p,0.06971681940325662
P59510,Q06124_p,0.049904227003692805
P50225,Q06124_p,0.04826315605323107
P63096,Q06124_p,0.7875199291708209
P48723,Q06124_p,0.11970131819220495
P47895,Q06124_p,0.15439599228112222
P49716,Q06124_p,0.11379269511459615
P51570,Q06124_p,0.073338555772695
P51687,Q06124_p,0.07250340111228523
P58743,Q06124_p,0.2895349069896705
P55851,Q06124_p,0.06025007651217984
P49796,Q06124_p,0.28689949081835237
P49641,Q06124_p,0.04970145081044662
P48060,Q06124_p,0.047218667788987305
P49069,Q06124_p,0.05321854471077224
P53041,Q06124_p,0.5421868720902404
P54802,Q06124_p,0.0476236377986141
P61803,Q06124_p,0.049935011236310334
P58340,Q06124_p,0.06928331960051007
P62424,Q06124_p,0.0583306492479446
P49247,Q06124_p,0.0633308641837895
P56704,Q06124_p,0.08655515634865792
P58004,Q06124_p,0.24542876907013852
P63241,Q06124_p,0.08310572175798939
P62330,Q06124_p,0.6118132916387575
P61024,Q06124_p,0.25391203828685105
P61026,Q06124_p,0.49377885236504193
P48637,Q06124_p,0.08239206006210967
P49720,Q06124_p,0.10457693348215949
P49721,Q06124_p,0.11884398452391567
P78504,Q06124_p,0.19320154502207737
P51965,Q06124_p,0.3472782730865145
P51693,Q06124_p,0.06364119201898286
P58753,Q06124_p,0.5448251975068257
P46977,Q06124_p,0.05482323456135575
P49903,Q06124_p,0.11404788011048683
P78386,Q06124_p,0.05031975760651154
P53582,Q06124_p,0.06462877368222279
P54277,Q06124_p,0.06061572432080166
P54619,Q06124_p,0.6658942194502269
P53674,Q06124_p,0.1002153180427551
P82987,Q06124_p,0.07958220239854458
P61018,Q06124_p,0.11453410528483061
P61019,Q06124_p,0.3534133610777909
P98196,Q06124_p,0.07427087314631528
P48741,Q06124_p,0.2542446985384744
P48740,Q06124_p,0.0627819706943793
P50221,Q06124_p,0.053159304814750466
P98198,Q06124_p,0.07756096747772936
P51511,Q06124_p,0.06255529915277541
P60604,Q06124_p,0.29041782689947115
P47985,Q06124_p,0.058969075835911766
P50591,Q06124_p,0.4900677001320851
P47989,Q06124_p,0.28001341970912486
P80365,Q06124_p,0.061594715257724995
P51649,Q06124_p,0.09602328840737338
P48995,Q06124_p,0.35404483411289644
P49914,Q06124_p,0.06407823711565236
P57105,Q06124_p,0.2811723814761545
P52429,Q06124_p,0.09785240293262445
Q01780,Q06124_p,0.060311823000458085
Q01432,Q06124_p,0.11534791508611605
P49005,Q06124_p,0.08125400037980003
P60201,Q06124_p,0.04689106543478207
P62745,Q06124_p,0.7410862364044035
P60510,Q06124_p,0.5511581441556819
P54868,Q06124_p,0.06157100621169333
P61916,Q06124_p,0.07772097456790697
P61313,Q06124_p,0.055916104938751356
P54289,Q06124_p,0.28215682482284726
P50749,Q06124_p,0.6147361115699927
P54136,Q06124_p,0.19337648653049386
P56975,Q06124_p,0.09657293810157402
Q00887,Q06124_p,0.04861927101720585
P81605,Q06124_p,0.1139353593071692
P49748,Q06124_p,0.05058313261145468
P51508,Q06124_p,0.04736946913215871
P50897,Q06124_p,0.05346439938379999
P47756,Q06124_p,0.12262701468660683
P47755,Q06124_p,0.15004708913284973
P48506,Q06124_p,0.2809799142737442
P55082,Q06124_p,0.05118598371041026
P55084,Q06124_p,0.05570612678205726
P55085,Q06124_p,0.12511775530272232
P55735,Q06124_p,0.16978354838798515
P48509,Q06124_p,0.4736738716587932
P50120,Q06124_p,0.07534852287313694
P57772,Q06124_p,0.07432409706597429
P51659,Q06124_p,0.06523121174355813
P49961,Q06124_p,0.22214516464999035
P52294,Q06124_p,0.1357820082931506
P62910,Q06124_p,0.071998484060219
P62913,Q06124_p,0.09152644201716496
P56282,Q06124_p,0.09789293999480278
Q00796,Q06124_p,0.057545977653776316
P54920,Q06124_p,0.11585361874958593
P54922,Q06124_p,0.0804210050070766
Q02252,Q06124_p,0.07410616966432251
P46934,Q06124_p,0.4643329306345601
P54707,Q06124_p,0.15411009008996415
P54709,Q06124_p,0.2231838653534322
P49368,Q06124_p,0.27470607999273067
P50281,Q06124_p,0.1183117487414859
P48764,Q06124_p,0.10678204309998436
P48167,Q06124_p,0.24520811633807052
P63167,Q06124_p,0.32677408799095614
P51688,Q06124_p,0.05314087051937673
P49755,Q06124_p,0.05208400375575835
P49754,Q06124_p,0.12584848424990158
P62166,Q06124_p,0.422858770916512
P47211,Q06124_p,0.15241678678708995
P49683,Q06124_p,0.07286767040371292
P55895,Q06124_p,0.37763420363860745
P51668,Q06124_p,0.5781652890737574
P51398,Q06124_p,0.04744656079072728
P52848,Q06124_p,0.05115536090865798
P62906,Q06124_p,0.05827643240886181
P49207,Q06124_p,0.05512771351500144
P56703,Q06124_p,0.10717553989030948
P56706,Q06124_p,0.06728215466589293
P56705,Q06124_p,0.07821459615632484
P53007,Q06124_p,0.05069330534191422
P56385,Q06124_p,0.047098881154339925
P60606,Q06124_p,0.04731261857121345
Q01344,Q06124_p,0.29829779137976353
P0CG48,Q06124_p,0.729208695900523
P54840,Q06124_p,0.4863854838723786
Q02246,Q06124_p,0.1474897212738477
Q02487,Q06124_p,0.17748614591064166
P46926,Q06124_p,0.35096975558325205
P53539,Q06124_p,0.24127530158495847
P63173,Q06124_p,0.06777923336957241
P63172,Q06124_p,0.19946471461182871
P62487,Q06124_p,0.10870392810101023
P50226,Q06124_p,0.04831785346209666
P55157,Q06124_p,0.055158051547776234
P51523,Q06124_p,0.0479665990566492
Q8N490,Q06124_p,0.04405531028948988
Q86VF7,Q06124_p,0.11199961124520168
Q53FZ2,Q06124_p,0.048354120700067546
Q9Y3R0,Q06124_p,0.44594255927404064
Q9ULU8,Q06124_p,0.23240437840357792
Q8IW50,Q06124_p,0.06182441096718043
Q86VP1,Q06124_p,0.5674421584213519
Q9HBE1,Q06124_p,0.08825832741864077
Q86TG7,Q06124_p,0.2183066207104393
Q9UIG8,Q06124_p,0.04731790804866909
Q93015,Q06124_p,0.36962448759013355
Q5JT25,Q06124_p,0.11603130954741818
Q5TCS8,Q06124_p,0.26048233485368855
Q6KB66,Q06124_p,0.09313708951455643
Q8TAG5,Q06124_p,0.1427915766516731
Q13642,Q06124_p,0.36697698147005425
Q13936,Q06124_p,0.5600769179878784
Q7Z7A4,Q06124_p,0.32011112248890494
Q99755,Q06124_p,0.7022135290862408
Q8TE04,Q06124_p,0.1496820453838999
O75604,Q06124_p,0.13022569133980513
Q8N4T0,Q06124_p,0.04992999014349616
Q8N9B4,Q06124_p,0.09165407034244823
Q3B820,Q06124_p,0.10664113300401142
Q9Y320,Q06124_p,0.051967211818511695
Q8N2S1,Q06124_p,0.05045700848509109
Q96LZ7,Q06124_p,0.18093574022998365
Q9BQ95,Q06124_p,0.21614837711222873
Q14194,Q06124_p,0.25415115792007426
Q9NXR7,Q06124_p,0.20661824362454856
Q8TBH0,Q06124_p,0.08749639190808874
Q9Y6Q5,Q06124_p,0.10675264410554745
Q92529,Q06124_p,0.4157205184579973
Q7Z4V0,Q06124_p,0.055365720613369585
Q5T6S3,Q06124_p,0.0847200968171907
Q96EP1,Q06124_p,0.19833770091223277
Q6UX41,Q06124_p,0.2062561991389178
Q7L5Y9,Q06124_p,0.23680314515565226
Q6ZUT9,Q06124_p,0.09608521197802405
Q5JTW2,Q06124_p,0.07709393480348646
Q08AE8,Q06124_p,0.11187288815995458
Q2M389,Q06124_p,0.11968504722474405
Q9BSW2,Q06124_p,0.14770608560370807
Q9UF11,Q06124_p,0.07382260655247222
Q92870,Q06124_p,0.2720415168157507
Q15714,Q06124_p,0.11665798900532587
Q9UBC3,Q06124_p,0.40234041846367824
Q9UH92,Q06124_p,0.11853696296458746
O60462,Q06124_p,0.15340573447350137
Q96BF3,Q06124_p,0.275095024497155
Q99490,Q06124_p,0.42508207252212593
Q96PQ1,Q06124_p,0.1860123171380122
Q9BRY0,Q06124_p,0.048053556422114216
Q9Y5G4,Q06124_p,0.05382031719338316
Q8WX94,Q06124_p,0.2520070444974745
Q9H939,Q06124_p,0.1859175554233164
Q9BTC8,Q06124_p,0.07997449585163999
Q99706,Q06124_p,0.2199101458909277
Q684P5,Q06124_p,0.19066775578399422
Q08AD1,Q06124_p,0.15547567762450804
Q9NNX6,Q06124_p,0.5471844256984495
Q9BV36,Q06124_p,0.31549833350167933
Q7Z4V5,Q06124_p,0.08543077705800434
Q16891,Q06124_p,0.057044351707004795
Q9H8M2,Q06124_p,0.11876262808313971
Q9H8M5,Q06124_p,0.4607412909882386
Q96PV0,Q06124_p,0.4390241608256268
Q13356,Q06124_p,0.1147297555568378
Q9BY66,Q06124_p,0.19926852814956167
Q9Y4F9,Q06124_p,0.22633578838873963
Q53GG5,Q06124_p,0.288462385069234
Q96BI3,Q06124_p,0.055790620595358706
Q53GS7,Q06124_p,0.07922361214360321
Q9NXN4,Q06124_p,0.1915906256996988
Q9BXN2,Q06124_p,0.39951150628817367
Q8WWW0,Q06124_p,0.7114381504583098
Q96NW7,Q06124_p,0.384139086414449
Q15858,Q06124_p,0.29336814998452054
Q86Y39,Q06124_p,0.043161891707179746
Q8N2F6,Q06124_p,0.15766813103871485
Q13554,Q06124_p,0.6801804787926639
Q9UL54,Q06124_p,0.5175990312313841
Q9UM54,Q06124_p,0.6476646797243114
Q9Y277,Q06124_p,0.1836954136849785
Q86TW2,Q06124_p,0.05544696008117937
Q6K0P9,Q06124_p,0.21986488759091452
Q8TCY9,Q06124_p,0.10675731823293996
Q12986,Q06124_p,0.10018956075222234
Q27J81,Q06124_p,0.4802614815807463
Q9BZA7,Q06124_p,0.09838182624774108
Q6UX73,Q06124_p,0.04667773017540945
Q9UPQ9,Q06124_p,0.20682205584305263
Q9UHC3,Q06124_p,0.07813697089950349
Q8N9R8,Q06124_p,0.16301395490835077
Q9BV68,Q06124_p,0.19432229973857765
Q6ZN19,Q06124_p,0.046538553035501105
Q7Z6G8,Q06124_p,0.2815169083239244
Q6UXY1,Q06124_p,0.12558461276894956
Q96G01,Q06124_p,0.10241630398576389
Q68D91,Q06124_p,0.06806606176100316
Q9BXI9,Q06124_p,0.10515163082215877
Q58EX2,Q06124_p,0.09658143456251057
Q8N3X6,Q06124_p,0.07754238411552947
Q14168,Q06124_p,0.24254827382322935
Q96H55,Q06124_p,0.19566717281751597
Q9H7R5,Q06124_p,0.04836408027103471
Q8IUH3,Q06124_p,0.12092564835575086
Q9BT67,Q06124_p,0.19638152983317017
Q16720,Q06124_p,0.11313946053379913
Q8N9N2,Q06124_p,0.06864997397072348
Q9NV96,Q06124_p,0.07841044289275803
Q8IXI2,Q06124_p,0.33153461732809586
Q9UPY8,Q06124_p,0.3466021206415164
Q86UW7,Q06124_p,0.12723064531009126
Q92896,Q06124_p,0.06275206780596951
Q13362,Q06124_p,0.5539516966518458
Q15973,Q06124_p,0.045820712245626435
Q9UKB1,Q06124_p,0.5532567202299036
Q12829,Q06124_p,0.10564578270352962
Q2M218,Q06124_p,0.046790757187771016
Q15165,Q06124_p,0.05029229397284447
Q08188,Q06124_p,0.06437969760361702
Q15369,Q06124_p,0.5204865604793592
Q2VWP7,Q06124_p,0.06857379420544421
Q13011,Q06124_p,0.04911207747186421
Q13724,Q06124_p,0.051250543057796874
Q14296,Q06124_p,0.0420356441434072
Q14568,Q06124_p,0.5339864795819314
Q14563,Q06124_p,0.08757389577667837
Q15181,Q06124_p,0.14223275172083938
Q14584,Q06124_p,0.04696422401898551
Q14587,Q06124_p,0.04770883272647501
Q14582,Q06124_p,0.12908726186628947
Q14588,Q06124_p,0.048768155910520986
Q2TAY7,Q06124_p,0.31855173510114904
Q32M45,Q06124_p,0.07357209974441414
Q2QGD7,Q06124_p,0.049429753332417795
Q02878,Q06124_p,0.07267717926752562
Q14106,Q06124_p,0.2002271228578684
Q17RS7,Q06124_p,0.11720632263919181
Q16851,Q06124_p,0.15456122008163187
Q16527,Q06124_p,0.1337998235574042
Q14746,Q06124_p,0.07903879843679854
Q14032,Q06124_p,0.05131209420501578
Q14749,Q06124_p,0.06370359967782893
Q15760,Q06124_p,0.05761789066817889
Q15768,Q06124_p,0.27472619289635564
Q13342,Q06124_p,0.30119756112171414
Q13349,Q06124_p,0.38065044629697203
Q14964,Q06124_p,0.18855326212994258
Q13643,Q06124_p,0.41575889820299794
Q13641,Q06124_p,0.12677664011185535
Q3LXA3,Q06124_p,0.11165913609729498
Q14CS0,Q06124_p,0.0636995452560109
Q03989,Q06124_p,0.055460529170295335
Q13823,Q06124_p,0.054272190115971584
Q08623,Q06124_p,0.06445478599257398
Q08ER8,Q06124_p,0.04633231099186541
Q15173,Q06124_p,0.41255643402275854
Q15375,Q06124_p,0.4392338846365133
Q3KP66,Q06124_p,0.08118487058073928
Q13003,Q06124_p,0.11055692064250167
Q13009,Q06124_p,0.6193156015600751
Q14353,Q06124_p,0.29417472445324205
Q15198,Q06124_p,0.10686279783480086
Q147X3,Q06124_p,0.2151702935499978
Q09028,Q06124_p,0.24092924336192753
Q06787,Q06124_p,0.22260992681073302
Q13137,Q06124_p,0.6904607388613403
Q3B8N2,Q06124_p,0.15672698922387102
Q14139,Q06124_p,0.11867170885517128
Q14642,Q06124_p,0.42582930209416076
Q16518,Q06124_p,0.08924443920997653
Q14002,Q06124_p,0.04396534190791873
Q14003,Q06124_p,0.10381265542124607
Q2TAZ0,Q06124_p,0.13850787765045708
Q15771,Q06124_p,0.15017763882738852
Q14914,Q06124_p,0.055238764874072185
Q16644,Q06124_p,0.42862552720071107
Q13740,Q06124_p,0.49391055828529595
Q16082,Q06124_p,0.4709018297404238
Q10589,Q06124_p,0.3862044725653728
Q13698,Q06124_p,0.48885697071075257
Q3MIX3,Q06124_p,0.057880601024222364
Q12980,Q06124_p,0.09444961052924047
Q08380,Q06124_p,0.2067419318868844
Q13103,Q06124_p,0.042839783132561315
Q13105,Q06124_p,0.107331066820839
Q13107,Q06124_p,0.24919773300851675
Q14123,Q06124_p,0.4557486679451829
Q14651,Q06124_p,0.1652505585836249
Q14654,Q06124_p,0.41282447954757046
Q13216,Q06124_p,0.17744076421896465
Q16873,Q06124_p,0.07028316663386255
Q16877,Q06124_p,0.2511967449139471
Q13219,Q06124_p,0.05640581218859246
Q13368,Q06124_p,0.30848581321480284
Q12766,Q06124_p,0.08637239064032523
Q12768,Q06124_p,0.3018614030083294
Q16653,Q06124_p,0.07780371334038452
Q15699,Q06124_p,0.10498483863370386
Q16655,Q06124_p,0.20133740396911884
Q2M3W8,Q06124_p,0.046816572505352726
Q15697,Q06124_p,0.04944470779550782
Q17RG1,Q06124_p,0.07781675656348007
Q03431,Q06124_p,0.09383414494024256
Q3SYG4,Q06124_p,0.07778151023841981
Q15528,Q06124_p,0.0788375531758885
Q14832,Q06124_p,0.20796987875136655
Q3SXY8,Q06124_p,0.31243053558525635
Q15238,Q06124_p,0.04918682861635461
Q06136,Q06124_p,0.04961190566778885
Q13683,Q06124_p,0.19804706671392416
Q12882,Q06124_p,0.15476417690862648
Q12884,Q06124_p,0.178104013786707
Q12979,Q06124_p,0.40791526526405136
Q12974,Q06124_p,0.6513091408819852
Q32P28,Q06124_p,0.06871230848500341
Q24JQ0,Q06124_p,0.04647743110613413
Q16650,Q06124_p,0.24945429612870926
Q14331,Q06124_p,0.12278741498789296
Q0VAK6,Q06124_p,0.1449908696055912
Q08397,Q06124_p,0.05137370870133939
Q13117,Q06124_p,0.052814386067732665
Q13115,Q06124_p,0.3833329447750032
Q13114,Q06124_p,0.6836913795012984
Q13113,Q06124_p,0.11411105109255608
Q14246,Q06124_p,0.11919970010061709
Q14240,Q06124_p,0.11854170232758561
Q16798,Q06124_p,0.07775977198955877
Q16401,Q06124_p,0.15580891960760365
Q16222,Q06124_p,0.08101202763210637
Q2M3V2,Q06124_p,0.09484079490416973
Q15024,Q06124_p,0.05158326860060145
Q2KJY2,Q06124_p,0.1376997474456101
Q16134,Q06124_p,0.054104936406875116
Q03154,Q06124_p,0.24459154283529702
Q15532,Q06124_p,0.3141649642100966
Q13564,Q06124_p,0.488339673503399
Q07092,Q06124_p,0.051486041166179296
Q13332,Q06124_p,0.3905581931368139
Q03395,Q06124_p,0.21653875966416444
Q12899,Q06124_p,0.3122710646536375
Q07890,Q06124_p,0.7493191460306545
Q12894,Q06124_p,0.060740004994203636
Q15327,Q06124_p,0.08334110124074916
Q3KQZ1,Q06124_p,0.050434794983281996
Q2TBC4,Q06124_p,0.36832122972143455
Q12967,Q06124_p,0.5747339066929735
Q12962,Q06124_p,0.07016715321131586
Q24JP5,Q06124_p,0.05332754241546182
Q15038,Q06124_p,0.09738396176879102
Q15034,Q06124_p,0.2517098146480183
Q15035,Q06124_p,0.04974841281283605
Q15031,Q06124_p,0.05531051954275475
Q14320,Q06124_p,0.05531638431508906
Q13162,Q06124_p,0.05813714365025119
Q0VAF6,Q06124_p,0.06679044907165468
Q15818,Q06124_p,0.05204077493616506
Q15819,Q06124_p,0.3973934180926791
Q04656,Q06124_p,0.13193813228192733
Q05707,Q06124_p,0.07412454272420367
Q14257,Q06124_p,0.05146356982020369
Q17RW2,Q06124_p,0.047649412588570535
Q14781,Q06124_p,0.258291624578587
Q2TB90,Q06124_p,0.15435221728465098
Q13308,Q06124_p,0.38498185438186466
Q14679,Q06124_p,0.05900109468724597
Q12788,Q06124_p,0.06009721209667198
Q2NL82,Q06124_p,0.0724533211897791
Q96JW4,Q06124_p,0.08874362610850865
Q15782,Q06124_p,0.15020036057055314
Q15784,Q06124_p,0.15983735820839098
Q13574,Q06124_p,0.41363811984324694
Q13576,Q06124_p,0.44252215671796247
Q13571,Q06124_p,0.06050456989181615
Q13423,Q06124_p,0.10876739349723694
Q15257,Q06124_p,0.28678001515434104
Q15075,Q06124_p,0.21730734354544845
Q3T906,Q06124_p,0.06094569705010701
Q15334,Q06124_p,0.5857815062816741
Q13951,Q06124_p,0.5845975470174153
Q13795,Q06124_p,0.14624360538512232
Q149M9,Q06124_p,0.2415057522560448
Q2M2E5,Q06124_p,0.0333850280798632
Q3I5F7,Q06124_p,0.05030291308669441
Q05BV3,Q06124_p,0.07167018219766015
Q15800,Q06124_p,0.04985267126941827
Q14449,Q06124_p,0.44146547053264795
Q05516,Q06124_p,0.20471852798408913
Q16774,Q06124_p,0.4142682468342084
Q0VAQ4,Q06124_p,0.05475127450932993
Q13405,Q06124_p,0.046940237205416666
Q13404,Q06124_p,0.38679064694399456
Q2M3T9,Q06124_p,0.05244258826988091
Q06418,Q06124_p,0.418667771553074
Q2M1Z3,Q06124_p,0.07694839685272377
Q14CN4,Q06124_p,0.05203850718188685
Q08828,Q06124_p,0.33186903596656636
Q07075,Q06124_p,0.14743780092426578
Q15306,Q06124_p,0.33282911469125004
Q12946,Q06124_p,0.09454756886713245
Q2KHN1,Q06124_p,0.3874182259081961
Q13630,Q06124_p,0.10830073667441131
Q13148,Q06124_p,0.15319070149078998
Q13145,Q06124_p,0.08193531926743967
Q15907,Q06124_p,0.5373263786102679
Q02962,Q06124_p,0.14609188451109564
Q13325,Q06124_p,0.4971670008987707
Q2TAA2,Q06124_p,0.05845043389957898
Q14697,Q06124_p,0.04816235147000954
Q15493,Q06124_p,0.254284042076406
Q16695,Q06124_p,0.5340071620105141
Q13432,Q06124_p,0.4124980907326271
Q13433,Q06124_p,0.06533136426568234
Q14CM0,Q06124_p,0.44456071114731505
Q3KNV8,Q06124_p,0.38987370078897354
Q13885,Q06124_p,0.37876830260338046
Q13889,Q06124_p,0.057438891122493715
Q03169,Q06124_p,0.1925210529842645
Q12934,Q06124_p,0.14670643361115648
Q15006,Q06124_p,0.09605572295274925
Q15008,Q06124_p,0.12134280565397493
Q12849,Q06124_p,0.050833944446273004
Q12840,Q06124_p,0.46319719187106456
Q32NB8,Q06124_p,0.051970796422987686
Q03936,Q06124_p,0.05153431990258199
Q08117,Q06124_p,0.15541895204385967
Q0VAA2,Q06124_p,0.19006956157757268
Q0VAA5,Q06124_p,0.053292600659522085
Q13155,Q06124_p,0.09346320661646626
Q05195,Q06124_p,0.13302690399423606
Q14190,Q06124_p,0.19101484554925868
Q14197,Q06124_p,0.04350585391010537
Q14195,Q06124_p,0.2286534523287609
Q14201,Q06124_p,0.05190594795181371
Q2NKX8,Q06124_p,0.252522992372053
Q2NKX9,Q06124_p,0.07750673699196808
Q2NKJ3,Q06124_p,0.08306295184489025
Q13084,Q06124_p,0.04656261325634383
Q04756,Q06124_p,0.055862471898520595
Q2M2I5,Q06124_p,0.07652496090771045
Q02978,Q06124_p,0.05356526688185335
Q2M2I3,Q06124_p,0.09949917982814946
Q13422,Q06124_p,0.2895663473933282
Q06278,Q06124_p,0.1470335968951873
Q16772,Q06124_p,0.1382527609779209
Q16775,Q06124_p,0.05707909313891376
Q16777,Q06124_p,0.10081520755874174
Q16778,Q06124_p,0.0921979385696962
Q15262,Q06124_p,0.23893394921995648
Q14CZ7,Q06124_p,0.04889937332227182
Q14993,Q06124_p,0.04751722658926992
Q13634,Q06124_p,0.09491060638487017
Q13635,Q06124_p,0.49270765963133173
Q14146,Q06124_p,0.054643385809968456
Q15072,Q06124_p,0.05213682769822862
Q2VY69,Q06124_p,0.047068923374720385
Q149N8,Q06124_p,0.08952293620221305
Q15102,Q06124_p,0.10518419836907526
Q309B1,Q06124_p,0.34141650818931546
Q3LI64,Q06124_p,0.03272965771301669
Q07837,Q06124_p,0.0678542207497297
Q14183,Q06124_p,0.1364374026559229
Q04760,Q06124_p,0.14129657311287674
Q08357,Q06124_p,0.07025474918499351
Q14507,Q06124_p,0.0474667239907221
Q14721,Q06124_p,0.12910486744024313
Q15672,Q06124_p,0.15184173187550157
Q16342,Q06124_p,0.10202738717239294
Q30201,Q06124_p,0.3014136224112409
Q16585,Q06124_p,0.2129997273794888
Q3SY84,Q06124_p,0.050100397658475536
Q16762,Q06124_p,0.08098898815092288
Q15293,Q06124_p,0.049735012630121506
Q13621,Q06124_p,0.46549945588890934
Q04828,Q06124_p,0.07033300544919205
Q1W6H9,Q06124_p,0.2790658273849943
Q12912,Q06124_p,0.159100422374577
Q12913,Q06124_p,0.21721910510511364
Q03923,Q06124_p,0.04746206971939339
Q15063,Q06124_p,0.05963131070767108
Q09MP3,Q06124_p,0.048395079143406065
Q12860,Q06124_p,0.08679449972181522
Q15111,Q06124_p,0.3629363589161369
Q15113,Q06124_p,0.04752492997599118
Q08462,Q06124_p,0.30031068744120704
Q04771,Q06124_p,0.34576514643197215
Q05084,Q06124_p,0.17291184832090511
Q15843,Q06124_p,0.569103211483184
Q15155,Q06124_p,0.06927028364901475
Q14533,Q06124_p,0.04979702901241806
Q14534,Q06124_p,0.05635493881285669
Q29983,Q06124_p,0.14060965314411839
Q2PZI1,Q06124_p,0.0450886239819929
Q13449,Q06124_p,0.19770950606809384
Q0D2K5,Q06124_p,0.14234062722560128
Q16572,Q06124_p,0.07285186602166627
Q16394,Q06124_p,0.09933881600391761
Q13505,Q06124_p,0.07269122597306163
Q3KNS1,Q06124_p,0.05241379442623777
Q16719,Q06124_p,0.09658750666621616
Q14CX7,Q06124_p,0.1042797083753982
Q06520,Q06124_p,0.07344665525536412
Q15286,Q06124_p,0.5592173405885227
Q13616,Q06124_p,0.6781419274048975
Q16620,Q06124_p,0.5137366767125432
Q06455,Q06124_p,0.1306133858415325
Q3MJ13,Q06124_p,0.18148546474373384
Q16143,Q06124_p,0.17921140867690782
Q12907,Q06124_p,0.05187336789199439
Q32P51,Q06124_p,0.10624414259839676
Q3KR16,Q06124_p,0.11616231730398514
Q14D04,Q06124_p,0.11391526358552333
Q0P6D6,Q06124_p,0.055439744521761224
Q3B7T1,Q06124_p,0.06328951072140653
Q15120,Q06124_p,0.051785365041444945
Q15124,Q06124_p,0.08867966702820744
Q15126,Q06124_p,0.2008373679812984
Q14232,Q06124_p,0.0989361876886049
Q1L5Z9,Q06124_p,0.2356727913902154
Q08257,Q06124_p,0.04799547262745824
Q32MK0,Q06124_p,0.5305043358521878
Q14094,Q06124_p,0.12826060442631465
Q14526,Q06124_p,0.0884792177331597
Q14520,Q06124_p,0.0630952560587836
Q14145,Q06124_p,0.6110591413179277
Q14410,Q06124_p,0.06726698471391461
Q15612,Q06124_p,0.03319130512037202
Q15878,Q06124_p,0.3771597503975117
Q13478,Q06124_p,0.3925632525420649
Q13275,Q06124_p,0.07740854044798488
Q16363,Q06124_p,0.16890844132903943
Q38SD2,Q06124_p,0.5583135082904016
Q13278,Q06124_p,0.04334780172878499
Q16563,Q06124_p,0.09727927219362979
Q16348,Q06124_p,0.050953446996946115
Q16706,Q06124_p,0.04894825504619037
Q15437,Q06124_p,0.1257686955860864
Q06330,Q06124_p,0.6984186263120236
Q0VDF9,Q06124_p,0.14098781638839292
Q2M3C7,Q06124_p,0.09189152543250818
Q0P651,Q06124_p,0.050859831411099135
Q03013,Q06124_p,0.07577700788421872
Q07001,Q06124_p,0.054812539557491345
Q15049,Q06124_p,0.041759418088327074
Q15043,Q06124_p,0.04870385709010329
Q15040,Q06124_p,0.08041365106842327
Q12800,Q06124_p,0.14639524182315716
Q13867,Q06124_p,0.13406614334116473
Q09428,Q06124_p,0.2132579600237705
Q05932,Q06124_p,0.05870884503926227
Q33E94,Q06124_p,0.33084238150559153
Q14554,Q06124_p,0.049338011719048024
Q14392,Q06124_p,0.06700241790686277
Q14393,Q06124_p,0.05389310125891568
Q13099,Q06124_p,0.19658661971288555
Q13467,Q06124_p,0.10442860717487565
Q16822,Q06124_p,0.06546728190186843
Q16825,Q06124_p,0.26161513260811664
Q16827,Q06124_p,0.10819824952868298
Q15738,Q06124_p,0.05728667333143293
Q14112,Q06124_p,0.08284165728149277
Q13670,Q06124_p,0.28646570861090787
Q14957,Q06124_p,0.46445646026731335
Q14953,Q06124_p,0.21709682993760354
Q16600,Q06124_p,0.04771140882913358
Q2Y0W8,Q06124_p,0.05161187187640605
Q2HXU8,Q06124_p,0.2665077621978268
Q2YD98,Q06124_p,0.05614811511656256
Q06495,Q06124_p,0.09946185576927395
Q06945,Q06124_p,0.12057421879673098
Q13702,Q06124_p,0.4791310387447168
Q06546,Q06124_p,0.25990644516718886
Q03518,Q06124_p,0.1317221258910409
Q15386,Q06124_p,0.11699391463821225
Q08431,Q06124_p,0.12450433292305403
Q15382,Q06124_p,0.5608950290200294
Q10472,Q06124_p,0.04663669295239887
Q15389,Q06124_p,0.15462176424649965
Q10713,Q06124_p,0.05098810065303253
Q09328,Q06124_p,0.05316218719963976
Q13070,Q06124_p,0.04475832742152307
Q0IIM8,Q06124_p,0.07437281206629362
Q14761,Q06124_p,0.24012009560638745
Q14165,Q06124_p,0.07648383613983198
Q15631,Q06124_p,0.08160865595409247
Q15633,Q06124_p,0.08080817687341134
Q16836,Q06124_p,0.0551476075145265
Q16831,Q06124_p,0.1478892760116866
Q16540,Q06124_p,0.051921721196204994
Q15573,Q06124_p,0.10723415616747642
Q32MQ0,Q06124_p,0.06255490334712628
Q08AH1,Q06124_p,0.04743961837036824
Q08AH3,Q06124_p,0.04734126741893363
Q17RC7,Q06124_p,0.17534920118734001
Q16611,Q06124_p,0.16837395297785226
Q15562,Q06124_p,0.19118007344123733
Q07973,Q06124_p,0.08609864425578918
Q08AF3,Q06124_p,0.3218620336958586
P0DX52,Q06124_p,0.18817189354852318
Q15393,Q06124_p,0.09673340781030683
Q15397,Q06124_p,0.05430274214091617
Q1RMZ1,Q06124_p,0.0755388325184551
Q13939,Q06124_p,0.37303747072868443
Q2WGJ9,Q06124_p,0.1287390310981676
Q13064,Q06124_p,0.08292307342532776
Q13069,Q06124_p,0.04928955369580891
Q14574,Q06124_p,0.3411269313563131
Q14576,Q06124_p,0.12857808404953458
Q14376,Q06124_p,0.1839917600428202
Q13395,Q06124_p,0.07296793755562912
Q13394,Q06124_p,0.3601311119150984
Q0GE19,Q06124_p,0.0703345760833308
Q14CZ8,Q06124_p,0.12125729997304202
Q2TBE0,Q06124_p,0.051339013211126674
Q3BBV0,Q06124_p,0.07358767380426934
Q3BBV2,Q06124_p,0.052205795976376757
Q14116,Q06124_p,0.5263407300659343
Q14114,Q06124_p,0.12049881832678941
Q15628,Q06124_p,0.6286160653766042
Q16842,Q06124_p,0.0529651083164208
Q16849,Q06124_p,0.17167795686361897
Q16531,Q06124_p,0.14994107232499354
Q16537,Q06124_p,0.40660624660981615
Q1ED39,Q06124_p,0.048547340155368116
Q16280,Q06124_p,0.12998561226598684
Q16281,Q06124_p,0.07981934688914794
Q16445,Q06124_p,0.08123819278664977
Q0VG99,Q06124_p,0.12951184921548334
Q12756,Q06124_p,0.43381879527389416
Q3SY69,Q06124_p,0.06251068607400395
Q17RB8,Q06124_p,0.23845103814015328
Q49A88,Q06124_p,0.10161197509385414
Q4VXU2,Q06124_p,0.11583636869180554
Q4UJ75,Q06124_p,0.0891054274097682
Q69YN4,Q06124_p,0.05989218460217179
Q587J7,Q06124_p,0.08758297105846806
Q53ET0,Q06124_p,0.4940439760583004
Q5VWT5,Q06124_p,0.19588607680336395
Q5VU65,Q06124_p,0.04751869392279024
Q5W111,Q06124_p,0.13115055563803774
Q6NX49,Q06124_p,0.0466063032788237
Q5MNZ9,Q06124_p,0.1970010947429299
Q5MNZ6,Q06124_p,0.13588125987201402
Q5CZA5,Q06124_p,0.04789139938558089
Q5HY64,Q06124_p,0.03401140779604593
Q5SNT2,Q06124_p,0.08898015723949966
Q66K74,Q06124_p,0.3033004562562495
Q6NT46,Q06124_p,0.044812354150379714
Q5T9C9,Q06124_p,0.5925174758024625
Q4LDG9,Q06124_p,0.2101004107308219
Q641Q3,Q06124_p,0.050465085555813596
Q69YN2,Q06124_p,0.09909876025308098
Q6FI13,Q06124_p,0.10383424193099075
Q9HBM0,Q06124_p,0.16436327399236375
Q5JST6,Q06124_p,0.22415543128321383
Q6IF00,Q06124_p,0.17634401106628927
Q5RKV6,Q06124_p,0.051461464563793545
Q6AI12,Q06124_p,0.250780448447333
Q5T6X5,Q06124_p,0.5012266497967287
Q6IA17,Q06124_p,0.3562879069037491
Q587I9,Q06124_p,0.04338339852447119
Q5VUG0,Q06124_p,0.0803143439729532
Q49AH0,Q06124_p,0.05313765920369588
Q5VU57,Q06124_p,0.09556030435466616
Q5U5X8,Q06124_p,0.07997856002946922
Q6IQ19,Q06124_p,0.059729123249842545
Q5BKT4,Q06124_p,0.046155320471575924
Q6IV72,Q06124_p,0.051364712824762605
Q5VSG8,Q06124_p,0.05349278069041533
Q4V326,Q06124_p,0.044279847686169924
Q4L235,Q06124_p,0.06666930379827998
Q6AWC2,Q06124_p,0.31445294200563795
Q5T8A7,Q06124_p,0.048657368513240595
Q5SYC1,Q06124_p,0.051955153591746274
Q5NUL3,Q06124_p,0.06246456530163099
Q5M8T2,Q06124_p,0.05164155920570225
Q5SY16,Q06124_p,0.07426541470248889
Q6F5E8,Q06124_p,0.22958270732349823
Q5VZM2,Q06124_p,0.33396956408464584
Q6N021,Q06124_p,0.1944384064144597
Q5VY43,Q06124_p,0.10163228257620735
Q68D06,Q06124_p,0.3257894914062438
Q5TC63,Q06124_p,0.2077024253022223
Q5KSL6,Q06124_p,0.058058814885414735
Q5TAH2,Q06124_p,0.053433592425177014
Q4VX76,Q06124_p,0.33757839169805326
Q5TEJ8,Q06124_p,0.309584129745122
Q63HM1,Q06124_p,0.053964048201191786
Q68DK7,Q06124_p,0.06430186948327996
Q68DK2,Q06124_p,0.0814965435440817
Q5THR3,Q06124_p,0.2756626035022792
Q6P1Q9,Q06124_p,0.05702021470895104
Q5SRD1,Q06124_p,0.06931522999585683
Q495M3,Q06124_p,0.09083640276821339
Q53G59,Q06124_p,0.6697944384585494
Q6NXR4,Q06124_p,0.077345050838559
Q5T5S1,Q06124_p,0.053311824254466476
Q5XPI4,Q06124_p,0.20059604224772642
Q53GL0,Q06124_p,0.4899992754770069
Q53RT3,Q06124_p,0.208177084456146
Q6AI14,Q06124_p,0.07384360598837707
Q92729,Q06124_p,0.18597144054103307
Q9UHD1,Q06124_p,0.25023014512135144
Q53QZ3,Q06124_p,0.12337293746399644
Q6NUN0,Q06124_p,0.04639504474026909
Q6NUN7,Q06124_p,0.0882665338123324
Q6NUN9,Q06124_p,0.0650513100656879
Q5VZ18,Q06124_p,0.38343513810193064
Q4G0S4,Q06124_p,0.0683714321036448
Q5HYA8,Q06124_p,0.08012739756732813
Q6NV74,Q06124_p,0.07923458825125626
Q5UAW9,Q06124_p,0.05180727352766096
Q96ME7,Q06124_p,0.049979534721665636
Q5T0Z8,Q06124_p,0.11673176523053992
Q5T481,Q06124_p,0.05107086718568442
Q6MZM0,Q06124_p,0.08481354826323641
Q53GQ0,Q06124_p,0.050042913369276985
Q53F19,Q06124_p,0.05829864290478387
Q5JVL4,Q06124_p,0.3438942144356368
Q5H9I0,Q06124_p,0.1362698345803746
Q658N2,Q06124_p,0.04229317720337381
Q674X7,Q06124_p,0.24713550335413365
Q5JTZ5,Q06124_p,0.05097878121163344
Q5T2T1,Q06124_p,0.1775677273171696
Q495B1,Q06124_p,0.36347620032993855
Q4G176,Q06124_p,0.06460791148422071
Q5U5Z8,Q06124_p,0.11339834201713428
Q5T2R2,Q06124_p,0.06760150349691348
Q6IQ32,Q06124_p,0.06389000829956659
Q5T0F9,Q06124_p,0.16540020782108722
Q6P1L8,Q06124_p,0.05015177023444286
Q5TEA6,Q06124_p,0.04893962746111459
Q5VW32,Q06124_p,0.15194912707754132
Q6AI08,Q06124_p,0.18476590224022837
Q5RI15,Q06124_p,0.033653888149461374
Q9NRE2,Q06124_p,0.06441744596407246
Q6IS14,Q06124_p,0.06538688748983486
Q4ADV7,Q06124_p,0.12105426709436715
Q5TF58,Q06124_p,0.24902819336050705
Q6ECI4,Q06124_p,0.046216850097746495
Q53H12,Q06124_p,0.07963775380146657
Q5HY92,Q06124_p,0.06320759195665446
Q53T59,Q06124_p,0.20351980401347158
Q6NS38,Q06124_p,0.07800804676505006
Q5VUD6,Q06124_p,0.04953373708823847
Q5VWX1,Q06124_p,0.13285252611150672
Q6NXT1,Q06124_p,0.21577291809104243
Q6NXT6,Q06124_p,0.05126830702510928
Q495A1,Q06124_p,0.335779507947819
Q6NZ67,Q06124_p,0.06356075235964675
Q5T2Q4,Q06124_p,0.07863911135858329
Q6P1M9,Q06124_p,0.04785650955232315
Q6P1M0,Q06124_p,0.04704455473678545
Q6NTF9,Q06124_p,0.04688049475076374
Q5T9G4,Q06124_p,0.07933568232363795
Q3ZCW2,Q06124_p,0.09781095727505279
Q5JV73,Q06124_p,0.08054020619492236
Q5VZP5,Q06124_p,0.19541159662466576
Q5VTD9,Q06124_p,0.3285429126201827
Q496A3,Q06124_p,0.047308573542206085
Q5TIE3,Q06124_p,0.055646454964449435
Q5XXA6,Q06124_p,0.08563442139794437
Q5GH73,Q06124_p,0.05000326918650485
Q53QV2,Q06124_p,0.2637270206314611
Q6NSW5,Q06124_p,0.06107436809912832
Q6FHJ7,Q06124_p,0.0774277128311998
Q6IEE7,Q06124_p,0.05552662513877558
Q5SRI9,Q06124_p,0.05069944748665174
Q658L1,Q06124_p,0.0467527852592011
Q68DH5,Q06124_p,0.09549806059428602
Q5JTZ9,Q06124_p,0.05062423695817383
Q9P266,Q06124_p,0.1657278015019596
Q5BKX6,Q06124_p,0.17836247314203718
Q07283,Q06124_p,0.047938345758924465
Q5VT97,Q06124_p,0.055394358753038705
Q5T1N1,Q06124_p,0.1044398656477757
Q8N960,Q06124_p,0.07701848930218609
Q5JSJ4,Q06124_p,0.06678660596546737
Q5VTE0,Q06124_p,0.1968363559216387
Q6NUM9,Q06124_p,0.06747706196708796
Q5VTE6,Q06124_p,0.07380056379914499
Q53T94,Q06124_p,0.06145297897382753
Q5JPH6,Q06124_p,0.04778341346914079
Q6N069,Q06124_p,0.12209890560181924
Q5D0E6,Q06124_p,0.05035989667199638
Q5K651,Q06124_p,0.252763131705657
Q66GS9,Q06124_p,0.14877098950453277
Q53QW1,Q06124_p,0.06639426470848887
Q49A26,Q06124_p,0.27825524279189096
Q5QJE6,Q06124_p,0.0544004694857142
Q504Y2,Q06124_p,0.06966916710702445
Q5QJ74,Q06124_p,0.3123053408371209
Q5T2W1,Q06124_p,0.578948387269868
Q58DX5,Q06124_p,0.32052155587319403
Q5JR59,Q06124_p,0.2513988635667861
Q4V9L6,Q06124_p,0.14311683356491012
Q56A73,Q06124_p,0.05469867074723008
Q5VTT5,Q06124_p,0.08444633111546054
Q4KMG0,Q06124_p,0.18061918554049738
Q58FF8,Q06124_p,0.24704182905769811
Q6A163,Q06124_p,0.0699463013439724
Q5JPI9,Q06124_p,0.055506687323271166
Q5JPF3,Q06124_p,0.05879415072627268
Q5SY80,Q06124_p,0.07306002313387953
Q5T447,Q06124_p,0.20171558938098574
Q5T4F4,Q06124_p,0.08138142485555183
Q5T4T6,Q06124_p,0.1686352068501499
Q5BJH7,Q06124_p,0.04657480772073715
Q6MZZ7,Q06124_p,0.15076440008934358
Q6IEG0,Q06124_p,0.05356056678931813
Q68CZ6,Q06124_p,0.082879443721547
Q5VWK5,Q06124_p,0.34906127600477826
Q5VUY2,Q06124_p,0.04795523964924643
Q4KMZ8,Q06124_p,0.050492777418981526
Q5SXH7,Q06124_p,0.22048580435397752
Q4ZG55,Q06124_p,0.132480693995007
Q5R372,Q06124_p,0.20674780550907013
Q58F21,Q06124_p,0.08823308110327457
Q4ZHG4,Q06124_p,0.052252247426862485
Q58FG0,Q06124_p,0.09135479481582336
Q6NUS8,Q06124_p,0.049863345727057015
Q5VW36,Q06124_p,0.052154072928394614
Q5VWW1,Q06124_p,0.05247821328782849
Q5H9S7,Q06124_p,0.12827952115101643
Q53HC0,Q06124_p,0.1503300711045124
Q53HC5,Q06124_p,0.24490208172621256
Q5FVE4,Q06124_p,0.049967504881974864
Q5FWE3,Q06124_p,0.048012089589833655
Q502W7,Q06124_p,0.05238633358199788
Q502W6,Q06124_p,0.12034998441286063
Q5QNW6,Q06124_p,0.09164764549453532
Q5VYX0,Q06124_p,0.07665247405668857
Q49AA0,Q06124_p,0.04693650630808428
Q567U6,Q06124_p,0.06154825016679968
Q5JQS6,Q06124_p,0.3953463071067892
Q6DN72,Q06124_p,0.21657107467353823
Q6IA86,Q06124_p,0.055053436598972424
Q5M9Q1,Q06124_p,0.052648959231249584
Q5TDP6,Q06124_p,0.13439649520553315
Q5W041,Q06124_p,0.17464412605698648
Q5T1Q4,Q06124_p,0.056725794884630254
Q5GAN3,Q06124_p,0.04950500632814535
Q5T5Y3,Q06124_p,0.4970844725255866
Q6IBW4,Q06124_p,0.08172588724206693
Q5VW22,Q06124_p,0.33989889572006865
Q68D51,Q06124_p,0.08066576207803242
Q6GMV2,Q06124_p,0.12708501293940683
Q6NSI4,Q06124_p,0.0760820022652141
Q5JQC9,Q06124_p,0.24685620979391235
Q5TB80,Q06124_p,0.2240569755981364
Q5VTJ3,Q06124_p,0.06749266581892624
Q6GPI1,Q06124_p,0.055460180616311305
Q494U1,Q06124_p,0.054577577719838996
Q5JVF3,Q06124_p,0.33529032751494137
Q5TH69,Q06124_p,0.06939473557081619
Q5TCQ9,Q06124_p,0.3483453456431481
Q6NUP7,Q06124_p,0.1986197824833587
Q5JY77,Q06124_p,0.05454657081374773
O60522,Q06124_p,0.0667377620350947
Q5VWQ0,Q06124_p,0.05598361408373731
Q5JXB2,Q06124_p,0.5601757363404344
Q5K4L6,Q06124_p,0.04703870193989339
Q5SSJ5,Q06124_p,0.0659521160842523
Q6NUQ4,Q06124_p,0.06353755545730336
Q496J9,Q06124_p,0.08229134628657411
Q5T1B0,Q06124_p,0.05463836276809588
Q52LW3,Q06124_p,0.2557539116961618
Q56UN5,Q06124_p,0.2142582918917973
Q6H8Q1,Q06124_p,0.2642110521304756
Q5VZK9,Q06124_p,0.5053016541215898
Q494V2,Q06124_p,0.05541316573081308
Q53EL9,Q06124_p,0.048032933708932184
Q5D1E8,Q06124_p,0.3000188053135927
Q5TH74,Q06124_p,0.052498232043226914
Q4G0A6,Q06124_p,0.10712006050930238
Q4KMQ2,Q06124_p,0.4362836368178654
Q4KMQ1,Q06124_p,0.5519449606583541
Q63HQ2,Q06124_p,0.07785896273366326
Q6I9Y2,Q06124_p,0.09680146931002932
Q53GD3,Q06124_p,0.12642040468046528
Q5TFE4,Q06124_p,0.07457246547578954
Q5JRC9,Q06124_p,0.04253370803649044
Q96AY4,Q06124_p,0.4480178742949411
Q3ZCQ3,Q06124_p,0.05318976201614117
Q3ZCQ8,Q06124_p,0.04758873380306304
Q68CZ1,Q06124_p,0.26340915922092933
Q6P2C8,Q06124_p,0.07728862037061171
Q5HYI8,Q06124_p,0.1616820025580792
Q6P2C0,Q06124_p,0.06441225083044881
Q5SWL7,Q06124_p,0.07915906245316766
Q68G74,Q06124_p,0.19525989997719206
Q496Y0,Q06124_p,0.2953592190499294
Q68D85,Q06124_p,0.18739745200409622
Q5TGY3,Q06124_p,0.12232566918469454
Q6DKI2,Q06124_p,0.1569553789949223
Q6DKI1,Q06124_p,0.047431872569797265
Q6DKI7,Q06124_p,0.13673235088975183
Q5U651,Q06124_p,0.3920509250318708
Q5W0A0,Q06124_p,0.04628575874342133
Q4VNC0,Q06124_p,0.051071453652818975
Q4AC99,Q06124_p,0.1278788912680914
Q6MZQ0,Q06124_p,0.45747982260087594
Q4AC94,Q06124_p,0.05921425863833544
Q5S007,Q06124_p,0.5816576663578481
Q567V2,Q06124_p,0.05720870988477964
Q5VSY0,Q06124_p,0.08765083958556429
Q6IC98,Q06124_p,0.05273178261566064
Q5SGD2,Q06124_p,0.05439689420648643
Q5FWF4,Q06124_p,0.13374083698819947
Q6J9G0,Q06124_p,0.42006007975769616
Q6IQ21,Q06124_p,0.048112357004108375
Q5QP82,Q06124_p,0.3270158780425761
Q5VTM2,Q06124_p,0.2801430160187245
Q5H9B9,Q06124_p,0.07438768157110691
Q68DU8,Q06124_p,0.6387475654781223
Q5T1R4,Q06124_p,0.12072464887220273
Q4FZB7,Q06124_p,0.07186207126065751
Q4J6C6,Q06124_p,0.23737004472663442
Q6IFG1,Q06124_p,0.03703071012655238
Q5SW24,Q06124_p,0.05444004449877783
Q53GT1,Q06124_p,0.27324360072250414
Q49B96,Q06124_p,0.04295085195022091
Q5VV17,Q06124_p,0.2905518783375231
Q5VUB5,Q06124_p,0.06334824790989833
Q5T5D7,Q06124_p,0.047977779725964356
Q4VNC1,Q06124_p,0.05209045844627423
Q3ZCM7,Q06124_p,0.37319096337031554
Q5HYK3,Q06124_p,0.05839946866636562
Q60I27,Q06124_p,0.0931243251804567
Q5SWX8,Q06124_p,0.05630502962407247
Q5T9A4,Q06124_p,0.07302711260568362
Q6NUT2,Q06124_p,0.045904687782770695
Q5NDL2,Q06124_p,0.07753795842133486
Q53R41,Q06124_p,0.048629188739227974
Q5TGI0,Q06124_p,0.04902407554148468
Q5VUJ5,Q06124_p,0.15545528700773562
Q5VUJ6,Q06124_p,0.33088311726858977
Q6GMR7,Q06124_p,0.08866633362349144
Q5H8A4,Q06124_p,0.046645582678124124
Q5XUX0,Q06124_p,0.3760660178623639
Q5MCW4,Q06124_p,0.04814336064225805
Q64LD2,Q06124_p,0.052452740112614124
Q53TN4,Q06124_p,0.059003379159314286
Q58FG1,Q06124_p,0.35627883365029855
Q5XKP0,Q06124_p,0.05062169352229832
Q68CK6,Q06124_p,0.047232805005307625
Q96SK2,Q06124_p,0.09339160213638417
Q5TGI4,Q06124_p,0.25772438374768786
Q5T2S8,Q06124_p,0.2758061345079767
Q66K64,Q06124_p,0.12910804639945833
Q66K66,Q06124_p,0.04310697385921852
Q4KWH8,Q06124_p,0.38615476417025096
Q6JQN1,Q06124_p,0.05071336179871856
Q6JBY9,Q06124_p,0.14702462023882723
Q5VZY2,Q06124_p,0.08636978817831688
Q68D10,Q06124_p,0.05675506105138249
Q6NUK1,Q06124_p,0.06399807371547114
Q49AG3,Q06124_p,0.1705348894065251
Q5SWA1,Q06124_p,0.18600323865077362
Q5H913,Q06124_p,0.0754197350298201
Q6NVH7,Q06124_p,0.05090822249092708
Q6ISB3,Q06124_p,0.18069210288198784
Q460N5,Q06124_p,0.4816507779059158
Q8TBF2,Q06124_p,0.0534036186763389
Q8N8L2,Q06124_p,0.045674217565240254
Q8NCG5,Q06124_p,0.09291890140241253
Q8N8Z6,Q06124_p,0.08958580912157725
Q8IY21,Q06124_p,0.18246734068000797
Q8N264,Q06124_p,0.3060165146430923
Q8NBI6,Q06124_p,0.04643892864850282
Q8NGC9,Q06124_p,0.033778930419240065
Q8N9B5,Q06124_p,0.5164206863930024
Q8NEM7,Q06124_p,0.09605971470359836
Q8TCZ2,Q06124_p,0.09936999554456132
Q8NFQ5,Q06124_p,0.0477399239432322
Q8N468,Q06124_p,0.033942322603193784
Q8WVK7,Q06124_p,0.11961635396050134
Q8TC76,Q06124_p,0.4517165188179055
Q8N3C7,Q06124_p,0.4321244110139075
Q8N3C0,Q06124_p,0.05406217345179672
Q8WUT4,Q06124_p,0.09583835212841009
Q8WUT9,Q06124_p,0.034001170453534686
Q8NI36,Q06124_p,0.061012620378544435
Q8IXQ5,Q06124_p,0.5464281680826557
Q8IXQ6,Q06124_p,0.3333583899717534
Q8NFM7,Q06124_p,0.2825554206260164
Q8IZM8,Q06124_p,0.05444209583946454
Q8NH41,Q06124_p,0.03253764191802774
Q8N7G0,Q06124_p,0.057013164391683344
Q8NDW4,Q06124_p,0.046912542616035294
Q8NDW8,Q06124_p,0.10780411220029233
Q8N1W2,Q06124_p,0.06072125297462214
Q8IUM7,Q06124_p,0.15535504905411096
Q8NHW5,Q06124_p,0.08443308597252923
Q8NHW3,Q06124_p,0.09040647642264114
Q8N5I2,Q06124_p,0.3603700926707828
Q8TDI0,Q06124_p,0.1045057747958027
Q8IYB7,Q06124_p,0.054432208744061114
Q8J025,Q06124_p,0.05542993492476396
Q8IVV2,Q06124_p,0.2416559558442685
Q8IVV7,Q06124_p,0.17749618822951607
Q8TAM2,Q06124_p,0.17919327497264972
Q8TAM1,Q06124_p,0.09025184262389904
Q8IZ07,Q06124_p,0.07577007412430947
Q8TAM6,Q06124_p,0.04800165463170546
Q8N2R0,Q06124_p,0.1507262813977237
Q8IYD1,Q06124_p,0.07547352253083389
Q8NGN0,Q06124_p,0.03577393990085005
Q8IYD8,Q06124_p,0.35798411605027064
Q8TE60,Q06124_p,0.05024968085059317
Q8NFP7,Q06124_p,0.05323330464663045
Q8WXH5,Q06124_p,0.4007235950092693
Q8N539,Q06124_p,0.05149327365294322
Q8NEN0,Q06124_p,0.3062165595963068
Q8WV16,Q06124_p,0.1415240916638451
Q8TD10,Q06124_p,0.15484214935928547
Q8N4N3,Q06124_p,0.34406303223314494
Q8WUW1,Q06124_p,0.10152220020828892
Q8NEP9,Q06124_p,0.04751864540665281
Q8NEP7,Q06124_p,0.1847949322878521
Q8NEP3,Q06124_p,0.17784186964204146
Q8TCU5,Q06124_p,0.09505295411725091
Q8TCU6,Q06124_p,0.6864682433120614
Q8WY21,Q06124_p,0.05189735014100342
Q8NCW5,Q06124_p,0.08378396366051058
Q8N5V2,Q06124_p,0.5328629129985807
Q8IZJ3,Q06124_p,0.06051477418052146
Q8IZJ1,Q06124_p,0.4455164208367809
Q8NG85,Q06124_p,0.03339952165312783
Q8NDV1,Q06124_p,0.04215593750917702
Q8IUL8,Q06124_p,0.06555544209055414
Q8N8J6,Q06124_p,0.047588721702235534
Q8IV01,Q06124_p,0.22351712774203944
Q8IXZ3,Q06124_p,0.105623285955648
Q8TD08,Q06124_p,0.2859713555154558
Q8NAC3,Q06124_p,0.09234688146292395
Q8WWQ8,Q06124_p,0.09405323475536487
Q8WWQ2,Q06124_p,0.12293728139052178
Q8N7U6,Q06124_p,0.05585225501090298
Q8NCN5,Q06124_p,0.04952485687652108
Q8N344,Q06124_p,0.07626559998935206
Q8TDZ2,Q06124_p,0.4626442342877941
Q8NBS9,Q06124_p,0.05738468953578355
Q8N6M0,Q06124_p,0.07749112349496105
Q8IVW4,Q06124_p,0.23306748224796886
Q8TCJ0,Q06124_p,0.13971280415766527
Q8TAB3,Q06124_p,0.2173819178428144
Q8N9N8,Q06124_p,0.0537672154921362
Q8IYK4,Q06124_p,0.05150254593726866
Q8N335,Q06124_p,0.4150152340131627
Q8N441,Q06124_p,0.04975981367131911
Q8WVE6,Q06124_p,0.12278095445532618
Q8WVE0,Q06124_p,0.05119001932381541
Q8NBF2,Q06124_p,0.056183817989774544
Q8TC12,Q06124_p,0.07471811455876903
Q8N6Q8,Q06124_p,0.068573616514377
Q8NEQ5,Q06124_p,0.059991351450473226
Q8NCA5,Q06124_p,0.08754614671294372
Q8NEM1,Q06124_p,0.04664764590159527
Q8N159,Q06124_p,0.05965087044834363
Q8N5W9,Q06124_p,0.05825470974450857
Q96BR9,Q06124_p,0.19090275007900873
Q8NDG6,Q06124_p,0.185874053488701
Q8IXS2,Q06124_p,0.05097553039214046
Q8IUK5,Q06124_p,0.09206134257707008
Q8NHU3,Q06124_p,0.05282713627658815
Q8NHU6,Q06124_p,0.12452955390007195
Q8NCH0,Q06124_p,0.04238444698797561
Q8WWP7,Q06124_p,0.04879965961589684
Q8WTR7,Q06124_p,0.06522126537953102
Q8WTR2,Q06124_p,0.523083102340706
Q8N0Z6,Q06124_p,0.38275683841940483
Q8N8W4,Q06124_p,0.049244393321668425
Q8IYT3,Q06124_p,0.12824708763884893
Q8N239,Q06124_p,0.15958169267109878
Q8IYT4,Q06124_p,0.0655075040175543
Q8IYT8,Q06124_p,0.5126483974918856
Q8TAC1,Q06124_p,0.2377174190782591
Q8IYJ3,Q06124_p,0.41050131421161107
Q8TB45,Q06124_p,0.6564234510981777
Q8N3F0,Q06124_p,0.05389100076781898
Q8NFD2,Q06124_p,0.5876191325959544
Q8TEY5,Q06124_p,0.1654470173989864
Q8N4L2,Q06124_p,0.5902132531099656
Q8N4L1,Q06124_p,0.07115853851972379
Q8TD30,Q06124_p,0.07472121979643861
Q8N6P7,Q06124_p,0.2600321500292041
Q8IW52,Q06124_p,0.055560606951232584
Q8NER1,Q06124_p,0.45610554082065863
Q8NCU8,Q06124_p,0.04568277221338278
Q8IXT1,Q06124_p,0.060274094161125835
Q8IXF0,Q06124_p,0.16420562522288734
Q8NG68,Q06124_p,0.6662895539486735
Q8IZF7,Q06124_p,0.04809682153611465
Q8IZF2,Q06124_p,0.3992451496796642
Q8N3Z0,Q06124_p,0.04719613523681909
Q8NA70,Q06124_p,0.0469187167511966
Q8NC67,Q06124_p,0.07514206598242171
Q8TBB1,Q06124_p,0.5694165396702182
Q8TBB6,Q06124_p,0.18345979027023232
Q8WXK1,Q06124_p,0.2180421898647253
Q8N5Z5,Q06124_p,0.3714310397037316
Q8ND83,Q06124_p,0.09245142807616295
Q8N7B1,Q06124_p,0.0697006239121852
Q8N7B9,Q06124_p,0.04752451418642101
Q8NE63,Q06124_p,0.33032057557818756
Q8NHB8,Q06124_p,0.03351578979594806
Q8WTS1,Q06124_p,0.052999995117738154
Q8TBP0,Q06124_p,0.07965908533727092
Q8N8V4,Q06124_p,0.10016481599253216
Q8N8V2,Q06124_p,0.14570377891994818
Q8N9I0,Q06124_p,0.26959835133920795
Q8NBE8,Q06124_p,0.24825495488158636
Q8TE57,Q06124_p,0.046814094101990326
Q8TCF1,Q06124_p,0.10362836059163741
Q8IX19,Q06124_p,0.19469772770229632
Q8IX18,Q06124_p,0.050957144893673756
Q8TE59,Q06124_p,0.046548715606306953
Q8TE58,Q06124_p,0.04700835403792307
Q8N319,Q06124_p,0.058208749645457955
Q8NFU7,Q06124_p,0.1232140417838354
Q8N635,Q06124_p,0.07739430043947487
Q8N3G9,Q06124_p,0.05090165172899828
Q8WVQ1,Q06124_p,0.14084193811192983
Q8NEA6,Q06124_p,0.17368287087317155
Q8N6S5,Q06124_p,0.03393391558352106
Q8TED0,Q06124_p,0.05198135314611228
Q8N9Z9,Q06124_p,0.16449327841107494
Q8N2Q7,Q06124_p,0.6564917000153314
Q8WUB2,Q06124_p,0.042521763988758725
Q8N883,Q06124_p,0.046938911353778937
Q8N884,Q06124_p,0.4358662328844022
Q8WXH2,Q06124_p,0.18121607415534646
Q8NHS3,Q06124_p,0.05102963684699006
Q8NHS9,Q06124_p,0.05870673097746718
Q8N7C7,Q06124_p,0.1258473429055109
Q8WWN9,Q06124_p,0.340976676834227
Q8N5M9,Q06124_p,0.04619311784901345
Q8N5M4,Q06124_p,0.1849885061920758
Q8NDY3,Q06124_p,0.0793133179569661
Q8NBZ0,Q06124_p,0.06299815045139447
Q8WYK0,Q06124_p,0.09530577395357283
Q8N8U2,Q06124_p,0.17305200398552317
Q8N567,Q06124_p,0.05532372675114049
Q8N6N7,Q06124_p,0.11030964789163929
Q8TCG2,Q06124_p,0.6263502133181779
Q8NI22,Q06124_p,0.056012755154202495
Q8TDQ0,Q06124_p,0.32119550430038607
Q8TDQ1,Q06124_p,0.2689852570617835
Q8TA86,Q06124_p,0.06110156567846907
Q8TF39,Q06124_p,0.046913305240015454
Q8N568,Q06124_p,0.586813727793263
Q8N565,Q06124_p,0.07916133388463478
Q8NEB9,Q06124_p,0.7079767029564251
Q8N766,Q06124_p,0.04750787473731262
Q8TEW6,Q06124_p,0.10321060565632037
Q8N587,Q06124_p,0.048089277345175194
Q8NET6,Q06124_p,0.042282112132032444
Q8NET5,Q06124_p,0.23996387394218416
Q8NGX2,Q06124_p,0.15789709896386908
Q8N103,Q06124_p,0.20988014627248636
Q8N7R7,Q06124_p,0.1264166162775725
Q8N1B4,Q06124_p,0.08903890870672661
Q8IZV5,Q06124_p,0.060605839971811584
Q8IUZ5,Q06124_p,0.06364435186844361
Q8NBJ4,Q06124_p,0.046933428938555545
Q8IWZ6,Q06124_p,0.08759403263723643
Q8IWZ5,Q06124_p,0.11767589571452756
Q8NB91,Q06124_p,0.12765651619716847
Q8IZD0,Q06124_p,0.18425625693132633
Q8IZD2,Q06124_p,0.08386492407068874
Q8IZD6,Q06124_p,0.054381878682522214
Q8IZD9,Q06124_p,0.4970319491296791
Q8IUH4,Q06124_p,0.046920908813900354
Q8NC42,Q06124_p,0.06831045666913399
Q8WXI2,Q06124_p,0.3841175003659771
Q8NHR7,Q06124_p,0.05030208263174755
Q8NCY6,Q06124_p,0.08145718288899219
Q8N5N7,Q06124_p,0.05023899824223399
Q8NDX1,Q06124_p,0.22843557103509196
Q8WU20,Q06124_p,0.2513408586431519
Q8IVY1,Q06124_p,0.06401110469240098
Q8IX30,Q06124_p,0.05313925759992623
Q8IY47,Q06124_p,0.26734279949711093
Q8IY45,Q06124_p,0.1982287055311226
Q8TF27,Q06124_p,0.31735522711059316
Q8TF21,Q06124_p,0.23973526282587726
Q8TF20,Q06124_p,0.04666746433970204
Q8N6C5,Q06124_p,0.1258547456860357
Q8N806,Q06124_p,0.07246689340865685
Q8TEB1,Q06124_p,0.15090712679519208
Q8NEU8,Q06124_p,0.24565802999413106
Q8TD43,Q06124_p,0.2335843981234315
Q8TEB9,Q06124_p,0.05830000171933153
Q8TD47,Q06124_p,0.05979993087764864
Q8N972,Q06124_p,0.04828302779801317
Q8N114,Q06124_p,0.21169404555680824
Q8N957,Q06124_p,0.19952466315686793
Q8IZW8,Q06124_p,0.4504174334507491
Q8IUY3,Q06124_p,0.04773229631376624
Q8N300,Q06124_p,0.26783120921280656
Q8NCJ5,Q06124_p,0.12466633433271372
Q8IUW5,Q06124_p,0.09416041934734073
Q8IXI1,Q06124_p,0.2882220845380976
Q8WXX7,Q06124_p,0.08605261843816649
Q8NEG5,Q06124_p,0.19271040138174061
Q8N3Y3,Q06124_p,0.046359019335433085
Q8N3Y1,Q06124_p,0.4249052552883185
Q8IWG1,Q06124_p,0.0975899815340189
Q8NI17,Q06124_p,0.3406625858655308
Q8NHQ1,Q06124_p,0.40074090628074277
Q8WWL2,Q06124_p,0.18271578996564405
Q8NA31,Q06124_p,0.22769123639785271
Q8IUE6,Q06124_p,0.10000457105888505
Q8IU57,Q06124_p,0.2911804345745407
Q8NGU4,Q06124_p,0.032790659764676856
Q8IYX4,Q06124_p,0.06267589676787665
Q8WWZ8,Q06124_p,0.05908277542940295
Q8WWZ7,Q06124_p,0.05070739501308126
Q8N2Z9,Q06124_p,0.14995955583623183
Q8NFV5,Q06124_p,0.05626547596320558
Q8NFV4,Q06124_p,0.052987780820975515
Q8WYK1,Q06124_p,0.11498059083113225
Q8TDS5,Q06124_p,0.054947767044514775
Q8TDS7,Q06124_p,0.05896839965106049
Q8WVL7,Q06124_p,0.07358620217788552
Q8TC90,Q06124_p,0.049926046228129434
Q8TEU8,Q06124_p,0.04986963338783023
Q8IYN0,Q06124_p,0.04680143049526104
Q8N0Z2,Q06124_p,0.38255738612431556
Q8N292,Q06124_p,0.0632829235985877
Q8WU08,Q06124_p,0.5262906868806533
Q8WU03,Q06124_p,0.06437599347720371
Q8WV99,Q06124_p,0.15720633202275747
Q8WV93,Q06124_p,0.05149376503372427
Q8IVL6,Q06124_p,0.07381262216759805
Q8IVL0,Q06124_p,0.1875077961940022
Q8NI60,Q06124_p,0.0805308324504155
Q8IZT8,Q06124_p,0.033673085597249644
Q8IUX7,Q06124_p,0.07395716376303259
Q8NDH6,Q06124_p,0.07841131973784057
Q8IWF6,Q06124_p,0.061943299628655024
Q8IWF2,Q06124_p,0.056609320536504415
Q8NEX9,Q06124_p,0.048242341795925806
Q8NHP8,Q06124_p,0.047654713189159904
Q8NHP1,Q06124_p,0.05585432044324384
Q8NG27,Q06124_p,0.08224915019319373
Q8NF50,Q06124_p,0.1728008634767369
Q8TDN2,Q06124_p,0.07625172975158981
Q8WTW3,Q06124_p,0.07378916965231865
Q8TBG4,Q06124_p,0.06804488846163503
Q8NBW4,Q06124_p,0.16356726960999204
Q8N2K0,Q06124_p,0.047230797687475005
Q8WWY6,Q06124_p,0.08288804700099364
Q8TAD4,Q06124_p,0.0506832362575634
Q8NHL6,Q06124_p,0.29259763615248463
Q8WYJ6,Q06124_p,0.10303554052657238
Q8NFY9,Q06124_p,0.3775127777766271
Q8WVC6,Q06124_p,0.048959953467997454
Q8NBA8,Q06124_p,0.05541411708538574
Q8TDR2,Q06124_p,0.5413607503275976
Q8TF05,Q06124_p,0.3882334666628182
Q8N752,Q06124_p,0.7080807235759098
Q8IYM9,Q06124_p,0.32691341231526583
Q8IYM0,Q06124_p,0.0556072309245757
Q8N6W0,Q06124_p,0.08163885646271396
Q8N0W4,Q06124_p,0.4440096929667514
Q8N0W3,Q06124_p,0.08015713444639677
Q8N139,Q06124_p,0.05001882968629338
Q8N9V7,Q06124_p,0.04774693444028426
Q8IV38,Q06124_p,0.0571367190704961
Q8N1M1,Q06124_p,0.07903602340349405
Q8IZU9,Q06124_p,0.26863978092800705
Q8IUF8,Q06124_p,0.1013667723911579
Q8N4G2,Q06124_p,0.0804604210418335
Q8TEQ8,Q06124_p,0.04561760723774236
Q8NDF8,Q06124_p,0.05931354474825544
Q8IWA6,Q06124_p,0.0468949603047369
Q8IWA4,Q06124_p,0.3190665470883727
Q8IWA5,Q06124_p,0.07813783010099715
Q8IZC4,Q06124_p,0.22310244203084045
Q8NAX2,Q06124_p,0.05915526927189877
Q8WXD9,Q06124_p,0.2516568369044977
Q8ND25,Q06124_p,0.1747795931231465
Q8NC96,Q06124_p,0.09746237141850292
Q8WXD2,Q06124_p,0.05474381943165439
Q8TER5,Q06124_p,0.22016347776311568
Q8TAS1,Q06124_p,0.48206522372384375
Q8TBM8,Q06124_p,0.10022365630756824
Q8N8Q8,Q06124_p,0.04337504296570584
Q8N8Q9,Q06124_p,0.35808324942007946
Q8IZF0,Q06124_p,0.1276513853996331
Q8IW00,Q06124_p,0.1302043401620614
Q8TAE8,Q06124_p,0.039831676819458095
Q8IZ83,Q06124_p,0.07427546315810331
Q8IY95,Q06124_p,0.0742640722224409
Q8NEF9,Q06124_p,0.0554778824099833
Q8NEF3,Q06124_p,0.15353905616802938
Q8N0X2,Q06124_p,0.11070444495667078
Q8N9E0,Q06124_p,0.05189309186904599
Q8NGF0,Q06124_p,0.03379175809151638
Q8N6V9,Q06124_p,0.14875990862372307
Q8N131,Q06124_p,0.08596812120638977
Q8N9W6,Q06124_p,0.079542372950884
Q8TEA7,Q06124_p,0.2882647459259132
Q8IYB8,Q06124_p,0.05363021666322628
Q8IVB4,Q06124_p,0.07349510539300255
Q8N136,Q06124_p,0.09745306916492061
Q8IV08,Q06124_p,0.09457213229221983
Q8IV03,Q06124_p,0.09142989634077804
Q8IV04,Q06124_p,0.1262694780510108
Q8TAX0,Q06124_p,0.07856513816111035
Q8IZR5,Q06124_p,0.04762109570733959
Q8N4F7,Q06124_p,0.052653814462506866
Q8N653,Q06124_p,0.4379350634711874
Q8TAF3,Q06124_p,0.27988705875989034
Q8WXW3,Q06124_p,0.07704220314596336
Q8NEZ3,Q06124_p,0.12666645625898285
Q8NEZ5,Q06124_p,0.2524659112585955
Q8TDY4,Q06124_p,0.16425473592843193
Q8IXL6,Q06124_p,0.05086462435366133
Q8IXL7,Q06124_p,0.05818611350883144
Q8NB59,Q06124_p,0.1379762478544169
Q8NG06,Q06124_p,0.4271905416887815
Q8NB50,Q06124_p,0.054413020610021276
Q8N7J2,Q06124_p,0.07203108409600288
Q8N4N8,Q06124_p,0.2988373388875881
Q8WXE9,Q06124_p,0.1919927582372119
Q8N2N9,Q06124_p,0.055336203295903996
Q8N2W9,Q06124_p,0.12968153864227608
Q05D32,Q06124_p,0.11173665933107398
Q8IWW8,Q06124_p,0.10019307514442563
Q8IY85,Q06124_p,0.13198962218749558
Q8IY82,Q06124_p,0.11261349866397083
Q8TF61,Q06124_p,0.2360991329853473
Q8TF62,Q06124_p,0.07447215075610267
Q8TF64,Q06124_p,0.5390271698740119
Q8N4W9,Q06124_p,0.047555254491060905
Q8IYS0,Q06124_p,0.05146689422786832
Q8IYS1,Q06124_p,0.05740676397159441
Q8NEG7,Q06124_p,0.05965682203767266
Q8IYS8,Q06124_p,0.32867648264008703
Q8NEG4,Q06124_p,0.16210907047643172
Q8NGG3,Q06124_p,0.0328111279866304
Q8WV41,Q06124_p,0.32890240006497024
Q8NGU2,Q06124_p,0.03655202323441277
Q8IYA6,Q06124_p,0.0664632953918588
Q8IYA7,Q06124_p,0.06168158283956465
Q8TB40,Q06124_p,0.05619876171286013
Q8N8R7,Q06124_p,0.19723729546020977
Q8WW32,Q06124_p,0.1547984027652519
Q8WW33,Q06124_p,0.061994834641469675
Q8NFM4,Q06124_p,0.27995773311433764
Q8N398,Q06124_p,0.12689409099261004
Q8N394,Q06124_p,0.04692613498022592
Q8N392,Q06124_p,0.1284152979230983
Q8IZS8,Q06124_p,0.1439553866203395
Q8WVY7,Q06124_p,0.16630951317930895
Q8NDZ4,Q06124_p,0.05414638991419583
Q8WUH2,Q06124_p,0.0811724787911834
Q8NF64,Q06124_p,0.32214100355900505
Q8NDM7,Q06124_p,0.04749702554655052
Q8NG11,Q06124_p,0.2264281408166547
Q8N187,Q06124_p,0.07824956380141439
Q8TE82,Q06124_p,0.0686863046289977
Q8NH87,Q06124_p,0.032281910923414404
Q8NH85,Q06124_p,0.034772332569844536
Q8N7K0,Q06124_p,0.04720315152412072
Q8NGP6,Q06124_p,0.03393298142376394
Q8IUA7,Q06124_p,0.05220322479635305
Q8N8A2,Q06124_p,0.38526499252499175
Q8NBP5,Q06124_p,0.045942928654736856
Q8TBY0,Q06124_p,0.11631261550786114
Q8NAT1,Q06124_p,0.05067086121887571
Q8N5C7,Q06124_p,0.051810054036459705
Q8WWH5,Q06124_p,0.050094430641669
Q8WWV6,Q06124_p,0.0518911442797929
Q8WWV3,Q06124_p,0.048677249672838624
Q8WXD0,Q06124_p,0.08573833022882152
Q8WU68,Q06124_p,0.056456994741848496
Q8NFZ5,Q06124_p,0.48164148466667706
Q8NFZ4,Q06124_p,0.594273114427325
Q8NFZ3,Q06124_p,0.46386960159980434
Q8WU67,Q06124_p,0.0730271886461159
Q8TDW5,Q06124_p,0.24113940602421127
Q8N807,Q06124_p,0.04267499980205756
Q8NBL1,Q06124_p,0.04683171647693919
Q8IV48,Q06124_p,0.12229259568412583
Q8N257,Q06124_p,0.09024501609698843
Q8N4A0,Q06124_p,0.06371838877840866
Q8NGR5,Q06124_p,0.032135741792127734
Q8TB36,Q06124_p,0.05683934019787259
Q8TB37,Q06124_p,0.05071631150860101
Q8WZ55,Q06124_p,0.05778894525868035
Q8N412,Q06124_p,0.04781109467962496
Q8IUR0,Q06124_p,0.05333588105293152
Q8IUR5,Q06124_p,0.10056442341552725
Q8N4J0,Q06124_p,0.10595853604742973
Q8IWB7,Q06124_p,0.13281362017970638
Q8IWB6,Q06124_p,0.2800131311384938
Q8N7Z5,Q06124_p,0.08323965803902764
Q8NDL9,Q06124_p,0.1199528899189071
Q8NE09,Q06124_p,0.16912038400640836
Q8NE00,Q06124_p,0.09181873330523017
Q8NE01,Q06124_p,0.19898325594851313
Q8N1T3,Q06124_p,0.30455834422051775
Q8IWL3,Q06124_p,0.04731926578180735
Q8WXC6,Q06124_p,0.09802982728169027
Q8N8N7,Q06124_p,0.05931170250044541
Q8N8N0,Q06124_p,0.11530422016248958
Q8TBX8,Q06124_p,0.36638399852259834
Q8N5D0,Q06124_p,0.10784877956763735
Q8NAG6,Q06124_p,0.3625960698666365
Q8WWU5,Q06124_p,0.15753633805852907
Q8N4U5,Q06124_p,0.210518214031838
Q8TF40,Q06124_p,0.20208605317431938
Q8TF46,Q06124_p,0.057370590994828684
Q8IVS8,Q06124_p,0.09624777421312561
Q8IX94,Q06124_p,0.08097529273574265
Q8WUX1,Q06124_p,0.04627712513635403
Q8NGS3,Q06124_p,0.03602765071728921
Q8NGS6,Q06124_p,0.03291768636486735
Q8N0S6,Q06124_p,0.051068362101209366
Q8WZ60,Q06124_p,0.262287445242625
Q8WYR4,Q06124_p,0.11243611365084719
Q8TC59,Q06124_p,0.06196764331442996
Q8IWU2,Q06124_p,0.21385514577149128
Q8WU90,Q06124_p,0.05373120590769207
Q8NGR2,Q06124_p,0.03339617748919725
Q8WXR4,Q06124_p,0.5042473613416176
Q8N3S3,Q06124_p,0.046857467644962604
Q8WUJ3,Q06124_p,0.074466380706696
Q8WUJ0,Q06124_p,0.4966616264035114
Q8WUD1,Q06124_p,0.2521129367948487
Q8NB66,Q06124_p,0.205375160625829
Q8WTX9,Q06124_p,0.0454946382310738
Q8ND61,Q06124_p,0.05554757144522425
Q8WUY9,Q06124_p,0.3713740853190336
Q8NBR0,Q06124_p,0.06816327060476587
Q8NAV2,Q06124_p,0.055080381316149195
Q8NB14,Q06124_p,0.22049135674834358
Q8NHY3,Q06124_p,0.12671192939948875
Q8WWF6,Q06124_p,0.07901375199916665
Q8NC54,Q06124_p,0.04952339108064273
Q8TDG4,Q06124_p,0.06087884588893574
Q8IY37,Q06124_p,0.10297919233388211
Q8IYP9,Q06124_p,0.04655090373652017
Q8N183,Q06124_p,0.04419006761141349
Q8N184,Q06124_p,0.04601950926065254
Q8IYF3,Q06124_p,0.12484038211788842
Q8WZ79,Q06124_p,0.037026805991708725
Q8WZ75,Q06124_p,0.24370549018921467
Q8TD17,Q06124_p,0.07871669092075714
Q8WVJ2,Q06124_p,0.25095270736149605
Q8IV42,Q06124_p,0.08300797781729419
Q8N699,Q06124_p,0.047288123803320106
Q8IWR1,Q06124_p,0.3664118799943519
Q8N695,Q06124_p,0.1837522066053004
Q8N693,Q06124_p,0.04975085953218013
Q8IZY2,Q06124_p,0.06247598886798607
Q8IU81,Q06124_p,0.1027919768541877
Q8IZL2,Q06124_p,0.21438922790940768
Q8IW93,Q06124_p,0.08096212220753327
Q8WY07,Q06124_p,0.06471566380922987
Q8IZP7,Q06124_p,0.050118367561900024
Q8NCQ5,Q06124_p,0.06465431042025957
Q8NB12,Q06124_p,0.12165783915523509
Q8NDB2,Q06124_p,0.3289867168743087
Q8TED9,Q06124_p,0.24978327032410075
Q8N1V2,Q06124_p,0.18175277013187568
Q8IWY4,Q06124_p,0.052562508835056976
Q8NH54,Q06124_p,0.03440553692554334
Q8WXA8,Q06124_p,0.05440099117074014
Q96I99,Q06124_p,0.12181127696648548
Q96N66,Q06124_p,0.05415501854718968
Q96N64,Q06124_p,0.11731533527244904
Q96NU7,Q06124_p,0.27754879027761264
Q96J87,Q06124_p,0.08684889633687623
Q9BUF7,Q06124_p,0.5313559875593724
Q9BZQ6,Q06124_p,0.10092966733405191
Q9C0H2,Q06124_p,0.05049144167709624
Q96J66,Q06124_p,0.1590477651791773
Q96J65,Q06124_p,0.07706046918795852
Q96BJ8,Q06124_p,0.6245413975671417
Q96KX2,Q06124_p,0.06465650474532827
Q9BVL2,Q06124_p,0.10564028403003341
Q969U7,Q06124_p,0.07143882150972887
Q96AC6,Q06124_p,0.3012184898406486
Q96CS2,Q06124_p,0.0795710732045377
Q92833,Q06124_p,0.061985519844939496
Q9BXW7,Q06124_p,0.058957837426391914
Q92839,Q06124_p,0.04644504269263306
Q92636,Q06124_p,0.3576413941139925
Q9BSK1,Q06124_p,0.04722870070192236
Q9BSK2,Q06124_p,0.05078128861356553
Q9BW92,Q06124_p,0.05619267135700819
Q92619,Q06124_p,0.11653103916249581
Q92526,Q06124_p,0.20710287883837014
Q92521,Q06124_p,0.0464560483685901
Q92523,Q06124_p,0.061671398498400344
Q86VY9,Q06124_p,0.051216368103134735
Q96Q83,Q06124_p,0.08067911971081326
Q96HA7,Q06124_p,0.47368396788619965
Q96HA1,Q06124_p,0.09658119347763544
Q96G21,Q06124_p,0.05063372176404983
Q96G25,Q06124_p,0.09894183099344964
Q9BWU1,Q06124_p,0.14406417669769075
Q96F15,Q06124_p,0.05911992048613455
Q96F10,Q06124_p,0.08285992252456663
Q96BT7,Q06124_p,0.055541264176920624
Q96KG7,Q06124_p,0.08607278401735594
Q9BQG1,Q06124_p,0.07619481212119059
Q9BSW7,Q06124_p,0.10880322264650481
Q96DR7,Q06124_p,0.12381608667324226
Q9BY32,Q06124_p,0.5595571298435043
Q9BY31,Q06124_p,0.046102543333325995
Q96M20,Q06124_p,0.05354541757589234
Q96M27,Q06124_p,0.08150371862675757
Q96HS1,Q06124_p,0.07824601825874297
Q9BX46,Q06124_p,0.10272105395862723
Q96CN9,Q06124_p,0.203195830769332
Q96CN7,Q06124_p,0.07385749741694494
Q96N76,Q06124_p,0.05441743965309118
Q9C098,Q06124_p,0.11950238614692314
Q9C099,Q06124_p,0.11902587539675971
Q96NZ1,Q06124_p,0.1723084713141708
Q96J94,Q06124_p,0.11845475290289939
Q96H79,Q06124_p,0.05192955657464695
Q9C0K0,Q06124_p,0.1731647052689543
Q9C0K1,Q06124_p,0.04972094079293756
Q9C0K3,Q06124_p,0.3466696030891009
Q96GX9,Q06124_p,0.1741809210555314
Q9BR01,Q06124_p,0.050632456560193675
Q9BVM2,Q06124_p,0.07127945898591517
Q96QZ7,Q06124_p,0.5969897749258719
Q92665,Q06124_p,0.046153859060113496
Q9BZD6,Q06124_p,0.04836933845784251
Q99853,Q06124_p,0.0927242541664563
Q92600,Q06124_p,0.16842085967312898
Q99679,Q06124_p,0.0668006965970215
Q99676,Q06124_p,0.049862123414324874
Q9BZJ3,Q06124_p,0.06908930729379552
Q9BZJ0,Q06124_p,0.055103825416587704
Q96R67,Q06124_p,0.04231557875527709
Q96S16,Q06124_p,0.05124984519969257
Q9BSD7,Q06124_p,0.17090045800536194
Q96FG2,Q06124_p,0.05891763379496603
Q92519,Q06124_p,0.1704943011168303
Q96RD3,Q06124_p,0.03439202216107772
Q96RD7,Q06124_p,0.05526750128873863
Q96JL9,Q06124_p,0.04760019593490085
Q96JZ2,Q06124_p,0.3319401275292787
Q99456,Q06124_p,0.14204583592267497
Q99453,Q06124_p,0.08069669938829631
Q9BWT1,Q06124_p,0.05585428713061199
Q96T66,Q06124_p,0.352681896097624
Q96LZ2,Q06124_p,0.06159768867988321
Q9BWT6,Q06124_p,0.09978406191982321
Q9BUV0,Q06124_p,0.05297993470208088
Q96PX1,Q06124_p,0.22596130727815936
Q96PJ5,Q06124_p,0.1003052562200051
Q96RR1,Q06124_p,0.10236920770820448
Q96MT3,Q06124_p,0.36577433227916845
Q96B67,Q06124_p,0.3793809430975381
Q96M11,Q06124_p,0.06572251116113363
Q9BYM8,Q06124_p,0.6344439747223398
Q9BPX1,Q06124_p,0.07504740852354871
Q96GI7,Q06124_p,0.10320557100547081
Q99877,Q06124_p,0.09177055161054572
Q9C0J9,Q06124_p,0.1382002772776703
Q9BZW4,Q06124_p,0.04944734715123185
Q9BR11,Q06124_p,0.18359715497288023
Q96IZ7,Q06124_p,0.06040233781125283
Q96IZ6,Q06124_p,0.05010949845686047
Q96IZ2,Q06124_p,0.045545690997828764
Q96N46,Q06124_p,0.04789570348086632
Q96C10,Q06124_p,0.29293612106774153
Q9BRR3,Q06124_p,0.04632146152709381
Q9BRR0,Q06124_p,0.048116836595585626
Q9BRR8,Q06124_p,0.0528046807922405
Q96NI8,Q06124_p,0.04811180573708633
Q96AA3,Q06124_p,0.045897203130510614
Q9C0D5,Q06124_p,0.10308021642748828
Q9C0D0,Q06124_p,0.1903860100963033
Q9C0D2,Q06124_p,0.04907893255173293
Q969I6,Q06124_p,0.05231145191468728
Q969K4,Q06124_p,0.3072286216664342
Q9BXC1,Q06124_p,0.06130618917553019
Q99880,Q06124_p,0.09162486452843913
Q9BXC9,Q06124_p,0.058097370646883736
Q96LI5,Q06124_p,0.1565817754874169
Q96QS3,Q06124_p,0.054300003534948585
Q99665,Q06124_p,0.2295215725003322
Q96LI6,Q06124_p,0.05539931242708444
Q96P70,Q06124_p,0.12808958699324338
Q9BTD8,Q06124_p,0.07625770297574463
Q96RE9,Q06124_p,0.04635559315519847
Q9BZG8,Q06124_p,0.07419692605696
Q92503,Q06124_p,0.07339338875593611
Q96JM7,Q06124_p,0.10300228744702696
Q99447,Q06124_p,0.09524933789436066
Q9BWW8,Q06124_p,0.06002210751018031
Q9BWW7,Q06124_p,0.06737026305817508
Q96BR5,Q06124_p,0.0966393159112898
Q96DB5,Q06124_p,0.053726302615740885
Q96DB2,Q06124_p,0.08354588773006542
Q96FJ2,Q06124_p,0.32139333286902616
Q96FX7,Q06124_p,0.048345576503269976
Q96HU1,Q06124_p,0.09985169892793953
Q96M02,Q06124_p,0.10711162541323607
Q96B77,Q06124_p,0.03326768584579318
Q9BX69,Q06124_p,0.3425717214402744
Q9BPY3,Q06124_p,0.23661841187716853
Q9BY11,Q06124_p,0.15950223705490946
Q96IK1,Q06124_p,0.43865885563535423
Q96BN6,Q06124_p,0.1471160691506728
Q96BN8,Q06124_p,0.39070418528592377
Q96KK5,Q06124_p,0.09926643131287484
Q92845,Q06124_p,0.4961965424859507
Q969X6,Q06124_p,0.07783352262208469
Q9BVK2,Q06124_p,0.04631432931498777
Q92990,Q06124_p,0.19048586762395284
Q96T17,Q06124_p,0.20478292179021595
Q969Z4,Q06124_p,0.1488577828440462
Q9BXR0,Q06124_p,0.36493840936016103
Q969H8,Q06124_p,0.04714871331850583
Q9BVP2,Q06124_p,0.04870983745574411
Q99832,Q06124_p,0.16511021673118184
Q9BXL7,Q06124_p,0.6584199204124198
Q9BXL5,Q06124_p,0.046797008968391264
Q99836,Q06124_p,0.5870432306711487
Q9BRQ5,Q06124_p,0.06329718591739018
Q92750,Q06124_p,0.06340231356022889
Q92979,Q06124_p,0.05545548797338059
Q99943,Q06124_p,0.04944433364923113
Q9BSF8,Q06124_p,0.3059627696086821
Q96FE7,Q06124_p,0.1045625228629006
Q9BSF0,Q06124_p,0.046878714848388986
Q96JJ7,Q06124_p,0.05149880160313256
Q96LJ7,Q06124_p,0.049403666145681764
Q96LJ8,Q06124_p,0.13570945265115453
Q96HD9,Q06124_p,0.06888651102313773
Q96LT9,Q06124_p,0.053262142504525434
Q9BWX5,Q06124_p,0.2589673299230087
Q96F45,Q06124_p,0.099455206850438
Q96F46,Q06124_p,0.2971747189818596
Q96FK6,Q06124_p,0.07931317696569187
Q96LX7,Q06124_p,0.10437559493486066
Q99541,Q06124_p,0.3038931723480985
Q96PL5,Q06124_p,0.34461752792607303
Q96RP9,Q06124_p,0.07973160922989063
Q96KJ4,Q06124_p,0.1575305707062718
Q9BZ11,Q06124_p,0.4458462227150279
Q96KR4,Q06124_p,0.08632845624853569
Q96G97,Q06124_p,0.04616629042933939
Q96NY7,Q06124_p,0.055609346999523836
Q96EK6,Q06124_p,0.17369147868760063
Q96EK7,Q06124_p,0.0546811136740308
Q9BX79,Q06124_p,0.05417552404350817
Q96K12,Q06124_p,0.05540899539594428
Q96L03,Q06124_p,0.05772386404201911
Q9BY07,Q06124_p,0.054025988952495586
Q96L08,Q06124_p,0.21132002321324114
Q96IJ6,Q06124_p,0.06098183625654339
Q9BU89,Q06124_p,0.10340903080251833
Q96IX5,Q06124_p,0.04324153556684809
Q9BR77,Q06124_p,0.093278110578882
Q9BPZ3,Q06124_p,0.07691563101457025
Q92989,Q06124_p,0.07577437663132282
Q96T21,Q06124_p,0.05445966976958248
Q9BT78,Q06124_p,0.1589812767703263
Q9BV73,Q06124_p,0.19342081358267457
Q9BRP0,Q06124_p,0.05393941771691445
Q9BRP1,Q06124_p,0.08229225387058889
Q96EY8,Q06124_p,0.3067849355077383
Q9BRP7,Q06124_p,0.07244633159573596
Q96CW5,Q06124_p,0.07735394746611719
Q9BXS0,Q06124_p,0.04767022797367911
Q99829,Q06124_p,0.07532208492956868
Q9BXM9,Q06124_p,0.28809209620415577
Q9BXM0,Q06124_p,0.2524890931013914
Q9BZI1,Q06124_p,0.0781088095522484
Q96I51,Q06124_p,0.0588039758733294
Q92747,Q06124_p,0.19175401049308483
Q9BSA9,Q06124_p,0.18067211288888077
Q9BSA4,Q06124_p,0.052569388856422775
Q92562,Q06124_p,0.24224509477934725
Q92567,Q06124_p,0.051352108149368705
Q96JK2,Q06124_p,0.12485528500686685
Q96JK4,Q06124_p,0.07705291828905966
Q96HE7,Q06124_p,0.07907585382415365
Q96BP3,Q06124_p,0.11380156828645957
Q9BQC3,Q06124_p,0.06015050431767295
Q9BVG8,Q06124_p,0.5482841457501122
Q96RQ3,Q06124_p,0.10127637558406166
Q96RQ1,Q06124_p,0.056052915636516244
Q9BQ15,Q06124_p,0.09677276105700386
Q96HW7,Q06124_p,0.10713630840544013
Q96C03,Q06124_p,0.12942536758694306
Q9BWM5,Q06124_p,0.04679856265204245
Q96TA0,Q06124_p,0.04686013623290085
Q96TA2,Q06124_p,0.059808279739858194
Q96AP4,Q06124_p,0.2943935630212744
Q9BT88,Q06124_p,0.32942760706262864
Q969E2,Q06124_p,0.05335879280804706
Q9BVI4,Q06124_p,0.05168422192005404
Q969X5,Q06124_p,0.09660126241662384
Q9BV44,Q06124_p,0.04708728640303693
Q9C075,Q06124_p,0.11968316603778698
Q9BRQ8,Q06124_p,0.2280162154269331
Q96EX3,Q06124_p,0.057742488893824495
Q96NL0,Q06124_p,0.1363784698049663
Q96NL3,Q06124_p,0.04783034980434488
Q6GPH4,Q06124_p,0.4943879297333226
Q96NB2,Q06124_p,0.04294533520691825
Q92889,Q06124_p,0.07588535768285264
Q96QB1,Q06124_p,0.0817521879242834
Q96LD8,Q06124_p,0.08799162490513569
Q96FZ7,Q06124_p,0.08849052885153244
Q92952,Q06124_p,0.13032653144947517
Q92953,Q06124_p,0.09425374803385114
Q9BVG3,Q06124_p,0.465640669716125
Q92771,Q06124_p,0.05313011416675214
Q99963,Q06124_p,0.248239508190919
Q99965,Q06124_p,0.046666186039555205
Q92552,Q06124_p,0.04347301719911832
Q92791,Q06124_p,0.05078100935944235
Q96JH8,Q06124_p,0.4267464877805149
Q99814,Q06124_p,0.23398912812583741
Q96QP1,Q06124_p,0.31511803597848403
Q96SC8,Q06124_p,0.07805037488094738
Q96JF0,Q06124_p,0.03403554349025328
Q99496,Q06124_p,0.11082058606068886
Q9BQT9,Q06124_p,0.11914107079729033
Q96PN6,Q06124_p,0.392304137041636
Q96MU6,Q06124_p,0.04807636630506031
Q9BQ04,Q06124_p,0.11618607780872288
Q96MP5,Q06124_p,0.0987844451831155
Q9BZ72,Q06124_p,0.16313793619937705
Q96B26,Q06124_p,0.055973409775812596
Q96K30,Q06124_p,0.12079011489184148
Q96A35,Q06124_p,0.05436744699355035
Q96BM1,Q06124_p,0.6456204268087122
Q9BVX2,Q06124_p,0.046998542173781424
Q9BVV6,Q06124_p,0.1333712994459017
Q9BVV7,Q06124_p,0.04463772243656868
Q96I15,Q06124_p,0.06001280106896702
Q9BYG8,Q06124_p,0.217809402327805
Q9BT92,Q06124_p,0.18071064793455655
Q96EG3,Q06124_p,0.047140782774282027
Q9BV57,Q06124_p,0.06253651032743088
Q96NC0,Q06124_p,0.05656799972676838
Q969M7,Q06124_p,0.3607643624890047
Q96QA6,Q06124_p,0.09072551851853577
Q9BTV4,Q06124_p,0.21622423003404276
Q99798,Q06124_p,0.12518174469996374
Q92546,Q06124_p,0.11578629633190134
Q92544,Q06124_p,0.04703193175992419
Q99795,Q06124_p,0.13266496936008984
Q92786,Q06124_p,0.13086789081984115
Q96K58,Q06124_p,0.05133599691166892
Q99807,Q06124_p,0.04997635461382308
Q99805,Q06124_p,0.04710850959062841
Q96P11,Q06124_p,0.047721917786899076
Q96FI4,Q06124_p,0.14124060612318792
Q96JG8,Q06124_p,0.07464197004546454
Q99571,Q06124_p,0.26413389122657593
Q96DN2,Q06124_p,0.04711309094776906
Q96FN4,Q06124_p,0.11806078912841873
Q96FN5,Q06124_p,0.3137288505138562
Q9BYZ2,Q06124_p,0.08656492748533975
Q9BYZ8,Q06124_p,0.05197384014078493
Q96PQ0,Q06124_p,0.07812037180027372
Q96HY6,Q06124_p,0.05754557100392573
Q92698,Q06124_p,0.12363836251478785
Q9BUY5,Q06124_p,0.046856947548555836
Q9BRA2,Q06124_p,0.10849587794880329
Q96A23,Q06124_p,0.1372580741628568
Q99941,Q06124_p,0.25054830531841654
Q9BX26,Q06124_p,0.2618669628944052
Q9BYH1,Q06124_p,0.11159707052687681
Q9BYF1,Q06124_p,0.17440550693297677
Q9BV29,Q06124_p,0.06845383741938639
Q96EF0,Q06124_p,0.4668868735253623
Q9BQI3,Q06124_p,0.4713761179223098
Q96GV9,Q06124_p,0.0587890367537243
Q99608,Q06124_p,0.2430582888012276
Q96CX6,Q06124_p,0.1737416217342009
Q9C0C4,Q06124_p,0.10106983570900481
Q9C0C7,Q06124_p,0.3251200296332432
Q96S44,Q06124_p,0.18191851505311243
Q9BTW9,Q06124_p,0.24563314978135767
Q9BZL1,Q06124_p,0.12011573241875631
Q92932,Q06124_p,0.10348205645700766
Q92930,Q06124_p,0.4710507448872351
Q9BY50,Q06124_p,0.050781249789374816
Q96AJ9,Q06124_p,0.11409041874682853
Q96QV1,Q06124_p,0.061232840789117816
Q96QV6,Q06124_p,0.08420317010316068
Q96SE0,Q06124_p,0.047336309577984854
Q96SE7,Q06124_p,0.046838475043747406
Q92637,Q06124_p,0.18531281326251275
Q96RL6,Q06124_p,0.22273679756395012
Q96HH4,Q06124_p,0.048087418757505974
Q96MN2,Q06124_p,0.36671994687121284
Q96M96,Q06124_p,0.3840781722460296
Q96M91,Q06124_p,0.14822789339291545
Q96M93,Q06124_p,0.05703674693956397
Q96F81,Q06124_p,0.11742997747853745
Q96DY2,Q06124_p,0.07097277765901895
Q96KN7,Q06124_p,0.2895655051432593
Q96KN4,Q06124_p,0.14848611705805848
Q96JX3,Q06124_p,0.04943558436009242
Q9BW04,Q06124_p,0.18049923634466475
Q96KP4,Q06124_p,0.21988174849718983
Q9BWV1,Q06124_p,0.23299815650338887
Q9BRR9,Q06124_p,0.16208824837390795
Q9BYE9,Q06124_p,0.27769693276699553
Q9BRT9,Q06124_p,0.08051637131227599
Q96GQ7,Q06124_p,0.04779186082692365
Q9C005,Q06124_p,0.3257969138955631
Q96SR6,Q06124_p,0.048543776059080404
Q9BXP8,Q06124_p,0.051386231831870785
Q969S8,Q06124_p,0.056427065741439256
Q969S9,Q06124_p,0.054732054530298405
Q9C0B1,Q06124_p,0.35262052191244575
Q9C0B9,Q06124_p,0.06568321753163095
Q93096,Q06124_p,0.5919826100792853
Q93099,Q06124_p,0.05328500674149926
Q9BTX7,Q06124_p,0.05503400458841756
Q96RY7,Q06124_p,0.07765511712169995
Q96MK2,Q06124_p,0.08582180903608808
Q96Q07,Q06124_p,0.4271396090324882
Q96Q06,Q06124_p,0.2286010724939173
Q96Q04,Q06124_p,0.09569715998166416
Q92854,Q06124_p,0.3423413595365915
Q9BXI3,Q06124_p,0.09525200697460835
Q9BXI2,Q06124_p,0.050693308914035784
Q96SD1,Q06124_p,0.10767618130458104
Q92859,Q06124_p,0.2562563280032232
Q92858,Q06124_p,0.1621872697512328
Q96JE9,Q06124_p,0.05463429105139235
Q96JE7,Q06124_p,0.11338725672234573
Q9BXB1,Q06124_p,0.11936130317470488
Q9BSM1,Q06124_p,0.14990873016086942
Q99594,Q06124_p,0.1280275790944752
Q99593,Q06124_p,0.3159210654209693
Q96MM3,Q06124_p,0.06657923203531302
Q96MM7,Q06124_p,0.04971474270723239
Q9BYX7,Q06124_p,0.6896204112134139
Q9BYX4,Q06124_p,0.5481901894482667
Q96G42,Q06124_p,0.10613980052128547
Q9BRG1,Q06124_p,0.09890534097733147
Q96M89,Q06124_p,0.16112540073720377
Q9BT43,Q06124_p,0.05631550433537472
Q96KA5,Q06124_p,0.0480864502611109
Q96IC2,Q06124_p,0.0750226797662585
Q96BH1,Q06124_p,0.0598192729235363
Q96DT6,Q06124_p,0.12422119187039779
Q9BW30,Q06124_p,0.19112890982858607
Q96KS9,Q06124_p,0.10153680744396783
Q9BPW5,Q06124_p,0.11938082337003149
Q9BYV1,Q06124_p,0.05268266759627299
Q9BYV9,Q06124_p,0.1362020259224634
Q9BYV8,Q06124_p,0.16947500010730704
Q9BPW8,Q06124_p,0.08493722588623448
Q96K49,Q06124_p,0.04632858563947365
Q96CH1,Q06124_p,0.04765717140191338
Q9BYD1,Q06124_p,0.052749429804704116
Q9C035,Q06124_p,0.5011381103491134
Q9BZQ4,Q06124_p,0.28023086261696883
Q9C037,Q06124_p,0.153381905525189
Q96QU1,Q06124_p,0.1581344667552262
Q96GP6,Q06124_p,0.055261299069235416
Q9BXX2,Q06124_p,0.05336960052923453
Q9BXX3,Q06124_p,0.05661715108414957
Q969R2,Q06124_p,0.1715833045876051
Q969R8,Q06124_p,0.10306936965739151
Q96SU4,Q06124_p,0.3040891193300174
Q96H15,Q06124_p,0.058828394467653256
Q93086,Q06124_p,0.15092736733429948
Q93088,Q06124_p,0.12653336825403633
Q96CN5,Q06124_p,0.3476389313217349
Q96JB5,Q06124_p,0.10370755079441793
Q92664,Q06124_p,0.18909516861658443
Q96LR5,Q06124_p,0.2775046151621207
Q99612,Q06124_p,0.2034723070222259
Q96P09,Q06124_p,0.5329983854211752
Q99928,Q06124_p,0.07604088416770574
Q96EK5,Q06124_p,0.47307151675170933
Q96HJ9,Q06124_p,0.036154962222849356
Q9BV94,Q06124_p,0.055530552323139006
Q99436,Q06124_p,0.10985719465475381
Q96G79,Q06124_p,0.044000877096804225
Q96JP0,Q06124_p,0.25982523084535886
Q9BZ95,Q06124_p,0.06725159497839296
Q96L21,Q06124_p,0.05414236611817874
Q96A72,Q06124_p,0.07045017538541128
Q96A73,Q06124_p,0.19386032799050695
Q9BW27,Q06124_p,0.32906819357553674
Q96KR6,Q06124_p,0.03352357057892923
Q96DU7,Q06124_p,0.3176610183766694
Q9BYT9,Q06124_p,0.05046606211268655
Q96C92,Q06124_p,0.09806848226190755
Q96K78,Q06124_p,0.10009620148784307
Q96T83,Q06124_p,0.058377116528559335
Q96I59,Q06124_p,0.05321925055996555
Q9BV10,Q06124_p,0.0463652293367484
Q9BS40,Q06124_p,0.07055208036754787
Q9BV19,Q06124_p,0.2612270599970698
Q9BUB7,Q06124_p,0.03450246038003179
Q96GS6,Q06124_p,0.05271073298684218
Q969Q0,Q06124_p,0.04792601876834745
Q969Q4,Q06124_p,0.055931071673376055
Q96QE4,Q06124_p,0.047618009961535805
Q96QE3,Q06124_p,0.0765977623908057
Q96H20,Q06124_p,0.08418176407812143
Q96NG8,Q06124_p,0.04667991405425285
Q96S90,Q06124_p,0.12578817327687206
Q9BWT7,Q06124_p,0.6448288581940753
Q93050,Q06124_p,0.08952217711005313
Q92905,Q06124_p,0.299926003595457
Q92904,Q06124_p,0.06537952306129835
Q96LA5,Q06124_p,0.11184838787924596
Q96QK1,Q06124_p,0.3159746004021785
Q96LA8,Q06124_p,0.16276606910685956
Q969G9,Q06124_p,0.19695877131127512
Q969G3,Q06124_p,0.12109002415976985
Q92673,Q06124_p,0.17440530043917155
Q96P15,Q06124_p,0.1579985657833332
Q96P16,Q06124_p,0.09729745280385357
Q92585,Q06124_p,0.20410333506129152
Q99732,Q06124_p,0.2657851510438845
Q99735,Q06124_p,0.05272200909893036
Q96RK4,Q06124_p,0.0952466456663323
Q96G61,Q06124_p,0.05097385073095423
Q9BWQ8,Q06124_p,0.0502970141308516
Q96M69,Q06124_p,0.15504265732963865
Q99797,Q06124_p,0.11728615820282426
Q96B18,Q06124_p,0.05441650292937931
Q96D96,Q06124_p,0.09086290262533972
Q96BF6,Q06124_p,0.08715013648764731
Q96DV4,Q06124_p,0.04962370927688792
Q96L92,Q06124_p,0.6986111200690657
Q96L94,Q06124_p,0.10205553471395681
Q96L96,Q06124_p,0.20866404616926887
Q96MY7,Q06124_p,0.11595982644497524
Q9BYT3,Q06124_p,0.18981701364667228
Q96K80,Q06124_p,0.07650381546633887
Q96K83,Q06124_p,0.12016758650289776
Q9BSH4,Q06124_p,0.04814332232945246
Q96EB1,Q06124_p,0.13083160313047354
Q96GR2,Q06124_p,0.057921382891185945
Q969P6,Q06124_p,0.14562489662582376
Q96EP9,Q06124_p,0.04978002387427424
Q96QD5,Q06124_p,0.4963661561651581
Q96H35,Q06124_p,0.055112878956459686
Q9BU70,Q06124_p,0.07530231944485807
Q96IW2,Q06124_p,0.37303402666414237
Q9BTM1,Q06124_p,0.10428260759113102
Q9BVA1,Q06124_p,0.3804789599265666
Q9BVA0,Q06124_p,0.08601765673403955
Q96AX1,Q06124_p,0.08843627064608044
Q9BXT6,Q06124_p,0.08684305042705939
Q96SI9,Q06124_p,0.07990096364287406
Q9BXT8,Q06124_p,0.17760260300478858
Q96LB3,Q06124_p,0.15361711844740195
Q969F9,Q06124_p,0.08873959516023022
Q969F2,Q06124_p,0.28044723326297205
Q92485,Q06124_p,0.07210356754552609
Q99633,Q06124_p,0.061245454150593646
Q0VAM2,Q06124_p,0.32148551763844396
Q96PD6,Q06124_p,0.05109707902341661
Q96PD7,Q06124_p,0.04988903120217542
Q99707,Q06124_p,0.2671018777001158
Q99250,Q06124_p,0.28068414008658127
Q99259,Q06124_p,0.32551733070425193
Q96HL8,Q06124_p,0.08718718693535184
Q9BRF8,Q06124_p,0.08925524431128996
Q99417,Q06124_p,0.09396530452812378
Q9BUR5,Q06124_p,0.050332354636282814
Q96GC9,Q06124_p,0.08277653070512143
Q9BXS4,Q06124_p,0.04847965686383954
Q96A54,Q06124_p,0.43172749681521194
Q96F25,Q06124_p,0.05185859637923031
Q96FQ7,Q06124_p,0.2962250858132661
Q9BY67,Q06124_p,0.38744078592732245
Q96DZ1,Q06124_p,0.060538145908948696
Q96PX6,Q06124_p,0.17971476166609085
Q96E39,Q06124_p,0.09230911581462861
Q9BRJ2,Q06124_p,0.04313221655031661
Q9BX10,Q06124_p,0.11588436883492348
Q96CM3,Q06124_p,0.03369694644905166
Q9BRX9,Q06124_p,0.08113737185194726
Q96GM5,Q06124_p,0.10312903532925861
Q96D46,Q06124_p,0.05856289535279926
Q969W9,Q06124_p,0.19105699375454735
Q969W1,Q06124_p,0.04513630923270397
Q9BYV7,Q06124_p,0.0724597614097731
Q96KR1,Q06124_p,0.05724442405930791
Q9BPW4,Q06124_p,0.06542578303748592
Q9BZS9,Q06124_p,0.04955129505892377
Q9BU68,Q06124_p,0.09032309694454763
Q9BU61,Q06124_p,0.03483476445100113
Q93073,Q06124_p,0.07803540031964033
Q93077,Q06124_p,0.10221411331314922
Q93079,Q06124_p,0.09173713254740251
Q96T49,Q06124_p,0.23938702015474506
Q96CQ1,Q06124_p,0.0555746990629155
Q96Q40,Q06124_p,0.06095449456912677
Q9BXU1,Q06124_p,0.4016727153683182
Q96P31,Q06124_p,0.12911242928433583
Q96PE1,Q06124_p,0.08974186273797403
Q96PE6,Q06124_p,0.04938821506913093
Q96RI8,Q06124_p,0.05523587442988055
Q9P0J7,Q06124_p,0.0764440636127258
Q96JA3,Q06124_p,0.2516014737263999
Q96JA1,Q06124_p,0.10121532957447141
Q9BYD3,Q06124_p,0.04997651739250891
Q92963,Q06124_p,0.6189397050843335
Q9BQI6,Q06124_p,0.1791522964892785
Q96A46,Q06124_p,0.05631158739319864
Q96FV0,Q06124_p,0.11464962791903552
Q9BSU3,Q06124_p,0.12284800540523048
Q96BD8,Q06124_p,0.31363020085569
Q96BD6,Q06124_p,0.42984250289153697
Q9BQ75,Q06124_p,0.04674191393396437
Q96MW5,Q06124_p,0.11746522160053183
Q9BRK4,Q06124_p,0.27351615167440985
Q9BS18,Q06124_p,0.12647313740206953
Q9C0I3,Q06124_p,0.12211944912801043
Q9C0I1,Q06124_p,0.1824740420898763
Q969V5,Q06124_p,0.16300244379511059
Q96NJ3,Q06124_p,0.04765614606310359
Q9BYC9,Q06124_p,0.054033863650637635
Q96IU4,Q06124_p,0.05748254558129913
Q96IU2,Q06124_p,0.10467223484237838
Q96MH7,Q06124_p,0.09755816876884923
Q9BT23,Q06124_p,0.16072864624670732
Q9BT25,Q06124_p,0.05192969520909689
Q96IY4,Q06124_p,0.07291527816655727
Q96HA8,Q06124_p,0.33009378013547
Q92826,Q06124_p,0.0760676414946716
Q92823,Q06124_p,0.09920917532944407
Q9BZF2,Q06124_p,0.23627895898228637
Q99653,Q06124_p,0.1811555278870741
Q99878,Q06124_p,0.09991928292988211
Q99879,Q06124_p,0.09091630841337155
Q92622,Q06124_p,0.18494774898540473
Q92623,Q06124_p,0.20432723070657932
Q92621,Q06124_p,0.08414392697856841
Q92626,Q06124_p,0.20616245747765732
Q92624,Q06124_p,0.3949589063437836
Q96BY9,Q06124_p,0.06996362451692213
Q9BSB4,Q06124_p,0.4817610089494839
Q9BQ69,Q06124_p,0.06547576392942657
Q96FA3,Q06124_p,0.49174512893762873
Q96HE8,Q06124_p,0.05111561251800482
Q96PF2,Q06124_p,0.28201840322328053
Q92536,Q06124_p,0.053315562807703464
Q92535,Q06124_p,0.04982245725669017
Q96RT6,Q06124_p,0.21133931494559027
Q96E11,Q06124_p,0.07035652621484288
Q99471,Q06124_p,0.08680566752621668
Q96LX8,Q06124_p,0.04809432329812033
Q9BUP3,Q06124_p,0.05229715160513
Q9BUP0,Q06124_p,0.1521843382405029
Q9BWD1,Q06124_p,0.0761301175934534
Q96BW5,Q06124_p,0.05256896989911093
Q96DG6,Q06124_p,0.05228773434246151
Q96IF1,Q06124_p,0.3114353782244475
Q9BW62,Q06124_p,0.11135021393287911
Q9BW61,Q06124_p,0.07981322904044938
Q96PZ0,Q06124_p,0.05066211803126033
Q96PZ2,Q06124_p,0.3192515177678271
Q96JG6,Q06124_p,0.13055781222377946
Q96KV7,Q06124_p,0.11900919688789025
Q96KV6,Q06124_p,0.12021753445213153
Q96E16,Q06124_p,0.04659241116928321
Q96E17,Q06124_p,0.6568369376919309
Q9BX97,Q06124_p,0.17299805034832433
Q96M32,Q06124_p,0.21407466994197083
Q96HR3,Q06124_p,0.1317050604237021
Q96M34,Q06124_p,0.050183950712712276
Q96HR8,Q06124_p,0.05478526151563602
Q9NQ79,Q06124_p,0.05425720581552942
Q9NX14,Q06124_p,0.042959398662497365
Q9H0E2,Q06124_p,0.35208454867818856
Q9H6Q4,Q06124_p,0.06499816496703192
Q9H6S1,Q06124_p,0.37918740931140293
Q9UG22,Q06124_p,0.089513222889418
Q9HBM1,Q06124_p,0.08480761593720665
Q9UBM8,Q06124_p,0.046159360435428835
Q9HBM6,Q06124_p,0.08857077429196265
Q9UBM7,Q06124_p,0.05562661361823371
Q9H7M6,Q06124_p,0.12786270911526837
Q9H819,Q06124_p,0.05212069439993712
Q9NVP1,Q06124_p,0.053772759683974644
Q9P218,Q06124_p,0.047173288440890214
Q9P212,Q06124_p,0.6613220407565106
Q9H3M0,Q06124_p,0.17997356444080098
Q9NR83,Q06124_p,0.06663515964180121
Q9H8H0,Q06124_p,0.07448850850061048
Q9GZQ6,Q06124_p,0.07943229679331108
Q9H8H2,Q06124_p,0.0473964248205838
Q9H568,Q06124_p,0.07481966996320771
Q9H560,Q06124_p,0.05465672314407501
Q9H967,Q06124_p,0.07275548379267363
Q9NWM3,Q06124_p,0.20099181762216328
Q9NRH1,Q06124_p,0.09670546105511572
Q9H115,Q06124_p,0.11243849647354101
Q9NRF2,Q06124_p,0.6217345163748957
Q9HAP6,Q06124_p,0.2875911482372227
Q9H213,Q06124_p,0.06619741651755377
Q9NUU6,Q06124_p,0.20224219262235138
Q9NWA0,Q06124_p,0.05822752685370704
Q9NS87,Q06124_p,0.3892507971080875
Q9NQ34,Q06124_p,0.19766502351835363
Q9NYU1,Q06124_p,0.047192567043598914
Q9NWS0,Q06124_p,0.12782942570250524
Q9H0B8,Q06124_p,0.04886855731283197
Q9NVM4,Q06124_p,0.10176379518990868
Q9H6R0,Q06124_p,0.24112785111680393
Q9H6R3,Q06124_p,0.04932573894238599
Q9NZM4,Q06124_p,0.08537994399507838
Q9NW64,Q06124_p,0.08482913327582556
Q9NW61,Q06124_p,0.38574280231795643
Q9NQI0,Q06124_p,0.10578285999437362
Q9UBL3,Q06124_p,0.2738398704550494
Q9NP73,Q06124_p,0.11662019127289946
Q9NP72,Q06124_p,0.28947114278847685
Q9NP70,Q06124_p,0.08474603635912777
Q9NVC3,Q06124_p,0.05537167642922504
Q9NXS3,Q06124_p,0.31732831209960705
Q9NRZ5,Q06124_p,0.046596282767593
Q9NRZ9,Q06124_p,0.10022345587292947
Q9H511,Q06124_p,0.25698235446387774
Q9H1R3,Q06124_p,0.480749215787752
Q9P1V8,Q06124_p,0.05187758523715946
Q9H172,Q06124_p,0.05288895274437975
Q9NYF5,Q06124_p,0.16983572411438702
Q9NPG4,Q06124_p,0.05142298027446689
Q9NRG4,Q06124_p,0.08660917953885046
Q9H190,Q06124_p,0.14685330244722625
Q9H222,Q06124_p,0.13535544733920832
Q9H4G4,Q06124_p,0.07773918587229185
Q9H3P7,Q06124_p,0.10092862303342294
Q9HA77,Q06124_p,0.055169379627389326
Q9NY74,Q06124_p,0.12672453109765605
Q9NWH9,Q06124_p,0.09411498488396525
Q9NYZ4,Q06124_p,0.24730991921043635
Q9NYZ1,Q06124_p,0.051513372915154364
Q9NYZ2,Q06124_p,0.053568750310142535
Q9H6A9,Q06124_p,0.05846640171101456
Q9NX02,Q06124_p,0.27553092815436714
Q9HCG1,Q06124_p,0.04773143192983037
Q9HCG7,Q06124_p,0.09646471092823929
Q9HAD4,Q06124_p,0.05964560770401763
Q9NS93,Q06124_p,0.04694739600266965
Q9HBI0,Q06124_p,0.28133764087857593
Q9H0C2,Q06124_p,0.07280821619928728
Q9HC56,Q06124_p,0.09815469561579473
Q9NQZ3,Q06124_p,0.38368063939872066
Q9NUB1,Q06124_p,0.054058592929954706
Q9UBN6,Q06124_p,0.5095092966902928
Q9NRX4,Q06124_p,0.10484335024319391
Q9NQH7,Q06124_p,0.0587343198587294
Q9H8X9,Q06124_p,0.04269164665976491
Q9H1C3,Q06124_p,0.04585278922618543
Q9H1C7,Q06124_p,0.05592661072108716
Q9H694,Q06124_p,0.08477800579571279
Q9NYR8,Q06124_p,0.054677162068299666
Q9H987,Q06124_p,0.15499081645573923
Q9NRV9,Q06124_p,0.16369440663170426
Q9H169,Q06124_p,0.5737647688573819
Q9H161,Q06124_p,0.06631005071363041
Q9H160,Q06124_p,0.10512914552215372
Q9H340,Q06124_p,0.03698797585855035
Q9H9J2,Q06124_p,0.05099769766387428
Q9NPH2,Q06124_p,0.3370137540239136
Q9NPH0,Q06124_p,0.31384730850577014
Q9NRD1,Q06124_p,0.3737181647501156
Q9NRD5,Q06124_p,0.6412862111289643
Q9NRD9,Q06124_p,0.2659899192508818
Q9NY65,Q06124_p,0.39358426273539476
Q9H4D5,Q06124_p,0.1118078054186931
Q9HCP0,Q06124_p,0.5889920524873797
Q9UDR5,Q06124_p,0.08117086645536353
Q9NRY6,Q06124_p,0.033707126944165805
Q9HA65,Q06124_p,0.17973493073578367
Q9NYK5,Q06124_p,0.0482390111222986
Q9GZS0,Q06124_p,0.12880686738958036
Q9NYK6,Q06124_p,0.12701005625955825
Q9P2R3,Q06124_p,0.40680327964953705
Q9NYK1,Q06124_p,0.4400232993391538
Q9NT99,Q06124_p,0.07898863341756224
Q9NYY3,Q06124_p,0.4617448039448944
Q9H6B9,Q06124_p,0.043025491781941254
Q9H6B4,Q06124_p,0.0584094610547223
Q9NS84,Q06124_p,0.10293787366683678
Q9HC44,Q06124_p,0.0627168491872989
Q9P0N9,Q06124_p,0.6237459148290835
Q9NZK5,Q06124_p,0.1261796813741733
Q9UBN4,Q06124_p,0.2262893938400489
Q9NV31,Q06124_p,0.054756697975257715
Q9NRY5,Q06124_p,0.14915053682709783
Q9P2B2,Q06124_p,0.10803001738872034
Q9NVA2,Q06124_p,0.30105852837628666
Q9NVA1,Q06124_p,0.03759874691342964
Q9P2B7,Q06124_p,0.05936387690755831
Q9P0J0,Q06124_p,0.04676999342362862
Q9P0J1,Q06124_p,0.08279932282615524
Q9P243,Q06124_p,0.05546971674293545
Q9P241,Q06124_p,0.07201934868658748
Q9P244,Q06124_p,0.07282579988367617
Q9H8Y1,Q06124_p,0.06139237470139967
Q9H1B5,Q06124_p,0.07375126007903662
Q9H1B4,Q06124_p,0.10730710633593352
Q9NXW9,Q06124_p,0.05708445458448856
Q9HBB8,Q06124_p,0.3334069990049565
Q9GZN1,Q06124_p,0.3438431445427618
Q9GZN0,Q06124_p,0.0620606573918369
Q9H8G1,Q06124_p,0.047098609282759295
Q9NRW7,Q06124_p,0.2508977423976516
Q9NRW1,Q06124_p,0.3212913319234241
Q9NRW3,Q06124_p,0.10478575272001682
Q9NTG1,Q06124_p,0.042876707709177966
Q9H2P9,Q06124_p,0.08305248729764565
Q9NPI5,Q06124_p,0.22470845616306745
Q9UEU5,Q06124_p,0.06374121544762285
Q9UEU0,Q06124_p,0.11699978253853949
Q9HAU5,Q06124_p,0.05504399345147955
Q9H4E7,Q06124_p,0.36007655307276354
Q9NWB1,Q06124_p,0.10049815185939559
Q9NS86,Q06124_p,0.128910386787188
Q9NY57,Q06124_p,0.28597444820738016
Q9Y5R5,Q06124_p,0.06273546781547844
Q9UG01,Q06124_p,0.12425717813801687
Q9HCE6,Q06124_p,0.34153779609876544
Q9HCE7,Q06124_p,0.6573363829172176
Q9HCE0,Q06124_p,0.06621648321361684
Q9NX24,Q06124_p,0.06883206383033869
Q9HCE9,Q06124_p,0.08038720072042663
Q9NQX7,Q06124_p,0.03355251892815883
Q9NQX6,Q06124_p,0.04697103443310654
Q9NQX5,Q06124_p,0.19480702886449888
Q9NQX4,Q06124_p,0.4616465687772032
Q9NQX1,Q06124_p,0.05754524884134923
Q9NZH5,Q06124_p,0.12705206638318906
Q9NZH0,Q06124_p,0.06480172370260663
Q9NZV7,Q06124_p,0.07410502923472359
Q9NSN8,Q06124_p,0.15074367635952973
Q9NUN5,Q06124_p,0.2359917815656126
Q9NUN7,Q06124_p,0.12042474139951032
Q9P2Q2,Q06124_p,0.18182066190000373
Q9P2W7,Q06124_p,0.07156518958287311
Q9P0K1,Q06124_p,0.08206622623398353
Q9NXV6,Q06124_p,0.08741075970922073
Q9P255,Q06124_p,0.04613392803723651
Q9UBN1,Q06124_p,0.10453979565774212
Q9HAT8,Q06124_p,0.4661930068561199
Q9H252,Q06124_p,0.25152731896239355
Q9H3U7,Q06124_p,0.04813776652333678
Q9H1Y0,Q06124_p,0.7017219388333549
Q9NUQ9,Q06124_p,0.20465291519817566
Q9NUQ6,Q06124_p,0.06940425930704705
Q9NUQ2,Q06124_p,0.05037324082304538
Q9GZQ4,Q06124_p,0.1948135235475825
Q9NY47,Q06124_p,0.17715524946401381
Q9NY46,Q06124_p,0.40892524420378684
Q9NWM0,Q06124_p,0.14990222746863427
Q9NYI0,Q06124_p,0.17669348490281903
Q9NP98,Q06124_p,0.15056980277862597
Q9NX36,Q06124_p,0.04995841701249258
Q9NX31,Q06124_p,0.07129018765884909
Q9NX38,Q06124_p,0.14565775620280424
Q9NZI7,Q06124_p,0.1423975863102825
Q9NZI6,Q06124_p,0.10815927130993172
Q9NZI5,Q06124_p,0.1478939628568735
Q9NSA3,Q06124_p,0.27695004465562667
Q9P2D3,Q06124_p,0.06096112435641913
Q9P2D6,Q06124_p,0.06099536950747751
Q9P283,Q06124_p,0.0723900915797611
Q9NVG8,Q06124_p,0.3415599575731952
Q9H1Q7,Q06124_p,0.05160814461165357
Q9NXW2,Q06124_p,0.08000825138672443
Q9H6X4,Q06124_p,0.050374710458805226
Q9H6X5,Q06124_p,0.18677987883099537
Q9P265,Q06124_p,0.05785755463071005
Q9P260,Q06124_p,0.08789754926582499
Q9NQC8,Q06124_p,0.08577983013439729
Q9HD42,Q06124_p,0.11224031061940958
Q9H1D9,Q06124_p,0.09031957442205896
Q9HBD1,Q06124_p,0.08633035227583917
Q9H649,Q06124_p,0.04798332050371314
Q9GZL7,Q06124_p,0.11923164729128546
Q9H1V8,Q06124_p,0.057369513803955975
Q9NRU3,Q06124_p,0.14344671128121247
Q9H7V2,Q06124_p,0.051651319140174366
Q9H2R5,Q06124_p,0.053271930950200067
Q9H467,Q06124_p,0.07536637963448246
Q9HAW0,Q06124_p,0.05771239516950253
Q9H089,Q06124_p,0.060866783420630545
Q9HAY6,Q06124_p,0.2194560403089655
Q9H267,Q06124_p,0.07797636270550459
Q9H269,Q06124_p,0.10986073564884277
Q9H061,Q06124_p,0.03470458127091421
Q9H3T3,Q06124_p,0.10505856886527602
Q9NUP9,Q06124_p,0.2808110774713007
Q9H5Y7,Q06124_p,0.05516131029934011
Q9NUP1,Q06124_p,0.0565039326457986
Q9NUP7,Q06124_p,0.05427271753820838
Q9GZP9,Q06124_p,0.07564209024433871
Q9GZP0,Q06124_p,0.08211375342878856
Q9NYH9,Q06124_p,0.055212180551382814
Q9NYA4,Q06124_p,0.4690502631261893
Q9H098,Q06124_p,0.14944422503329996
Q9HCU0,Q06124_p,0.04770482452584938
Q9H9S0,Q06124_p,0.13256013111088047
Q9NX45,Q06124_p,0.2745133301205521
Q9HCK1,Q06124_p,0.06371678279861079
Q9NXF7,Q06124_p,0.24126821068092355
Q9UBQ6,Q06124_p,0.04213189962955073
Q9UBQ0,Q06124_p,0.11009850341408074
Q9NR82,Q06124_p,0.17174187755201953
Q9NY97,Q06124_p,0.04640544424525348
Q9H857,Q06124_p,0.0782307249309205
Q9NZT1,Q06124_p,0.7263032835129746
Q9UBC5,Q06124_p,0.23077726339751753
Q9P2S2,Q06124_p,0.11209523832243162
Q9NQ90,Q06124_p,0.0645319805766848
Q9NQ94,Q06124_p,0.14152028196054306
Q9NV64,Q06124_p,0.047015642463276844
Q9H2A7,Q06124_p,0.1578839632861598
Q9P2E3,Q06124_p,0.1892918441776879
Q9P2E2,Q06124_p,0.4889321742458175
Q9P2E5,Q06124_p,0.046926156314626113
Q9P2E7,Q06124_p,0.15755646863584297
Q9P273,Q06124_p,0.05357548246416397
Q9P270,Q06124_p,0.3707260438858886
Q9H8T0,Q06124_p,0.3090246872907885
Q9NPZ5,Q06124_p,0.05091503235763763
Q9NRR3,Q06124_p,0.344357421140499
Q9NRR4,Q06124_p,0.10769797515665543
Q9H892,Q06124_p,0.28121240278413806
Q9H2S1,Q06124_p,0.1679823637191113
Q9H095,Q06124_p,0.07202251395320483
Q9H270,Q06124_p,0.10744646631725183
Q9H074,Q06124_p,0.10247257085127989
Q9H079,Q06124_p,0.07287396354422933
Q9H078,Q06124_p,0.08839129707758034
Q9NPL8,Q06124_p,0.03499854586059033
Q9H5X1,Q06124_p,0.055831755726205835
Q9UFN0,Q06124_p,0.10248679001166357
Q9GZW5,Q06124_p,0.0436890143865601
Q9NX55,Q06124_p,0.0894330102910291
Q9NZ94,Q06124_p,0.37993288641015405
Q9HCJ6,Q06124_p,0.057308914006349
Q9HCJ1,Q06124_p,0.07279378202655383
Q9HCJ2,Q06124_p,0.14907985680217917
Q9NR90,Q06124_p,0.055154569302254944
Q9NR97,Q06124_p,0.4305539798458896
Q9NX46,Q06124_p,0.09491652207106117
Q9HBT8,Q06124_p,0.04693665330471016
Q9NSC2,Q06124_p,0.1355295894897747
Q9HBT6,Q06124_p,0.09398735162683416
Q9NQ86,Q06124_p,0.4531368887754114
Q9P2T1,Q06124_p,0.2296851736881548
Q9NSB4,Q06124_p,0.0501986653893061
Q9H2B2,Q06124_p,0.11059634040666136
Q9NVE5,Q06124_p,0.5400314275211924
Q9NVE4,Q06124_p,0.08136422563936666
Q9H0Z9,Q06124_p,0.06949140390643388
Q9NQS3,Q06124_p,0.29255519864929225
Q9H6Z9,Q06124_p,0.539372384262687
Q9NZU5,Q06124_p,0.2462111874468514
Q9NP77,Q06124_p,0.15708253946294914
Q9NZU0,Q06124_p,0.20015544067313318
Q9NP79,Q06124_p,0.10836789738658963
Q8N7H5,Q06124_p,0.0638867976235703
Q9H7T0,Q06124_p,0.056110906359659554
Q9P1Q0,Q06124_p,0.09175501620032887
Q9H2T7,Q06124_p,0.11844330256978293
Q9H3D4,Q06124_p,0.52551518290972
Q9H3Z7,Q06124_p,0.04633951465383805
Q9H1Z4,Q06124_p,0.32620870522086337
Q9NV92,Q06124_p,0.21464698509569063
Q9UBQ7,Q06124_p,0.12938340217348243
Q9GZV4,Q06124_p,0.11928542421045654
Q9H4I3,Q06124_p,0.05111814412889341
Q9HDC9,Q06124_p,0.04869181104113447
Q9NU19,Q06124_p,0.09926400095209839
Q9HCI5,Q06124_p,0.0962321576153854
Q9HCI7,Q06124_p,0.10963065220979167
Q9HD45,Q06124_p,0.0507436417853234
Q9HD40,Q06124_p,0.1350199343410075
Q9HD43,Q06124_p,0.2563526769977015
Q9NZD8,Q06124_p,0.14117954386929915
Q9NWX6,Q06124_p,0.06500918834064666
Q9HBU9,Q06124_p,0.052042287354429576
Q9NR45,Q06124_p,0.10925074444421885
Q9H0M0,Q06124_p,0.6351135171506845
Q9P2U8,Q06124_p,0.07009906301712263
Q9H2C1,Q06124_p,0.10746341952568081
Q9NQR4,Q06124_p,0.15393458032676227
Q9NXJ5,Q06124_p,0.22957196662233398
Q9NZR1,Q06124_p,0.30334414313657454
Q9NSB2,Q06124_p,0.0459748685173491
Q9NP85,Q06124_p,0.6299716974404873
Q9NP80,Q06124_p,0.09689438254059485
Q9NVX0,Q06124_p,0.05560157513202606
Q9HBG6,Q06124_p,0.09940726777676127
Q9H7E9,Q06124_p,0.047969222807715116
Q9NRP7,Q06124_p,0.4342675471006694
Q9H2U9,Q06124_p,0.07151643033933716
Q9H875,Q06124_p,0.05230872436990761
Q9H9V9,Q06124_p,0.07419285108211128
Q9P2S5,Q06124_p,0.07360472822132882
Q9P127,Q06124_p,0.047287702938645995
Q9NTN9,Q06124_p,0.08788381689491212
Q9P121,Q06124_p,0.06092115674793983
Q9H4B7,Q06124_p,0.3455824539733313
Q9H4B4,Q06124_p,0.5789732358160102
Q9H672,Q06124_p,0.09910105277347478
Q9H299,Q06124_p,0.09271628070390694
Q9H8N7,Q06124_p,0.09612352720267654
Q9H3Y8,Q06124_p,0.05346866375054378
Q9P1Q5,Q06124_p,0.03307207733812593
Q9H900,Q06124_p,0.057933803465939925
Q9GZU7,Q06124_p,0.06376557671118294
Q9GZU2,Q06124_p,0.1538946958823474
Q9GZU8,Q06124_p,0.06476520214916362
Q9NV66,Q06124_p,0.08110300254431076
Q9H9B4,Q06124_p,0.043190695950173844
Q9HCZ1,Q06124_p,0.04690549207174642
Q9P126,Q06124_p,0.3458500561309953
Q9NX76,Q06124_p,0.05143710255640769
Q9NU02,Q06124_p,0.09666403662485415
Q9NZ71,Q06124_p,0.1499814723505657
Q9NZ72,Q06124_p,0.44658254692458216
Q9UBR5,Q06124_p,0.03632455674400493
Q9UBR4,Q06124_p,0.11508825535280084
Q9UBR1,Q06124_p,0.06841570427891235
Q9NP59,Q06124_p,0.33521447553487865
Q9NR56,Q06124_p,0.07460851574588465
Q9NWU5,Q06124_p,0.05142633571433902
Q9HB90,Q06124_p,0.14365313680168296
Q9NX95,Q06124_p,0.1916590809392784
Q9NXK6,Q06124_p,0.05306000522605218
Q9NZS2,Q06124_p,0.22952442585915045
Q9H7Z7,Q06124_p,0.059736188568332925
Q9NZS9,Q06124_p,0.05030848036669204
Q9NP92,Q06124_p,0.04771266812981455
Q9HBH7,Q06124_p,0.051996933314579
Q9HBH0,Q06124_p,0.30533345164170866
Q9H1J7,Q06124_p,0.06519903942928333
Q9H7R0,Q06124_p,0.04635229644860482
Q9H5V9,Q06124_p,0.07875651890070719
Q9P2J3,Q06124_p,0.5387324229864275
Q9P2J5,Q06124_p,0.060432529509176845
Q9H0V1,Q06124_p,0.052343807478181334
Q9H845,Q06124_p,0.049570950788416696
Q9H0V9,Q06124_p,0.046949449692667136
Q9H116,Q06124_p,0.06206148051391336
Q9H596,Q06124_p,0.16508801483806468
Q9P1P5,Q06124_p,0.05491656100156426
Q9H936,Q06124_p,0.054745348866986863
Q9GZT9,Q06124_p,0.5438566011751228
Q9GZT8,Q06124_p,0.11639907489372583
Q9NPA3,Q06124_p,0.16756846438598494
Q9HCY8,Q06124_p,0.07067111684166191
Q9NZ45,Q06124_p,0.049804286005385175
Q9UBU9,Q06124_p,0.2081492638862922
Q9UDY6,Q06124_p,0.19881921789892537
Q9NW97,Q06124_p,0.05393510929500829
Q9NQ60,Q06124_p,0.04821431838338401
Q9H7S9,Q06124_p,0.10000939948686742
Q9HAU4,Q06124_p,0.7333982055035018
Q9NR22,Q06124_p,0.3074861522206328
Q9NWT6,Q06124_p,0.5847156763301437
Q9H0K6,Q06124_p,0.05134891178275765
Q9P0W8,Q06124_p,0.3806932714555026
Q9NS15,Q06124_p,0.051830462178744596
Q9P2Y4,Q06124_p,0.06022793796337141
Q9H2E6,Q06124_p,0.116627910872998
Q9NVH0,Q06124_p,0.17427229357470425
Q9NVH1,Q06124_p,0.05058974554404875
Q9NVH2,Q06124_p,0.11936142482649414
Q9NUJ1,Q06124_p,0.05167109822261283
Q9HC36,Q06124_p,0.04823800566268779
Q9HBW0,Q06124_p,0.154776821803923
Q9NZP8,Q06124_p,0.16804549068867186
Q9NSD9,Q06124_p,0.058031196442945444
Q9P031,Q06124_p,0.04833662574964971
Q9P032,Q06124_p,0.04313458739930072
Q9UBI4,Q06124_p,0.0729173951002059
Q9H7C4,Q06124_p,0.0891404281303311
Q9H2W2,Q06124_p,0.06370049487153054
Q9H2W1,Q06124_p,0.08005142020398939
Q9H853,Q06124_p,0.05411116701383201
Q9H2W6,Q06124_p,0.051078571983276956
Q9H0W9,Q06124_p,0.09492406960666201
Q9P2K1,Q06124_p,0.0975001806217709
Q9H2S9,Q06124_p,0.06982589989044256
Q9NQW8,Q06124_p,0.07687395873760075
Q9H324,Q06124_p,0.04687195713927715
Q9NPB9,Q06124_p,0.43068477549505635
Q9HCX4,Q06124_p,0.1861254685111541
Q9H4B6,Q06124_p,0.39667569161113087
Q9HCN3,Q06124_p,0.046701471419848
Q9NZ52,Q06124_p,0.13481422797099224
Q9HCN6,Q06124_p,0.20430063466036938
Q9H221,Q06124_p,0.05595110910949099
Q9NZQ9,Q06124_p,0.2960897520481829
A6NHL2,Q06124_p,0.3355128794697731
Q9UDX4,Q06124_p,0.06529460788997057
Q9H6D7,Q06124_p,0.0544381788735705
Q9NS00,Q06124_p,0.04748273352541298
Q9NVI7,Q06124_p,0.07499552472446279
Q9P0B6,Q06124_p,0.05541366961380158
Q9HC21,Q06124_p,0.044291835860621714
Q9HC29,Q06124_p,0.6068618819274176
Q9NQW7,Q06124_p,0.07381863619755599
Q9UBF9,Q06124_p,0.061542019482262775
Q9UBF2,Q06124_p,0.17356751143296936
Q9UBF1,Q06124_p,0.11025854982923686
Q9NZQ7,Q06124_p,0.6466085228186491
Q9HAV0,Q06124_p,0.7482419509535059
Q9NSI8,Q06124_p,0.1225562429206301
Q9HBJ8,Q06124_p,0.0510152482054412
Q9H7B2,Q06124_p,0.054000873948688154
Q9H7B4,Q06124_p,0.2907257519856664
Q9HBJ7,Q06124_p,0.29417979484868867
Q9H7P6,Q06124_p,0.12423987856528859
Q9H2X9,Q06124_p,0.36432542754427993
Q9P2L0,Q06124_p,0.3538852564258542
Q9H3H9,Q06124_p,0.04827307074585887
Q9H628,Q06124_p,0.08734676358799479
Q9HBI1,Q06124_p,0.3904379179976543
Q9H000,Q06124_p,0.061835495013848364
Q9H553,Q06124_p,0.06938228638460213
Q9H008,Q06124_p,0.14525006336292096
Q9H488,Q06124_p,0.047178176536356684
Q9NRM6,Q06124_p,0.24157094533009876
Q9NRM0,Q06124_p,0.09387104760617561
Q9H9G7,Q06124_p,0.14631163283069565
Q9NPC7,Q06124_p,0.06814781457420084
Q9NPC6,Q06124_p,0.14123194740595152
Q9NPC4,Q06124_p,0.0463019428526099
Q9NPC3,Q06124_p,0.24665904601873484
Q9NPC2,Q06124_p,0.07035312800993634
Q9H4M7,Q06124_p,0.25783288590481085
Q9H9Y6,Q06124_p,0.05832910703473891
Q9H9Y2,Q06124_p,0.04901259957036976
Q9HCM7,Q06124_p,0.10626785613642017
Q9HCM3,Q06124_p,0.08100237581112016
Q9UF56,Q06124_p,0.18728787198509736
Q9UC06,Q06124_p,0.0504480806327582
Q9NXB0,Q06124_p,0.058082486609052596
Q9UBW5,Q06124_p,0.14046226146804158
Q9NUX5,Q06124_p,0.2801059698506119
Q9UFG5,Q06124_p,0.2319630945913119
Q9NY35,Q06124_p,0.05278919861973987
Q9NWV4,Q06124_p,0.060424298931451584
Q9NS39,Q06124_p,0.051058298170859884
Q9NYW2,Q06124_p,0.07005728528541384
Q9HCC0,Q06124_p,0.07372600384564323
Q9NVN8,Q06124_p,0.04721120139332638
Q9HC10,Q06124_p,0.18401902144422885
Q9UBY5,Q06124_p,0.14641948374139133
Q9UBY0,Q06124_p,0.077886250680052
Q9NZN9,Q06124_p,0.5520184304480138
Q96QD8,Q06124_p,0.050187716079220776
Q9NR00,Q06124_p,0.07092372325617245
Q9P015,Q06124_p,0.04702031515465389
Q9UBK9,Q06124_p,0.05959738842946181
Q9HBK9,Q06124_p,0.0754705947423725
Q96CM8,Q06124_p,0.0554234924954374
Q9H2Y9,Q06124_p,0.19670481536121207
Q9NX94,Q06124_p,0.22490516488530563
Q9H0U9,Q06124_p,0.04773747148275305
Q9P2M1,Q06124_p,0.09614209101489254
Q9H0U4,Q06124_p,0.54825726052884
Q9P2M4,Q06124_p,0.08451457363502152
Q9NTJ5,Q06124_p,0.16309241423254278
Q9NVR7,Q06124_p,0.06211623567743944
Q9NVR2,Q06124_p,0.1183732836263014
Q9NVR0,Q06124_p,0.2229775693340736
Q9H3G5,Q06124_p,0.05573831830066509
Q9H013,Q06124_p,0.1322089161085577
Q9H019,Q06124_p,0.0714917546594784
Q9H497,Q06124_p,0.043628987826423674
Q9GZX7,Q06124_p,0.12714518074039208
Q9H490,Q06124_p,0.04937432384510117
Q9NRJ4,Q06124_p,0.2967086213514604
Q9NRJ5,Q06124_p,0.08055805968369986
Q9GZX3,Q06124_p,0.13080578825258568
Q9P1U1,Q06124_p,0.3563659050561102
Q9H9F9,Q06124_p,0.1587297862927032
Q9H300,Q06124_p,0.04709703580387547
Q9NVK5,Q06124_p,0.21598130548581812
Q9NZ32,Q06124_p,0.28164030762849784
Q9HCL2,Q06124_p,0.05558631805243205
Q9HCL0,Q06124_p,0.07469460061081763
Q9H3S5,Q06124_p,0.046308709381242326
Q9UBV8,Q06124_p,0.2992622113814106
Q9UBV2,Q06124_p,0.09513017443809108
Q9NZA1,Q06124_p,0.4949706038047988
Q9UDV7,Q06124_p,0.0775125177938848
Q9UDV6,Q06124_p,0.0546590355407071
Q9NY28,Q06124_p,0.04576262418636704
Q9UFF9,Q06124_p,0.2093919681343223
Q9NR50,Q06124_p,0.07922314358760052
Q9NYW6,Q06124_p,0.06856823400668918
Q9NYW8,Q06124_p,0.04759227146773538
Q9H9R9,Q06124_p,0.08873469097572709
Q9NUE0,Q06124_p,0.16180365231009136
Q9HCB6,Q06124_p,0.056659232763587065
Q9NQ50,Q06124_p,0.04339455436612108
Q9NRI5,Q06124_p,0.4547048975076991
Q9H1J1,Q06124_p,0.07057331258247042
Q9UBX0,Q06124_p,0.0652135745127332
Q9UBX3,Q06124_p,0.04727203388466204
Q9NP90,Q06124_p,0.6394132422221752
Q9NR11,Q06124_p,0.04802787239626088
Q9HBL8,Q06124_p,0.05112076060126204
Q9UBJ2,Q06124_p,0.09080477650414419
Q9H2H8,Q06124_p,0.0786538052601966
Q9H2H9,Q06124_p,0.05297211957170459
Q9NRX1,Q06124_p,0.052085631835110745
Q9NRX2,Q06124_p,0.052122053005693336
Q9P2N4,Q06124_p,0.05458912988895026
Q9P2N2,Q06124_p,0.16700625346579812
Q9NWF9,Q06124_p,0.24727354856432887
Q9H0R1,Q06124_p,0.07831253693101373
Q9NTK5,Q06124_p,0.06034520491838964
Q9P203,Q06124_p,0.10230218982462695
Q9H1N7,Q06124_p,0.05020187286448474
Q9NR46,Q06124_p,0.15884967813695058
Q9H8K7,Q06124_p,0.14069154429512504
Q9HAK2,Q06124_p,0.2661487422458898
Q9H1P3,Q06124_p,0.08024831894818958
Q9H156,Q06124_p,0.07779480788323608
Q9NRK6,Q06124_p,0.04776098623244919
Q9H158,Q06124_p,0.0462805984012056
Q9H159,Q06124_p,0.07444245859515783
Q9NPE2,Q06124_p,0.043903326753986845
Q9NQ25,Q06124_p,0.1944835116851226
Q9H204,Q06124_p,0.08779066957314309
Q9NZ08,Q06124_p,0.08236860478399818
Q9NZ01,Q06124_p,0.050828011490370396
Q9HAC7,Q06124_p,0.37841233101008964
Q9NYB5,Q06124_p,0.04789790147983966
Q9NUV9,Q06124_p,0.112781199498917
Q9NUV7,Q06124_p,0.10214543437025025
Q9NY12,Q06124_p,0.1022640885384504
Q9NY15,Q06124_p,0.05746599935810805
Q9P0S2,Q06124_p,0.04649035035252878
B2RTY4,Q06124_p,0.3162403517734155
Q9UP79,Q06124_p,0.04655915534969099
Q9UKJ1,Q06124_p,0.21961336377928098
Q9UJ72,Q06124_p,0.09823406184852367
Q9UJ78,Q06124_p,0.05692968838242739
Q9Y592,Q06124_p,0.12485408292711513
Q9UIR0,Q06124_p,0.05382397239843365
Q9UKZ9,Q06124_p,0.05179727293803439
Q9UKZ1,Q06124_p,0.09821983355931427
Q9Y5Q3,Q06124_p,0.13939233977467216
Q9Y6I4,Q06124_p,0.10043427348749027
Q9Y5S1,Q06124_p,0.40193252404639807
Q9Y2H2,Q06124_p,0.55521015576222
Q9Y2H8,Q06124_p,0.046978314452257086
Q9Y5A7,Q06124_p,0.34698030307538896
Q9UPR5,Q06124_p,0.20002700446893257
Q9Y2G4,Q06124_p,0.21443514848938006
Q9Y6R4,Q06124_p,0.49248752420554165
Q9Y297,Q06124_p,0.5066976025060423
Q9Y295,Q06124_p,0.05473907447110541
Q9UMZ3,Q06124_p,0.23751216220106275
Q9Y5E6,Q06124_p,0.0470219803011828
Q9Y2Z4,Q06124_p,0.04938654711437765
Q9Y2T2,Q06124_p,0.07985798280559274
Q9UL63,Q06124_p,0.34889788386083403
Q9Y616,Q06124_p,0.34097764531665764
Q9Y617,Q06124_p,0.13760818161397254
Q9UGM1,Q06124_p,0.05527161049370061
Q9UH73,Q06124_p,0.23047155789088883
Q9UPV0,Q06124_p,0.3663329732576414
Q9Y4F4,Q06124_p,0.45171798599039803
Q9UQ05,Q06124_p,0.31030050004059956
Q9UGC7,Q06124_p,0.04681791298366663
Q9UGC6,Q06124_p,0.5295427365714309
Q9UPC5,Q06124_p,0.08176772126660353
Q9UGQ3,Q06124_p,0.0570731435841003
Q9Y2K9,Q06124_p,0.2853403573063826
Q9UHQ9,Q06124_p,0.05405369897587057
Q9Y5B8,Q06124_p,0.2356942731809121
Q9ULI0,Q06124_p,0.06883147956082808
Q9ULI1,Q06124_p,0.11114465592674505
Q9ULI3,Q06124_p,0.05102815123525889
Q9UPQ7,Q06124_p,0.3757842944997692
Q9UN71,Q06124_p,0.055284068866559566
Q9UN72,Q06124_p,0.04746394759534921
Q9UN73,Q06124_p,0.051130586513707776
Q9UN75,Q06124_p,0.050613938683511536
Q9Y5X3,Q06124_p,0.2771178225197535
Q9UP52,Q06124_p,0.2962486353593951
Q9Y283,Q06124_p,0.44512956509177926
Q9Y285,Q06124_p,0.0550709407596876
Q9Y286,Q06124_p,0.24335959101967952
Q9Y289,Q06124_p,0.11044395880588953
Q9Y2E4,Q06124_p,0.05584097984586374
Q9Y2E8,Q06124_p,0.09589350439379235
Q9Y2W3,Q06124_p,0.23137017103878582
Q9UJ98,Q06124_p,0.15337996686304492
Q9UL58,Q06124_p,0.04888302635633029
Q9Y421,Q06124_p,0.05670613874279281
Q9Y4W6,Q06124_p,0.053113588171557556
Q9UKJ5,Q06124_p,0.05331592278629592
Q9UKX5,Q06124_p,0.3133229147074711
Q9UKX2,Q06124_p,0.297723954397351
Q9UKX3,Q06124_p,0.3295634498395929
Q9UH65,Q06124_p,0.28568819148581265
Q9UHD9,Q06124_p,0.23799457652807035
Q9UHD4,Q06124_p,0.08903434318308215
Q9Y5J7,Q06124_p,0.05628518609179674
Q9UI17,Q06124_p,0.07246809900435575
Q9UI12,Q06124_p,0.1726293104972214
Q9ULD8,Q06124_p,0.10210756890535991
Q9ULZ3,Q06124_p,0.48240236720792734
Q9ULZ9,Q06124_p,0.1736851501992564
Q9Y5Q8,Q06124_p,0.04925848027673138
Q9Y2J8,Q06124_p,0.11167841251308135
Q9Y2J4,Q06124_p,0.38801961701590093
Q9ULH0,Q06124_p,0.43973970297239584
Q9UPP2,Q06124_p,0.2792917112039869
Q9UN66,Q06124_p,0.047034164516469905
Q9Y6T7,Q06124_p,0.36683409577052223
Q9UJF2,Q06124_p,0.4970120463844732
Q9Y2D1,Q06124_p,0.1621164804515304
Q9UMX0,Q06124_p,0.24867861491645687
Q9UL46,Q06124_p,0.22534083886762507
Q9UIC8,Q06124_p,0.28892187868258357
Q9Y6F8,Q06124_p,0.39742850907004457
Q9Y252,Q06124_p,0.23207071538678647
Q9UQP3,Q06124_p,0.08628210109886195
Q9Y250,Q06124_p,0.06280314242368876
Q9Y251,Q06124_p,0.12133629309261455
Q9ULH4,Q06124_p,0.07471769218728369
Q9Y6F7,Q06124_p,0.4052679575388535
Q9Y259,Q06124_p,0.16028574207251026
Q9Y4D2,Q06124_p,0.09112185605019803
Q9Y4D1,Q06124_p,0.6712200282467234
Q9Y4D7,Q06124_p,0.15733216222080623
Q9Y3L5,Q06124_p,0.6685891925268305
Q9UHA7,Q06124_p,0.2514127133511152
Q9UHI8,Q06124_p,0.04723763349687989
Q9UNU6,Q06124_p,0.054590630926349505
Q9ULW2,Q06124_p,0.15094054197700432
Q9ULW3,Q06124_p,0.05876379946241739
Q9UPW8,Q06124_p,0.4769864637519602
Q9UJW7,Q06124_p,0.04781293064380686
Q9Y2G0,Q06124_p,0.09836004211036896
Q9Y2G3,Q06124_p,0.0750036159925168
Q9Y2G9,Q06124_p,0.07213531460410162
Q9ULE3,Q06124_p,0.1307312172921963
Q9UGP8,Q06124_p,0.11517084535171307
Q9Y394,Q06124_p,0.04960088417220381
Q9Y2Q3,Q06124_p,0.08685103475224423
Q9UL33,Q06124_p,0.07583899284608149
Q9UL36,Q06124_p,0.056821324073202215
Q9Y247,Q06124_p,0.062297541597964856
Q9UQQ1,Q06124_p,0.23259201086012443
Q9Y6K0,Q06124_p,0.0747365416694202
Q9Y6K5,Q06124_p,0.36841824931662814
Q9UGF6,Q06124_p,0.0328564919282162
Q9UIV1,Q06124_p,0.26037374257545676
Q9ULS6,Q06124_p,0.08527091270270921
Q9UHH9,Q06124_p,0.3198481364852549
Q9Y5S8,Q06124_p,0.40560138888607444
Q9Y5E9,Q06124_p,0.045880776259332165
Q9Y5E4,Q06124_p,0.04646731735610014
Q9UJV3,Q06124_p,0.46507088917658257
Q9UJV8,Q06124_p,0.05866960448689416
Q9Y6V7,Q06124_p,0.04830827454792169
Q9ULD6,Q06124_p,0.07663751575243952
Q9Y2P8,Q06124_p,0.05454996325836449
Q9UQ52,Q06124_p,0.06794903322494661
Q9UMX5,Q06124_p,0.056674886349093824
Q9UL25,Q06124_p,0.20997809555237795
Q9Y473,Q06124_p,0.04703829678886517
Q9Y3L3,Q06124_p,0.1056315364292267
Q9Y6X4,Q06124_p,0.054050668855310804
Q9Y6X0,Q06124_p,0.09315264172404733
Q9Y6X3,Q06124_p,0.16190343349564967
Q9Y6X8,Q06124_p,0.057528736514783144
Q9Y271,Q06124_p,0.14143854115591928
Q9Y276,Q06124_p,0.05401432772473662
Q9Y279,Q06124_p,0.2949851126732046
Q9UKW4,Q06124_p,0.7138166790694698
Q9Y508,Q06124_p,0.38717400099356547
Q9Y227,Q06124_p,0.1323947047157687
Q9Y3B4,Q06124_p,0.10034299009129544
Q9Y3B3,Q06124_p,0.0865189754796647
Q9UGU5,Q06124_p,0.20520178959942742
Q9UNW1,Q06124_p,0.5658171223533031
Q9Y5F0,Q06124_p,0.04686510021741029
Q9Y5F1,Q06124_p,0.046614538840977396
Q9Y5F2,Q06124_p,0.046877691516357366
Q9Y5F8,Q06124_p,0.05771438742148592
Q9Y5F9,Q06124_p,0.0514160843423094
Q9UNA1,Q06124_p,0.2618070106300828
Q9Y291,Q06124_p,0.04690408989754251
Q9UNA4,Q06124_p,0.12834579498770907
Q9UPU7,Q06124_p,0.27414252027611796
Q9UPU3,Q06124_p,0.04796974194531586
Q9UPU9,Q06124_p,0.2228365180860778
Q9UN37,Q06124_p,0.19387685312046607
Q9UJY4,Q06124_p,0.3303713563214951
Q9Y2A7,Q06124_p,0.1408689838523531
Q9Y2A4,Q06124_p,0.046383075038109726
Q9ULC6,Q06124_p,0.07381195309603379
Q9ULC4,Q06124_p,0.05694030698234483
Q9UL15,Q06124_p,0.4169580875004911
Q9UL16,Q06124_p,0.4740374704970608
Q9UL17,Q06124_p,0.27750802042019856
Q9UL12,Q06124_p,0.05468762184774306
Q9UL18,Q06124_p,0.14284191117387257
Q9UL19,Q06124_p,0.07806905603995759
Q9Y646,Q06124_p,0.06327055596122785
Q9Y255,Q06124_p,0.0481388799684497
Q9Y3M9,Q06124_p,0.04714939865109197
Q9Y3M8,Q06124_p,0.2802853557555879
Q9UIF7,Q06124_p,0.08185318326657491
Q9UKF6,Q06124_p,0.11868872429800517
Q9Y265,Q06124_p,0.32842980916151243
Q9Y263,Q06124_p,0.10663145909239383
Q9UKT4,Q06124_p,0.42502640878449627
Q9Y6M9,Q06124_p,0.04783464276287884
Q9Y6M0,Q06124_p,0.03676261549884695
Q9Y3C5,Q06124_p,0.36390755759265414
Q9Y3C4,Q06124_p,0.0655105830934197
Q9Y3C6,Q06124_p,0.11933878516085591
Q9UK97,Q06124_p,0.12221342569070184
Q9UK99,Q06124_p,0.2248085389800858
Q9Y3C8,Q06124_p,0.1293659771587005
Q9Y3Q7,Q06124_p,0.04679324015249925
Q9Y3Q4,Q06124_p,0.1625151667500721
O43390,Q06124_p,0.08774072388895938
Q9Y5G2,Q06124_p,0.08625695651309666
Q9Y5G0,Q06124_p,0.05498505881566672
Q9Y5G7,Q06124_p,0.05745837847644133
Q9Y5G6,Q06124_p,0.0564286206988597
Q9Y5G5,Q06124_p,0.05197427383873317
Q9ULT6,Q06124_p,0.30383616609431036
Q9Y5G8,Q06124_p,0.05181492602363554
Q9Y5F6,Q06124_p,0.0571991882871438
Q9Y5F7,Q06124_p,0.07304150080097094
Q9UPT9,Q06124_p,0.0970716829852613
Q9UNA0,Q06124_p,0.04618413306180947
Q9UJJ7,Q06124_p,0.04767692130616544
Q9ULB1,Q06124_p,0.24653334886638495
Q9ULB5,Q06124_p,0.09601113340223093
Q9ULB4,Q06124_p,0.09330422912007937
Q9Y2R2,Q06124_p,0.6639923907101618
Q9UL01,Q06124_p,0.05451265852390539
Q9Y678,Q06124_p,0.18762946355398263
Q9Y676,Q06124_p,0.0345891151550268
Q9Y672,Q06124_p,0.047607911303055375
Q9Y673,Q06124_p,0.04822516636050809
Q9Y696,Q06124_p,0.09446787271580423
Q9Y697,Q06124_p,0.07893084599966899
Q9Y691,Q06124_p,0.11270519812667334
Q9Y698,Q06124_p,0.12469933955456436
Q9UKG9,Q06124_p,0.04913590272994829
Q9Y219,Q06124_p,0.15258975119764784
Q9Y6L7,Q06124_p,0.05176512991994209
Q9Y6L6,Q06124_p,0.04982706106190986
Q9Y2T7,Q06124_p,0.14890721205717078
Q9Y328,Q06124_p,0.04697784947886168
Q9Y2N7,Q06124_p,0.2381727377991511
Q9UQ13,Q06124_p,0.6597068853559274
Q9UII4,Q06124_p,0.6328591509031835
Q9UII2,Q06124_p,0.05435645484200561
Q9UKU6,Q06124_p,0.0555064586897276
Q9Y4H4,Q06124_p,0.12218611317963983
Q9UKU0,Q06124_p,0.05429746801204225
Q9UKU9,Q06124_p,0.05456632426031793
Q9Y639,Q06124_p,0.3245432656853016
Q9Y5V0,Q06124_p,0.05370315236795309
Q9UNQ0,Q06124_p,0.060440774621245544
Q9Y5H7,Q06124_p,0.0513095370644648
Q9Y5H4,Q06124_p,0.06978174861225546
Q9Y5H2,Q06124_p,0.058242333462833994
Q9Y5H3,Q06124_p,0.05459991985369045
Q9Y5H0,Q06124_p,0.07137243093618045
Q9Y5H1,Q06124_p,0.05359552116126557
Q9UGM6,Q06124_p,0.055184400012017853
Q9ULA0,Q06124_p,0.07840183644299512
Q9UNM6,Q06124_p,0.1185551917545163
Q9Y664,Q06124_p,0.07983967308441818
Q9UKD2,Q06124_p,0.10087059938690246
Q9Y530,Q06124_p,0.36384066251703484
Q9UHY8,Q06124_p,0.09874374709128345
Q9UJ14,Q06124_p,0.1722499476783649
Q9Y336,Q06124_p,0.3282623912197876
Q9UIJ7,Q06124_p,0.12953108824015885
Q9Y3A5,Q06124_p,0.0684018370940567
Q9Y3A3,Q06124_p,0.2906438586420349
Q9UK73,Q06124_p,0.5412858751494463
Q9UPX0,Q06124_p,0.16692884448767228
Q9UHL4,Q06124_p,0.05211579112852847
Q9UNP9,Q06124_p,0.09273854273001848
Q9UI95,Q06124_p,0.07897614956073098
Q9Y5R8,Q06124_p,0.10146120273369821
Q9Y2S2,Q06124_p,0.05471613580302291
Q9UPZ6,Q06124_p,0.052058589278539534
Q9Y2B1,Q06124_p,0.046399513885028665
Q9Y2B0,Q06124_p,0.06528406825428568
Q9Y2B9,Q06124_p,0.07509983321537693
Q9UHE8,Q06124_p,0.05035110622018355
Q9Y231,Q06124_p,0.05595827258216418
Q9UM13,Q06124_p,0.14413695725898484
Q9Y239,Q06124_p,0.5255921526786143
Q9Y6N5,Q06124_p,0.05494036246461685
Q9UJ04,Q06124_p,0.0494321977709257
Q9Y303,Q06124_p,0.11142187122668124
Q9Y305,Q06124_p,0.050922144405296244
Q9UK41,Q06124_p,0.3076458359712013
Q9UIK5,Q06124_p,0.12357030011556454
Q9UK45,Q06124_p,0.09866793387254261
Q9Y3T6,Q06124_p,0.0532333439266494
Q9ULP9,Q06124_p,0.14745649496306137
Q9UHC7,Q06124_p,0.08116915455376492
Q9Y5X0,Q06124_p,0.10313277640852854
Q9Y5J3,Q06124_p,0.12561575822479246
P19623,Q06124_p,0.05460518761754156
Q9UPY6,Q06124_p,0.31466621146303925
Q9ULQ0,Q06124_p,0.48417352863140695
Q9Y2M5,Q06124_p,0.5833833440396745
Q9Y2M0,Q06124_p,0.10171836046090428
Q9UP38,Q06124_p,0.0984952310872153
Q9UNP4,Q06124_p,0.0605479712738601
Q9Y223,Q06124_p,0.39477091498929534
Q9Y221,Q06124_p,0.04942960269621429
Q9Y224,Q06124_p,0.3492403720219546
Q9Y228,Q06124_p,0.4167799844288546
Q9UJA3,Q06124_p,0.07593943183525766
Q9Y6A4,Q06124_p,0.13535260005185748
Q9Y6A1,Q06124_p,0.048690027690262046
Q9Y315,Q06124_p,0.08988971101326265
Q9Y312,Q06124_p,0.07865511271953013
Q9UK55,Q06124_p,0.05395359670374006
Q9UGH3,Q06124_p,0.051712004542052215
Q9UKP4,Q06124_p,0.046009413871496554
Q9UKP5,Q06124_p,0.053837336212153974
Q9Y4C4,Q06124_p,0.5888998876591094
Q9Y4C5,Q06124_p,0.04939884229139142
Q9Y4C0,Q06124_p,0.14064539193205403
Q9Y6W3,Q06124_p,0.12016529126915758
Q9UHP3,Q06124_p,0.26486015655410416
Q9Y5K8,Q06124_p,0.07846456420091905
Q9UN88,Q06124_p,0.06443053327430923
Q9Y2Y9,Q06124_p,0.10508446495085962
Q9UGI6,Q06124_p,0.07513447082194866
Q9UK23,Q06124_p,0.05556518401605319
Q9Y3D6,Q06124_p,0.28618330112418816
Q9Y3D0,Q06124_p,0.07315743873699596
Q9UL62,Q06124_p,0.49981694606459415
Q9UKQ2,Q06124_p,0.2578427331937676
Q9Y4L1,Q06124_p,0.09111096493381222
Q9Y4B4,Q06124_p,0.07229623899790859
Q9UID3,Q06124_p,0.08406151827088197
Q9Y5Z0,Q06124_p,0.09029154109247742
Q9UHA2,Q06124_p,0.05876540824960628
Q9Y5Z7,Q06124_p,0.3958549500016974
Q9UHW5,Q06124_p,0.09658878316358208
Q9ULM0,Q06124_p,0.483866362612548
Q9ULM2,Q06124_p,0.04630309690425392
Q9Y6Q1,Q06124_p,0.1392403586471595
Q9Y2Y4,Q06124_p,0.08148316978491982
Q9Y2Y8,Q06124_p,0.03770319448806355
Q9Y6C9,Q06124_p,0.16641530432531237
Q9Y371,Q06124_p,0.24261814586016522
Q9Y375,Q06124_p,0.04796718714960552
Q9Y376,Q06124_p,0.43389481319404044
Q9UGN4,Q06124_p,0.23213159817626616
Q9Y4K3,Q06124_p,0.724148623996094
Q9Y3E1,Q06124_p,0.07224660816429276
Q9UK39,Q06124_p,0.0712313986972378
Q9Y572,Q06124_p,0.49862379237787413
Q9Y576,Q06124_p,0.1293469129506935
Q9Y3D2,Q06124_p,0.0740877592017791
Q9Y6K8,Q06124_p,0.3460933248559039
Q9UHI5,Q06124_p,0.05494882256632907
Q9Y2G1,Q06124_p,0.21677613826318667
Q9Y694,Q06124_p,0.05764048304673512
Q9UQ90,Q06124_p,0.05997901861149487
Q9Y5G3,Q06124_p,0.07068507513153696
Q9Y5G1,Q06124_p,0.05849597872803097
Q53H82,Q06124_p,0.0591114412197163
Q9ULL4,Q06124_p,0.38612455290531444
Q9ULL0,Q06124_p,0.054961270416444864
Q9UNH5,Q06124_p,0.6029782975404816
Q9UNH7,Q06124_p,0.32694233392834277
Q9UKA9,Q06124_p,0.08656546230879388
Q9UKA8,Q06124_p,0.13117086651657048
Q9UKA1,Q06124_p,0.3746179205748057
Q9Y342,Q06124_p,0.04744159242028355
Q9Y2I1,Q06124_p,0.4842974886195693
Q9Y4R8,Q06124_p,0.1330736480203611
Q9Y6B7,Q06124_p,0.15053082787462113
Q9Y6B6,Q06124_p,0.0977565720912409
Q9Y6B2,Q06124_p,0.07418395764131312
Q9Y586,Q06124_p,0.371630624715643
Q9Y585,Q06124_p,0.03237976270318995
Q9UL52,Q06124_p,0.050303150219750736
Q9UHG3,Q06124_p,0.07505697566529475
Q9UHG0,Q06124_p,0.22098516328766732
Q9Y2H9,Q06124_p,0.2978072826066588
Q9Y238,Q06124_p,0.0620723800751488
Q9Y600,Q06124_p,0.08524834084519325
Q9Y5X1,Q06124_p,0.20434912845393796
Q9Y5Z4,Q06124_p,0.20713425170361816
Q9Y2I8,Q06124_p,0.13707999863910178
Q9Y2I9,Q06124_p,0.15475918905572172
Q9ULK0,Q06124_p,0.18205281888530658
Q9UNK9,Q06124_p,0.05014148172052916
Q9UPS6,Q06124_p,0.17083003508181732
P04278,Q06124_p,0.05106579143497307
P10124,Q06124_p,0.0546935627534052
Q7L266,Q06124_p,0.07236484648830617
Q9UKV8,Q06124_p,0.209761141747691
Q86TB3,Q06124_p,0.05919661688456105
Q9UBL0,Q06124_p,0.10504163909086492
Q709F0,Q06124_p,0.06541401327162256
Q8WYN0,Q06124_p,0.2763839299426693
Q96EG1,Q06124_p,0.04569283995569791
Q6ZSZ5,Q06124_p,0.19538289214452167
Q6ZNB7,Q06124_p,0.04709916123034032
Q7Z5R6,Q06124_p,0.5784698318666985
Q6Q788,Q06124_p,0.07869007766041619
Q7L4S7,Q06124_p,0.04285030459189633
Q7L9L4,Q06124_p,0.3622942465530074
Q6XQN6,Q06124_p,0.12353820212551492
Q7Z4H3,Q06124_p,0.07509805214697984
Q6NXS1,Q06124_p,0.07612542883196469
Q86UR1,Q06124_p,0.5523603924111304
Q99983,Q06124_p,0.07330326021909321
Q7RTZ1,Q06124_p,0.0593423475224786
P47224,Q06124_p,0.6468809551614774
Q6P3W6,Q06124_p,0.046834855104746824
Q9UBK5,Q06124_p,0.3904962196998757
Q86VZ6,Q06124_p,0.09960696897901551
Q6ZSY5,Q06124_p,0.18546810620409518
P05546,Q06124_p,0.06297007423697411
Q6NXT2,Q06124_p,0.4682828327744118
Q7Z3K6,Q06124_p,0.08609223159283366
Q6UWP7,Q06124_p,0.04803603347670024
Q86WZ0,Q06124_p,0.046509047276506434
Q8IWE5,Q06124_p,0.5567637458482196
Q9Y6J6,Q06124_p,0.05475308149377791
Q7Z7B1,Q06124_p,0.04751656647068374
Q502X0,Q06124_p,0.09037708407284682
Q86UW6,Q06124_p,0.1453843703841528
Q7L0Y3,Q06124_p,0.034675378540665595
Q5SQ64,Q06124_p,0.14841267974029385
Q6DRA6,Q06124_p,0.05292795806717739
Q765P7,Q06124_p,0.18041680570324797
P42704,Q06124_p,0.05563346640221797
Q9ULR5,Q06124_p,0.05714268913881906
Q6P499,Q06124_p,0.051642546641568164
Q86U70,Q06124_p,0.5298492685609347
Q96JB6,Q06124_p,0.05761798042328022
Q6ZN04,Q06124_p,0.10874879537074485
Q6S8J3,Q06124_p,0.10652665705805568
Q8TAT6,Q06124_p,0.18795889962016216
Q7RTS7,Q06124_p,0.07735823642489603
Q6DN03,Q06124_p,0.049938898731349914
Q58FF7,Q06124_p,0.3922205287435191
Q86W50,Q06124_p,0.07884730622790584
Q86TB9,Q06124_p,0.05977349501788916
Q6WRI0,Q06124_p,0.0474353082984031
Q6ZN16,Q06124_p,0.547241851558342
P48547,Q06124_p,0.10108238231533226
Q86YW9,Q06124_p,0.07706490738554721
Q6U736,Q06124_p,0.056044536029981926
Q7RTV0,Q06124_p,0.09614939531335265
A4D1S0,Q06124_p,0.22642382286130922
Q7Z736,Q06124_p,0.4281868832044867
Q7Z398,Q06124_p,0.04740167375110789
Q7Z7C8,Q06124_p,0.07581901404011684
Q71UM5,Q06124_p,0.06320452073075306
Q6PL24,Q06124_p,0.07408308303746397
Q6UXN9,Q06124_p,0.24601961697939784
Q6P3V2,Q06124_p,0.04826943974664521
O15240,Q06124_p,0.049749461113830815
Q6ZW31,Q06124_p,0.07323702626318743
Q86VV8,Q06124_p,0.08034203890145429
Q7Z6L1,Q06124_p,0.1587074714865964
Q9UMS6,Q06124_p,0.2013826218975972
Q7L4I2,Q06124_p,0.06241426953927839
Q6UW68,Q06124_p,0.04255287594054913
Q7Z7E8,Q06124_p,0.2337127115836815
Q7Z4N2,Q06124_p,0.44040106053721806
Q6ZV89,Q06124_p,0.19795089572934282
O00194,Q06124_p,0.37591988672535065
Q71U36,Q06124_p,0.37625742670182843
Q86X27,Q06124_p,0.4876504323106062
Q86XZ4,Q06124_p,0.11294833665868124
Q92956,Q06124_p,0.47818953974243605
Q7Z7N9,Q06124_p,0.052590492740664005
Q86TI0,Q06124_p,0.21564980672172845
Q86VM9,Q06124_p,0.08141505405203817
Q6PJF5,Q06124_p,0.10064247407394791
Q6YHU6,Q06124_p,0.06514517314464469
Q9Y2R9,Q06124_p,0.0761061342083096
Q86VD7,Q06124_p,0.053019970368575496
Q6PFW1,Q06124_p,0.5144838773774105
Q6ZQQ2,Q06124_p,0.04667851600877536
Q6PI48,Q06124_p,0.05040624937374353
Q6S5L8,Q06124_p,0.38981662986481835
Q86U90,Q06124_p,0.06399367792488224
Q6ZSB9,Q06124_p,0.08653509597960012
Q6ZMS7,Q06124_p,0.05270722320137013
Q86YV0,Q06124_p,0.3746239479487522
Q7Z403,Q06124_p,0.0585147910597366
Q6PCB5,Q06124_p,0.0538180007105839
Q6R327,Q06124_p,0.23096443689316173
Q6ZUJ8,Q06124_p,0.6239394637378238
Q6PUV4,Q06124_p,0.2759231755744382
Q6ZRV2,Q06124_p,0.10110391078170326
Q7L2Z9,Q06124_p,0.058601309762033524
Q9UQ16,Q06124_p,0.6633979172581068
A6NMY6,Q06124_p,0.5846635711543573
Q86X02,Q06124_p,0.14603307552990627
Q6PIY7,Q06124_p,0.06206609099842234
Q6UVK1,Q06124_p,0.04489612039294888
Q9NYX4,Q06124_p,0.054000743978205736
Q6UX04,Q06124_p,0.06867579530447955
Q9NV06,Q06124_p,0.17942486499207239
Q6UUV7,Q06124_p,0.12123633187228126
Q86X55,Q06124_p,0.4003485298430829
Q86WJ1,Q06124_p,0.0751995599858398
Q86TI2,Q06124_p,0.17174511331263226
Q9H479,Q06124_p,0.08130729465602607
Q86UU0,Q06124_p,0.3563406820587591
Q6UWD8,Q06124_p,0.04713311568041033
Q6QNY1,Q06124_p,0.08463904171590336
Q7Z7A1,Q06124_p,0.1846927191319187
Q6XUX3,Q06124_p,0.5157594224176252
Q7Z2Z2,Q06124_p,0.07700727068482624
Q6UB35,Q06124_p,0.08220656450575708
Q7L775,Q06124_p,0.35952578166544713
Q6P9H4,Q06124_p,0.17914485340146552
Q71UI9,Q06124_p,0.08179494042357151
A8K4G0,Q06124_p,0.19847376497892882
Q6ZRK6,Q06124_p,0.16431402497755282
Q7RTS9,Q06124_p,0.10782743003940036
Q8TEP8,Q06124_p,0.13367996943866958
Q4G163,Q06124_p,0.407916491887645
Q86XR8,Q06124_p,0.12836473629744094
Q7L5Y1,Q06124_p,0.1548593500196998
Q7L3B6,Q06124_p,0.3013989315996361
Q86UL3,Q06124_p,0.053547647116937325
Q14C86,Q06124_p,0.4590371543681539
Q8N353,Q06124_p,0.047553411305715394
Q6UX71,Q06124_p,0.05250416188068134
Q86XN8,Q06124_p,0.06423899672195961
Q6ZVX7,Q06124_p,0.23955845413523352
P51553,Q06124_p,0.06202667991199734
Q7Z3E5,Q06124_p,0.27211066844340553
Q6SJ93,Q06124_p,0.2330949451011894
Q9Y4J8,Q06124_p,0.4196849295144472
Q7Z2E3,Q06124_p,0.08931218213708526
Q9UHY7,Q06124_p,0.058722246077116194
Q7Z2T5,Q06124_p,0.049762301849886836
Q8NCP5,Q06124_p,0.07553575409014823
Q6P597,Q06124_p,0.554592994785029
Q0VF96,Q06124_p,0.3232634986798896
Q7Z3B4,Q06124_p,0.10870533569566532
Q76N89,Q06124_p,0.5370738162458689
Q9H8Y8,Q06124_p,0.15232583858005042
Q96II5,Q06124_p,0.6792873317754816
Q6P3X3,Q06124_p,0.0582558137794056
Q86UA6,Q06124_p,0.12920166984644874
Q7L5L3,Q06124_p,0.0471950854331267
Q6PI98,Q06124_p,0.07077097192399388
Q7Z2Y5,Q06124_p,0.26302288364601045
Q96N96,Q06124_p,0.4881525577963813
Q15398,Q06124_p,0.25161619497918786
A8K2U0,Q06124_p,0.10373293923575663
Q8NFU3,Q06124_p,0.050218939506289584
Q86UY6,Q06124_p,0.1386551793923421
A8K690,Q06124_p,0.26538001080589696
Q9UBR2,Q06124_p,0.06299137620782248
Q6UXK5,Q06124_p,0.07661601053513968
Q6ZQV5,Q06124_p,0.19158870256609253
Q86UK0,Q06124_p,0.18241517657778059
Q86SF2,Q06124_p,0.045930859952046724
Q6ZNC8,Q06124_p,0.05497851254076378
Q9NW68,Q06124_p,0.07086198372936132
Q6P4R8,Q06124_p,0.08815130745792879
P20338,Q06124_p,0.1536278296513066
Q86VE9,Q06124_p,0.04565630598748528
Q86UL8,Q06124_p,0.6317287144115801
B7Z8T0,Q06124_p,0.2016056344290162
Q68DU7,Q06124_p,0.24264312627554974
D3DQV9,Q06124_p,0.06498304148532705
Q5T1Z8,Q06124_p,0.1032358521307692
E9PK25,Q06124_p,0.5717970361772348
G3V5T9,Q06124_p,0.3973635037438404
A8MUS3,Q06124_p,0.05246579829558977
D6REX3,Q06124_p,0.10887965620658244
C9J6P4,Q06124_p,0.24697213345403757
G3V3A4,Q06124_p,0.15468906044400046
E7ERS3,Q06124_p,0.08299782502757305
E7EX17,Q06124_p,0.10752855293833338
G8JLB6,Q06124_p,0.084307297987992
Q6ZN30,Q06124_p,0.13589103970416055
Q86WA8,Q06124_p,0.07553857678017897
Q86YT6,Q06124_p,0.5382743501058844
Q6PJW8,Q06124_p,0.09816382776053917
Q9NQT8,Q06124_p,0.5409552693558525
Q6Q759,Q06124_p,0.05522166719074234
Q86SQ7,Q06124_p,0.15080346426713592
Q6WKZ4,Q06124_p,0.07961718944171635
Q7Z3J3,Q06124_p,0.14286939011279304
Q6ZTR7,Q06124_p,0.09703656893154146
Q6P587,Q06124_p,0.04826582150597609
Q86UC2,Q06124_p,0.14260302296252372
Q6ZMW3,Q06124_p,0.05627512379763522
Q969T7,Q06124_p,0.24083732254812878
Q9BY12,Q06124_p,0.1777931816600004
P0C0L5,Q06124_p,0.12883753965635256
P0C0L4,Q06124_p,0.15761145085753275
Q76NI1,Q06124_p,0.19805387420074755
Q76KX8,Q06124_p,0.04785871299403614
Q6ZU64,Q06124_p,0.05045260495435015
Q7Z7G1,Q06124_p,0.46243425914947467
Q86YF9,Q06124_p,0.17278274500130117
Q7Z570,Q06124_p,0.048705862565159685
Q6ZUM4,Q06124_p,0.1697836769201698
Q7Z3E2,Q06124_p,0.11973765004372974
Q86YD7,Q06124_p,0.04924104629927191
Q6ZTQ4,Q06124_p,0.0985559897131199
Q6UWF7,Q06124_p,0.046306319845615986
Q6ZSZ6,Q06124_p,0.06960863537131856
Q86UY8,Q06124_p,0.08347257801786226
Q6Q4G3,Q06124_p,0.05052466610930704
Q86Y13,Q06124_p,0.4283100874807337
Q7RTT5,Q06124_p,0.05132401838259807
Q6Y2X3,Q06124_p,0.059696418967343734
Q6P9A3,Q06124_p,0.047663311484707746
Q7Z5J8,Q06124_p,0.1522576066737525
Q7L5N7,Q06124_p,0.07629338755165803
O94986,Q06124_p,0.18461372381220895
Q6P4A8,Q06124_p,0.04877592918880128
Q6R2W3,Q06124_p,0.08306827778432371
Q7Z4L9,Q06124_p,0.10501672910638911
Q7Z4L5,Q06124_p,0.17323425337068507
Q70IA8,Q06124_p,0.30950789537141077
Q6VAB6,Q06124_p,0.7191138355930324
Q6ZN11,Q06124_p,0.047243400229076915
Q6UXY8,Q06124_p,0.04712188241762661
Q86WZ6,Q06124_p,0.046802700349286505
P51572,Q06124_p,0.23701706905396597
Q76M96,Q06124_p,0.061020197651539286
Q6ZN84,Q06124_p,0.186706972002121
P23229,Q06124_p,0.5031307915067835
Q86YA3,Q06124_p,0.07304985414702538
Q6P3W2,Q06124_p,0.08096525680161079
Q70Z35,Q06124_p,0.590233588614146
O00468,Q06124_p,0.19568699837703135
Q6ZNL6,Q06124_p,0.12009903700776284
Q86VN1,Q06124_p,0.09909200332565364
Q6ZW49,Q06124_p,0.1261092330313116
Q6ZV29,Q06124_p,0.13593740023841291
Q13402,Q06124_p,0.5201982397311489
Q86T75,Q06124_p,0.052002989611272685
Q6YHK3,Q06124_p,0.0833545648616704
Q6ZR52,Q06124_p,0.04763993099904487
Q6ZVL6,Q06124_p,0.23987224081359165
Q8N1N4,Q06124_p,0.05104495215489162
Q6UXH1,Q06124_p,0.056618371970814554
Q6ZN28,Q06124_p,0.32894934943526605
Q6UW63,Q06124_p,0.0525101841021724
Q7Z7L7,Q06124_p,0.46677037548102307
Q86X76,Q06124_p,0.07338097933649754
Q7RTV2,Q06124_p,0.09955567397485326
Q76KP1,Q06124_p,0.04669844108393041
Q86YT9,Q06124_p,0.258708983886056
Q15283,Q06124_p,0.6228235393226857
Q6PCB7,Q06124_p,0.04630505809607906
Q86XE3,Q06124_p,0.050910769811979006
Q86Y34,Q06124_p,0.1442396374327736
Q6PRD1,Q06124_p,0.18212830038804823
Q86VH2,Q06124_p,0.3835387391060331
Q86Y46,Q06124_p,0.05119198955007489
Q6PIL6,Q06124_p,0.17895350486882403
Q70EK9,Q06124_p,0.08209049722470305
Q86T65,Q06124_p,0.6305823919050371
Q86XI6,Q06124_p,0.5179526408965577
Q7LGA3,Q06124_p,0.04564066450922781
Q86UE3,Q06124_p,0.0463412534637947
Q0VD83,Q06124_p,0.05243235527798099
Q6UXI9,Q06124_p,0.05724611978492762
Q7Z404,Q06124_p,0.052601912159902973
Q7LDG7,Q06124_p,0.6517055906220979
Q6ZQN7,Q06124_p,0.05244381622403392
Q6PID8,Q06124_p,0.26190826651691534
Q6P3S1,Q06124_p,0.07303715023342047
Q70EK8,Q06124_p,0.10001968274459708
Q6PKX4,Q06124_p,0.13895922884713313
Q7Z5G4,Q06124_p,0.21919942954916616
Q6ZVD7,Q06124_p,0.05105587397427035
Q7L0Q8,Q06124_p,0.5322985000947889
Q7LFL8,Q06124_p,0.13556553543091357
Q6UVM3,Q06124_p,0.09589929447623045
Q7Z5Y7,Q06124_p,0.2114798363572541
Q6TCH7,Q06124_p,0.05300281878232475
Q9UJ71,Q06124_p,0.3093122026659114
Q6V702,Q06124_p,0.11617014964947367
Q9BZG2,Q06124_p,0.49309949208225873
P51795,Q06124_p,0.1047685591155703
Q86VW2,Q06124_p,0.3720484902357701
Q7Z7C7,Q06124_p,0.1377015182250888
Q7Z6M3,Q06124_p,0.29571762268083046
Q6P2I7,Q06124_p,0.04764784957556311
Q86VI1,Q06124_p,0.07972403388889598
Q86UF1,Q06124_p,0.35599645065607016
Q6P435,Q06124_p,0.07465436457531857
Q86SU0,Q06124_p,0.0643175668594431
Q86UN3,Q06124_p,0.07130565619092491
Q6ZR37,Q06124_p,0.12438639377292973
Q86V21,Q06124_p,0.05477192672656282
O76036,Q06124_p,0.25956130509995073
Q6W5P4,Q06124_p,0.481400457429345
Q86W10,Q06124_p,0.05715392527041032
Q7RTT9,Q06124_p,0.09106772545177995
Q6T4P5,Q06124_p,0.09497429727878615
Q7Z5J1,Q06124_p,0.05070884102693152
Q6UB28,Q06124_p,0.06427601179202039
Q6ZSI9,Q06124_p,0.09712815311173897
Q76G19,Q06124_p,0.1278169133473615
Q5JRV8,Q06124_p,0.08578377676873124
Q7Z418,Q06124_p,0.049082297343234146
Q6PIZ9,Q06124_p,0.26417948546556114
Q6QHC5,Q06124_p,0.053769372754882125
Q6UXF1,Q06124_p,0.04645940137194748
Q9Y216,Q06124_p,0.5303561733986178
Q6P6B7,Q06124_p,0.2150530759653609
Q6UY14,Q06124_p,0.04877990481581795
Q96C12,Q06124_p,0.25089975176269175
P0DPB3,Q06124_p,0.11500522167539215
Q6P5Q4,Q06124_p,0.21930102991361128
Q7Z402,Q06124_p,0.046616788449147434
O95343,Q06124_p,0.08735383311827401
Q7RTU9,Q06124_p,0.22744455364692348
Q8NGA1,Q06124_p,0.033025965177491186
Q7RTX7,Q06124_p,0.10614920970094983
Q6PEW1,Q06124_p,0.09024615192615158
Q16478,Q06124_p,0.08475728296874786
P46093,Q06124_p,0.06401118981182162
Q75MW2,Q06124_p,0.10285578638792744
Q7Z3Y7,Q06124_p,0.1546902198769478
P51689,Q06124_p,0.05795217308396602
Q86VF2,Q06124_p,0.14224689090327172
Q6PH85,Q06124_p,0.5112241697904626
Q70EL2,Q06124_p,0.0603043517426516
Q8TAC9,Q06124_p,0.07315895603239858
Q86VZ5,Q06124_p,0.06922549173421713
Q86VZ4,Q06124_p,0.04708625622073781
Q7RTX9,Q06124_p,0.050593216892647695
Q7Z6J4,Q06124_p,0.30362286276675154
Q7LBE3,Q06124_p,0.22148145478718323
Q7Z2D5,Q06124_p,0.09497458479351359
Q7Z3B1,Q06124_p,0.4539860332144926
Q12796,Q06124_p,0.05011314622403955
Q6ZRS4,Q06124_p,0.08454145385059095
Q86W28,Q06124_p,0.21454930425354024
Q5JRX3,Q06124_p,0.23837380744488224
Q6UXM1,Q06124_p,0.08053892312831984
Q86XM0,Q06124_p,0.053069715629206024
Q86V97,Q06124_p,0.2473506443407584
A6NGE7,Q06124_p,0.05022966787872046
Q6UWB1,Q06124_p,0.15522377745035265
Q7M4L6,Q06124_p,0.3133908757232072
Q6UWP2,Q06124_p,0.07623559221511474
Q7Z2H8,Q06124_p,0.10723291878468152
Q7RTY1,Q06124_p,0.0523173070769144
Q8IU80,Q06124_p,0.10557407243312975
Q9NYG2,Q06124_p,0.04257453422822225
Q86X52,Q06124_p,0.04986679936444062
Q9GZQ3,Q06124_p,0.05901147961747444
Q6PII3,Q06124_p,0.2145387826446393
Q6TFL3,Q06124_p,0.10179563434794356
Q6YI46,Q06124_p,0.04683721286894941
Q6UX15,Q06124_p,0.2974925479834031
Q6XE24,Q06124_p,0.09542501726286265
Q86UD0,Q06124_p,0.07936502242248042
Q7Z794,Q06124_p,0.05013481001635596
Q9NXG0,Q06124_p,0.17559226000357922
Q7L523,Q06124_p,0.175723719358191
Q9UIY3,Q06124_p,0.05164623347503897
Q7Z4N8,Q06124_p,0.05424510180452276
Q6ZWK6,Q06124_p,0.051831957404796444
Q6ZWK4,Q06124_p,0.12044424719778439
Q6P2D0,Q06124_p,0.04869832385823852
Q6ZUS6,Q06124_p,0.14064684289946286
Q86Y97,Q06124_p,0.0943307019210399
Q6P461,Q06124_p,0.04604960296991749
Q86TM3,Q06124_p,0.05726268909902584
Q7Z3H4,Q06124_p,0.059211152678067994
A6NKC9,Q06124_p,0.38707901667075667
Q96B02,Q06124_p,0.18244403283418953
Q6V9R5,Q06124_p,0.047667079345864824
Q9H2A9,Q06124_p,0.07100879896669357
P45378,Q06124_p,0.44733850198325464
Q8NGP3,Q06124_p,0.0366307958701267
Q86XK2,Q06124_p,0.14894465805083132
Q6X9E4,Q06124_p,0.0914584984709696
Q6ZTA4,Q06124_p,0.3621963981990758
Q7Z3E1,Q06124_p,0.3740373534430845
Q6P9G4,Q06124_p,0.05793564215500134
Q7Z4H8,Q06124_p,0.05046502964657409
P14651,Q06124_p,0.07880505242639681
Q8WUR7,Q06124_p,0.04757008850336078
Q86Z14,Q06124_p,0.3905203520514396
Q7L1I2,Q06124_p,0.0815729903033711
Q96MA6,Q06124_p,0.07744848268799458
Q6PIU2,Q06124_p,0.05136743854016995
Q6XPS3,Q06124_p,0.2014950796968801
Q7Z494,Q06124_p,0.5394212292378963
P49863,Q06124_p,0.21746550866201425
Q86VZ2,Q06124_p,0.2997259681022915
Q7Z3S7,Q06124_p,0.256708833338941
Q86VZ1,Q06124_p,0.19918807317200637
Q711Q0,Q06124_p,0.054791976446732796
Q6ZMY9,Q06124_p,0.04797913534815876
Q7Z3G6,Q06124_p,0.24217372167014917
Q8NEV1,Q06124_p,0.5785839697423536
Q86TJ2,Q06124_p,0.08704513471969585
Q5TC84,Q06124_p,0.0741489703919055
Q6UWI2,Q06124_p,0.0563063227229203
Q86SR1,Q06124_p,0.04675081910580214
Q7Z572,Q06124_p,0.04868810445501906
Q86VW0,Q06124_p,0.07431124537007616
Q7L1S5,Q06124_p,0.040326559665711574
Q7Z4T8,Q06124_p,0.041877062993865226
Q86UG4,Q06124_p,0.4251332874947228
P31274,Q06124_p,0.05653697795415136
Q7Z553,Q06124_p,0.10272919788999366
Q04900,Q06124_p,0.08894231012452014
Q9NRP2,Q06124_p,0.03480144364342621
Q7Z5M8,Q06124_p,0.046204003920595364
Q8WW52,Q06124_p,0.05660647702190006
Q6P9A1,Q06124_p,0.04705586321014103
Q6ZS10,Q06124_p,0.2780224298461876
Q7L5N1,Q06124_p,0.14923655950888015
Q86Y01,Q06124_p,0.41122712592508526
Q6ZMT1,Q06124_p,0.6932476022151731
Q6T311,Q06124_p,0.26801535249789765
Q86UW8,Q06124_p,0.05342185587263818
Q6UXV4,Q06124_p,0.04731090691212257
O95059,Q06124_p,0.05127343804975328
Q7Z4P5,Q06124_p,0.07735346839617947
P51684,Q06124_p,0.45289566590876423
Q86XF0,Q06124_p,0.06317743739011436
Q86UZ6,Q06124_p,0.0867662108914075
Q6PJ21,Q06124_p,0.1783631153429896
Q6UXD5,Q06124_p,0.050939532260138906
Q6ZMI3,Q06124_p,0.07056879444833072
Q7Z5L2,Q06124_p,0.053945092571662
Q6UWY0,Q06124_p,0.04626550727081754
Q6UWY5,Q06124_p,0.05259652897522841
P0C7Q6,Q06124_p,0.04729042757791293
Q6P387,Q06124_p,0.042631357915931846
P0C6C1,Q06124_p,0.2504959067453195
Q76LX8,Q06124_p,0.07495864005313908
Q7Z699,Q06124_p,0.10925462321766133
Q7L3S4,Q06124_p,0.052155972230528744
Q9NQ31,Q06124_p,0.07132669357954212
Q76MJ5,Q06124_p,0.13566527306179493
P03928,Q06124_p,0.04492630415770234
Q7Z353,Q06124_p,0.1031400444042633
Q71H61,Q06124_p,0.08623586699923703
Q86UB9,Q06124_p,0.04727075755918721
Q86TI4,Q06124_p,0.09973376973277774
Q7Z6A9,Q06124_p,0.3236430332875785
Q6QNK2,Q06124_p,0.06658078629560339
O43734,Q06124_p,0.3429357972292033
Q7Z2K6,Q06124_p,0.048486770391615336
Q3MIR4,Q06124_p,0.05450712456007558
Q7Z698,Q06124_p,0.1452549769043378
Q7Z695,Q06124_p,0.10907007568769873
A0FGR9,Q06124_p,0.09569961888338377
Q7L8S5,Q06124_p,0.08864340315695585
Q86SG3,Q06124_p,0.0978369932684002
P00156,Q06124_p,0.10781598852695276
Q7Z5H4,Q06124_p,0.04079385074671037
Q6V0L0,Q06124_p,0.09017203875985168
Q86TL0,Q06124_p,0.10122029193688635
Q86YD1,Q06124_p,0.0829137688267752
Q7Z5N4,Q06124_p,0.09239836192734888
H3BQB6,Q06124_p,0.06817139783736267
Q8N3R3,Q06124_p,0.049267362849333265
Q6UWM7,Q06124_p,0.08912193563990325
A6NK44,Q06124_p,0.051717801021946896
Q8WUK0,Q06124_p,0.12517405607002036
O43759,Q06124_p,0.0967848077184759
Q14956,Q06124_p,0.24803307168022332
Q6ZTU2,Q06124_p,0.20400926520192778
Q86XD8,Q06124_p,0.05796495229442148
Q6UXU4,Q06124_p,0.07083707947904813
Q6UXK2,Q06124_p,0.05775581524798503
Q7Z3Y9,Q06124_p,0.11476229616468073
Q6ZVT0,Q06124_p,0.17196452806697066
Q5W0B7,Q06124_p,0.047420129188497764
Q6TDP4,Q06124_p,0.30091787679640297
Q6RW13,Q06124_p,0.07775194403849976
Q9H8J5,Q06124_p,0.04676131268750865
Q6UWL6,Q06124_p,0.1859690183903017
Q6ZWT7,Q06124_p,0.05611998226953148
Q86XR5,Q06124_p,0.04776821135667084
Q6BAA4,Q06124_p,0.10374753930032914
Q8N4Y2,Q06124_p,0.09274352579818615
P51530,Q06124_p,0.0836100064470254
Q7L945,Q06124_p,0.04653827092007677
Q6ZT98,Q06124_p,0.06215738062667571
Q6ZRH7,Q06124_p,0.05321619404427548
O43184,Q06124_p,0.21894075444985575
Q6UXH8,Q06124_p,0.055138544536175685
Q8TDG2,Q06124_p,0.09776850711329729
Q7L8W6,Q06124_p,0.10772592342053973
Q8TDY3,Q06124_p,0.13207917015257808
Q86W33,Q06124_p,0.050923204299489856
Q86W34,Q06124_p,0.057140681705172544
Q86YJ7,Q06124_p,0.1941554272638433
Q7RTV5,Q06124_p,0.04936541679928763
Q86XP0,Q06124_p,0.3190852467832891
Q86XP6,Q06124_p,0.043143708512510495
Q6ZN44,Q06124_p,0.3109809414359578
Q7Z6K5,Q06124_p,0.19967544815102722
Q6P9H5,Q06124_p,0.1348923571876684
Q6PCB6,Q06124_p,0.08539983083340667
Q86Y37,Q06124_p,0.33977204791679894
Q7Z6K3,Q06124_p,0.0793310483545396
Q6ZNA1,Q06124_p,0.04825109791306098
Q96BW9,Q06124_p,0.05737501069494085
Q7Z7H3,Q06124_p,0.05975922355804253
P49763,Q06124_p,0.0664361984775034
Q7LC44,Q06124_p,0.08323179995648819
Q6IPR1,Q06124_p,0.0725546451283404
Q9P2J2,Q06124_p,0.1315269102620856
E9PC69,Q06124_p,0.24349593200838346
G3V5R9,Q06124_p,0.5752499426395682
C9JRZ6,Q06124_p,0.050639450893641934
P03905,Q06124_p,0.05430061990449362
B1AKR6,Q06124_p,0.10504456943798049
P10242,Q06124_p,0.27194511388769094
Q16850,Q06124_p,0.0653844217214832
B4DU42,Q06124_p,0.04838111690207959
B3KWV6,Q06124_p,0.5866257211080514
A2A2Q9,Q06124_p,0.0877692194465374
Q8NEK5,Q06124_p,0.052821443012640745
Q5W0H4,Q06124_p,0.11678764901875031
B4E0T2,Q06124_p,0.08693175746142186
B0QZ18,Q06124_p,0.07877211295689975
Q32Q12,Q06124_p,0.25721284228573216
B5MDF5,Q06124_p,0.12881754303992757
Q9BYK1,Q06124_p,0.17278603871586934
Q5T5C7,Q06124_p,0.15268866997627087
B3KXM2,Q06124_p,0.5109655615684222
C9JIF9,Q06124_p,0.08004976981109105
Q9NXW1,Q06124_p,0.07620786720423643
B4DLV7,Q06124_p,0.5579386283911452
Q13907,Q06124_p,0.07686660112091338
Q5LJA9,Q06124_p,0.22423208031004851
Q495C1,Q06124_p,0.24512786733781833
Q96FT9,Q06124_p,0.07189614450859041
P51797,Q06124_p,0.05844438144590377
B3KS98,Q06124_p,0.06646099787106537
Q5SZL2,Q06124_p,0.2709732514905413
B4DPZ4,Q06124_p,0.3593545017631885
B0QY89,Q06124_p,0.08044943030175686
B4DS14,Q06124_p,0.2653061236439356
Q96MT1,Q06124_p,0.046980151560494246
P51571,Q06124_p,0.21773446003483463
Q9NNW5,Q06124_p,0.05160029320745613
Q8WW43,Q06124_p,0.05252339985515787
Q58WW2,Q06124_p,0.2508671150197953
Q53HE2,Q06124_p,0.27445274086547367
B1AK88,Q06124_p,0.16919611021599043
O00334,Q06124_p,0.748538519687379
B4DUT8,Q06124_p,0.3706481170548404
Q03519,Q06124_p,0.1734090425462596
B2R6D7,Q06124_p,0.5745203983025939
O95319,Q06124_p,0.12276385100454276
Q9UP83,Q06124_p,0.138440728548154
A7E244,Q06124_p,0.4417406007104378
Q8N9T8,Q06124_p,0.10090141244798287
Q8N6Y1,Q06124_p,0.05066056434784984
Q9P2D8,Q06124_p,0.18014322096957863
P30988,Q06124_p,0.06110659714463089
Q8N801,Q06124_p,0.04778667430024953
P15170,Q06124_p,0.21462080023014546
Q9NZU1,Q06124_p,0.07574719150960936
Q86TH1,Q06124_p,0.051457591327615584
Q9H3H3,Q06124_p,0.07398397183300999
Q9NQR7,Q06124_p,0.3370838311112535
Q9P2A4,Q06124_p,0.13147489758215292
Q9BYJ1,Q06124_p,0.05734608687295094
Q6NUI6,Q06124_p,0.051518953156980074
Q6ZSX4,Q06124_p,0.21626348610899662
A2BF26,Q06124_p,0.35524231289672314
Q92913,Q06124_p,0.4198361675971193
Q8TD84,Q06124_p,0.22278809776095362
Q68J44,Q06124_p,0.21450787776949784
Q9UKC9,Q06124_p,0.30084088750785026
Q9UQ53,Q06124_p,0.05096312188262825
Q8TAF5,Q06124_p,0.033469627938203454
P22304,Q06124_p,0.050725263441486576
Q9BYG4,Q06124_p,0.6064338558379979
P0C8F1,Q06124_p,0.034448511801681014
E9PKC0,Q06124_p,0.501023014970723
O75147,Q06124_p,0.29994097985021057
O75901,Q06124_p,0.14329249367566627
J3QQX2,Q06124_p,0.07330584065601196
Q13507,Q06124_p,0.4847567770587501
M0QXA7,Q06124_p,0.05339212383691313
Q9UMW8,Q06124_p,0.5427955165866349
Q86YW5,Q06124_p,0.13472731942517308
Q8N6I1,Q06124_p,0.10062476079351212
Q58FF3,Q06124_p,0.1400910104899084
Q92982,Q06124_p,0.17351343549602166
Q9H3Y6,Q06124_p,0.6546173841815236
Q9P086,Q06124_p,0.07834788888949569
Q5RKT7,Q06124_p,0.55129564518489
Q7Z7M8,Q06124_p,0.04654844562693133
Q5VXU1,Q06124_p,0.04682096482535526
Q9H6D3,Q06124_p,0.14358912814272157
P56557,Q06124_p,0.0462420521236451
Q494X3,Q06124_p,0.04752079474045836
Q9P2F5,Q06124_p,0.21604212058170796
Q9GZZ0,Q06124_p,0.05717640783582325
P16581,Q06124_p,0.2695208786571717
Q92537,Q06124_p,0.22924282578451177
Q9NSD5,Q06124_p,0.06341171884079741
Q96S86,Q06124_p,0.04628060699131702
B4DZQ5,Q06124_p,0.16107065300165715
P51677,Q06124_p,0.32981250361173087
Q9P2U7,Q06124_p,0.06436794659990197
Q5SPY9,Q06124_p,0.13777018464878885
Q5HYW2,Q06124_p,0.09404153913386397
J3KMZ0,Q06124_p,0.0840028903811148
Q9UF33,Q06124_p,0.3914266169701787
F5H4B4,Q06124_p,0.05329442848933556
O43766,Q06124_p,0.0862661547469595
F8WBI6,Q06124_p,0.052907278507716225
J3KNZ9,Q06124_p,0.07658369334844356
Q14623,Q06124_p,0.08469520010530399
Q96FF7,Q06124_p,0.09556540145547972
I6L899,Q06124_p,0.0514665161091156
H3BSY2,Q06124_p,0.10577822409451898
D6RIA3,Q06124_p,0.09379602914220099
Q9H239,Q06124_p,0.048595000272391574
E9PQ01,Q06124_p,0.0642559797318852
Q460N3,Q06124_p,0.39011934890266553
Q5XG87,Q06124_p,0.1323026722291471
Q9H3R2,Q06124_p,0.10890334521309468
Q495X7,Q06124_p,0.24913941112244326
Q6ZMB5,Q06124_p,0.0504676518972195
P35398,Q06124_p,0.38795321959713175
Q9NUR3,Q06124_p,0.04325603813587264
Q8NHM4,Q06124_p,0.05681982091474751
P0C7P4,Q06124_p,0.050537592355863456
Q9BYB0,Q06124_p,0.38094972504949803
P0DJJ0,Q06124_p,0.09366215268834847
A6NNF4,Q06124_p,0.05633987110954101
Q9UFB7,Q06124_p,0.14689744220013934
A8MUV8,Q06124_p,0.046736455427482886
Q8TC41,Q06124_p,0.10091134181765313
A8K1L8,Q06124_p,0.10266313688004239
A8K6Q8,Q06124_p,0.41794434982750783
B4DZW4,Q06124_p,0.11722418368507379
B2R8R5,Q06124_p,0.43647734326863413
B0YJC4,Q06124_p,0.1439701429792439
A8K379,Q06124_p,0.7872810940977351
B2R6S4,Q06124_p,0.6898310526187513
B2R5H9,Q06124_p,0.1272286001234396
B3KY04,Q06124_p,0.5798802302010404
F8W930,Q06124_p,0.08580802258697764
Q5VZU9,Q06124_p,0.14203571444936397
D6RFG8,Q06124_p,0.10250625088913605
K7EM18,Q06124_p,0.08118404797537712
J3QRS3,Q06124_p,0.463699603934587
G5EA30,Q06124_p,0.10034003135959788
Q96HY3,Q06124_p,0.5912615445889321
E7EMK3,Q06124_p,0.5282370991869878
Q58FF6,Q06124_p,0.46362637417904506
C9JA08,Q06124_p,0.05836503236878452
B3KXW5,Q06124_p,0.18499603291921812
F5GYQ1,Q06124_p,0.05890130725002039
E9PN11,Q06124_p,0.725983141119141
P40855,Q06124_p,0.06125927713676103
I3L504,Q06124_p,0.050972711066786934
Q9H9H5,Q06124_p,0.047069162850283855
Q8WV92,Q06124_p,0.32983505871050417
Q96E29,Q06124_p,0.04345093260970814
Q8N4Q1,Q06124_p,0.06071048099040233
O15496,Q06124_p,0.044579631881624296
Q6PF15,Q06124_p,0.2537505410356001
Q9H0D2,Q06124_p,0.052733030192652644
Q6YFQ2,Q06124_p,0.03423937508723856
P35354,Q06124_p,0.07859606050132631
Q01453,Q06124_p,0.14547922251519063
O15204,Q06124_p,0.06353145469737134
B0ZTD4,Q06124_p,0.20129228483972256
B4DZM6,Q06124_p,0.48497993755904945
E9PB61,Q06124_p,0.10331417290514418
J3KTA1,Q06124_p,0.32363453483451043
Q5VUE5,Q06124_p,0.05187876297611303
U3KQ56,Q06124_p,0.20458571497210346
Q15506,Q06124_p,0.10271987229845206
Q9UJA9,Q06124_p,0.052638435950385476
O95800,Q06124_p,0.14475967413945706
Q53XY6,Q06124_p,0.08268185562921812
B4DWF2,Q06124_p,0.33497995214113707
J3KN66,Q06124_p,0.05217605529694421
Q86YE8,Q06124_p,0.04810600157846047
B0QYD3,Q06124_p,0.19588792269398472
A6NCL7,Q06124_p,0.14672555586317562
Q2M3G0,Q06124_p,0.14038738534435682
A6NNT2,Q06124_p,0.07359671987368674
P0C221,Q06124_p,0.0482617128133949
Q8IYA2,Q06124_p,0.1487057897057996
Q9NXR5,Q06124_p,0.08034349157043225
Q3MJ40,Q06124_p,0.05536237624172863
Q7L3V2,Q06124_p,0.07757539899600362
A6NFN9,Q06124_p,0.07797081997437186
P28223,Q06124_p,0.19065063397681545
Q3B7T3,Q06124_p,0.14918262389731046
P47898,Q06124_p,0.06952199411173936
O94983,Q06124_p,0.2156160104829093
Q8WWB7,Q06124_p,0.07912157770246764
Q9UHQ4,Q06124_p,0.08568509227779111
O75871,Q06124_p,0.06506526830704326
Q6E213,Q06124_p,0.047672756230168103
O77932,Q06124_p,0.07793068063061331
Q8WW22,Q06124_p,0.10123078472598843
Q9BS26,Q06124_p,0.04804813280521899
O95628,Q06124_p,0.07593295340181025
Q86WW8,Q06124_p,0.049838398982944135
P55259,Q06124_p,0.31590865448787064
P02724,Q06124_p,0.08472109162763139
Q5BKY1,Q06124_p,0.09423144008707571
Q9UJQ1,Q06124_p,0.057806943155368586
Q9BZJ6,Q06124_p,0.06200881356366028
Q8N109,Q06124_p,0.2583446952603788
Q9BQK8,Q06124_p,0.06556310084178726
Q8WZ26,Q06124_p,0.05404092274555959
Q5FYA8,Q06124_p,0.047966569215013785
Q8NGZ5,Q06124_p,0.0355156240135478
Q14990,Q06124_p,0.10359556422656702
O14807,Q06124_p,0.771512160748262
Q8NGP4,Q06124_p,0.038618810837674586
O43869,Q06124_p,0.03708956530173933
Q8N1W1,Q06124_p,0.3598959612117731
Q9UHJ9,Q06124_p,0.042858697407168286
P50336,Q06124_p,0.11211312868996029
Q8NCS7,Q06124_p,0.05210824470127441
Q5MJ09,Q06124_p,0.044561881703179554
Q6PCB0,Q06124_p,0.04922836007406524
Q8NGQ5,Q06124_p,0.03341463411033276
Q6ZNK5,Q06124_p,0.2789694108092386
Q9NUZ1,Q06124_p,0.05091924268779226
O14511,Q06124_p,0.08197993793579976
Q7L0J2,Q06124_p,0.22935677325785903
Q9BXJ1,Q06124_p,0.04999976302243061
A1A5B4,Q06124_p,0.05303925068778389
A4D2H0,Q06124_p,0.17836059106891372
Q96GL9,Q06124_p,0.054258468330370055
Q5VYV0,Q06124_p,0.0987317473798026
O75715,Q06124_p,0.07943321985631321
Q96LU5,Q06124_p,0.05772157302140838
Q50LG9,Q06124_p,0.05438473608697294
Q2MJR0,Q06124_p,0.07513997820984358
A6NHU9,Q06124_p,0.4208940095229677
Q59HB0,Q06124_p,0.4131078165315425
Q4LE36,Q06124_p,0.11200023141981537
Q8WXI8,Q06124_p,0.18654588549512183
Q9NYG8,Q06124_p,0.04850548665071354
Q8NGX0,Q06124_p,0.0337879897002794
Q96P68,Q06124_p,0.10076745426649207
Q96L15,Q06124_p,0.07426558236495334
Q8N145,Q06124_p,0.06529826984038042
O95389,Q06124_p,0.04941488849410792
Q8NGW6,Q06124_p,0.03384663312737453
Q13214,Q06124_p,0.05554319579704801
Q6Q8B3,Q06124_p,0.1930889737710945
P30968,Q06124_p,0.05661105956651045
Q8NGS9,Q06124_p,0.03293157070873963
O14640,Q06124_p,0.7254678521103947
Q6ICG6,Q06124_p,0.20213592766531
Q8IVF5,Q06124_p,0.08652190966521897
O43310,Q06124_p,0.054690728022850243
Q9ULS5,Q06124_p,0.062032419028044725
O94953,Q06124_p,0.09207395100469817
Q96J88,Q06124_p,0.5159864820889127
O94827,Q06124_p,0.23189818260425588
Q9Y2B2,Q06124_p,0.04784086573125418
Q3SY46,Q06124_p,0.03197639332164881
Q8TDN1,Q06124_p,0.05846918076320825
Q3C1V1,Q06124_p,0.049832323417446936
Q6ZTY9,Q06124_p,0.043832142958915236
I1YAP6,Q06124_p,0.12797597637750907
A6NMK8,Q06124_p,0.0638918805297396
P32881,Q06124_p,0.12389096604045816
Q96A98,Q06124_p,0.06530910000562008
Q5MJ68,Q06124_p,0.3682410571100891
O75951,Q06124_p,0.04277866895146757
Q9BVJ7,Q06124_p,0.1214822387011684
Q96MV8,Q06124_p,0.046945867071455746
Q9H334,Q06124_p,0.11638469900566632
Q16880,Q06124_p,0.049763605652094596
P52306,Q06124_p,0.5303716116334252
P63151,Q06124_p,0.5156348905602338
Q6IPW1,Q06124_p,0.05216072589588407
Q96RG2,Q06124_p,0.4575021919435949
Q8N0U6,Q06124_p,0.046901293485473255
O95521,Q06124_p,0.07926437437615381
Q8N350,Q06124_p,0.0835670684349956
Q3SYF9,Q06124_p,0.032666901091963615
Q86YW0,Q06124_p,0.36939167300260006
A1L190,Q06124_p,0.16653663961065454
Q5VT79,Q06124_p,0.2216482670805418
A8MTY0,Q06124_p,0.046426983776018886
F5H049,Q06124_p,0.46458669179257506
J3KQU4,Q06124_p,0.12021928272530613
I6L8A6,Q06124_p,0.3823574049047698
E9PC62,Q06124_p,0.08859257241331452
Q96J85,Q06124_p,0.056832719572864156
E9PN48,Q06124_p,0.07739833804843432
K7EP39,Q06124_p,0.047889318501220336
C9JME2,Q06124_p,0.14643609484301343
Q96EF6,Q06124_p,0.26748541985706853
H0YKM0,Q06124_p,0.41206434647218265
H0YBW1,Q06124_p,0.059835339510342166
G3XAA4,Q06124_p,0.08261754485795272
H7C0Q9,Q06124_p,0.2357775186073055
E9PRY8,Q06124_p,0.07858929935836553
F8WBH8,Q06124_p,0.09436955703756802
G5E948,Q06124_p,0.43233118192023073
B4DR52,Q06124_p,0.07932119018281077
J3KR72,Q06124_p,0.0826777859340626
K7ER00,Q06124_p,0.06577332152623139
Q5VTI5,Q06124_p,0.1733491541932069
H0YJ34,Q06124_p,0.33755642071702197
J3KNR0,Q06124_p,0.2558306478652316
B4DDL8,Q06124_p,0.05727728888311371
H3BM74,Q06124_p,0.41751577304224907
D6RBV0,Q06124_p,0.06933865022203463
F8VWL3,Q06124_p,0.6152283858839083
J3QRU1,Q06124_p,0.7654982075943508
G3V2F7,Q06124_p,0.39790318406472375
F2Z2W7,Q06124_p,0.05466157944582343
E7ESC7,Q06124_p,0.17553962029996212
B7Z3M9,Q06124_p,0.07065107113332374
F6TDL0,Q06124_p,0.7487802011587215
Q8N9D7,Q06124_p,0.5000059182992225
K7EPJ5,Q06124_p,0.37405522546644177
D6R968,Q06124_p,0.06431712708323603
H3BU86,Q06124_p,0.19421750664929835
J3KTL2,Q06124_p,0.0987893570179016
K7EN79,Q06124_p,0.23234333316881023
J3KMZ9,Q06124_p,0.06739128706558302
J3KMZ8,Q06124_p,0.0834050172245121
G3V5N8,Q06124_p,0.28334746422326423
B4E358,Q06124_p,0.3951175092155196
E9PNT2,Q06124_p,0.27120338444885606
E9PES4,Q06124_p,0.5104937216256078
K7ELG9,Q06124_p,0.07236708047613197
E9PQR4,Q06124_p,0.10456739850082479
H7C0S8,Q06124_p,0.10145530203282942
B4DZH6,Q06124_p,0.533159136743059
J3KQE5,Q06124_p,0.14982913018414018
E7EP87,Q06124_p,0.0868875184956826
C9K098,Q06124_p,0.1804866984590603
M0R2B7,Q06124_p,0.080487868893392
E7EUM0,Q06124_p,0.19016428322765308
G5EA09,Q06124_p,0.12031851006474407
G3V5Q1,Q06124_p,0.21949749502619542
F5H2F4,Q06124_p,0.12067148316040328
F8VW96,Q06124_p,0.1281211249802699
U3KQB3,Q06124_p,0.2531433072471344
F6XZQ7,Q06124_p,0.07727134454029698
E9PG19,Q06124_p,0.25565911527135526
H3BQ19,Q06124_p,0.1464991989666827
G3V1V4,Q06124_p,0.06515171174516973
E5RHG6,Q06124_p,0.16459257373894368
F5GY88,Q06124_p,0.06644515756425895
Q6VEQ5,Q06124_p,0.17661128696915848
C9J6V4,Q06124_p,0.21748582671217762
K7EM85,Q06124_p,0.19591755061492028
B7Z1V0,Q06124_p,0.6536672138410732
F5GX28,Q06124_p,0.08048321936293398
G3V5Z7,Q06124_p,0.08420978609701144
E7ESA6,Q06124_p,0.7019410595405192
G5E9Q6,Q06124_p,0.08998465347105314
B9A044,Q06124_p,0.3469788461371897
B7Z2A4,Q06124_p,0.7888706684811967
H3BNW8,Q06124_p,0.051506683836027654
D6RIS0,Q06124_p,0.3820282961115035
G3V483,Q06124_p,0.36201321955461013
E9PFY5,Q06124_p,0.41031475592856725
H7C560,Q06124_p,0.660062694722931
H0YBA3,Q06124_p,0.13947014780407724
F5H5D3,Q06124_p,0.39043377068670304
B4E171,Q06124_p,0.2824578981971147
H0Y626,Q06124_p,0.09676161434602046
B7Z232,Q06124_p,0.5975508378427994
B4DMN1,Q06124_p,0.28611185248282933
B4DHL6,Q06124_p,0.6232150307756965
B4DRL5,Q06124_p,0.5854162036057745
Q59G13,Q06124_p,0.1492823116670095
B4E0Z6,Q06124_p,0.34691883800756695
B4DDY9,Q06124_p,0.0640304568547315
Q05D26,Q06124_p,0.7347957275620668
B7Z268,Q06124_p,0.04763242568151488
B4DZK0,Q06124_p,0.1731120899753152
Q59GE4,Q06124_p,0.05599129816862632
B2RAL8,Q06124_p,0.5088472633131412
Q9H1C9,Q06124_p,0.47465733736147764
Q53GN4,Q06124_p,0.13363368855106067
B2RDW0,Q06124_p,0.745854703279463
B4DJP6,Q06124_p,0.03533660334646449
B4DGP5,Q06124_p,0.3835561752476199
Q53HS0,Q06124_p,0.05560875170503883
A8K5C4,Q06124_p,0.10343532750422227
B4DJD2,Q06124_p,0.058021283782325114
Q53GX7,Q06124_p,0.06559983102714606
Q05DE9,Q06124_p,0.3725567759301357
Q8IXY8,Q06124_p,0.05408091110211324
Q9BQ50,Q06124_p,0.048804256600631944
Q04743,Q06124_p,0.0740294650328938
A8TX70,Q06124_p,0.0874839390460412
Q9NQ76,Q06124_p,0.08299629192729358
Q9Y3E7,Q06124_p,0.28502501959261883
O95944,Q06124_p,0.3584415992105453
Q0P641,Q06124_p,0.046899654243316685
Q6P1S2,Q06124_p,0.03710299523354377
Q86UX2,Q06124_p,0.1357040759629666
P35858,Q06124_p,0.0498766893639909
Q9HDB5,Q06124_p,0.27475639849517386
Q8IZ02,Q06124_p,0.09202936027950978
Q8NBS3,Q06124_p,0.06993343745418336
Q8WWG9,Q06124_p,0.050128724164237116
A1KZ92,Q06124_p,0.13529532079145265
Q9BQ24,Q06124_p,0.15169701843287436
Q8TAT5,Q06124_p,0.06597781291031546
Q8N323,Q06124_p,0.046337089328862165
Q9NZC4,Q06124_p,0.2362302459454316
Q9Y2G2,Q06124_p,0.5041358482621793
Q8N4H0,Q06124_p,0.046170340110035214
A7E2V4,Q06124_p,0.24955461640960436
A2A761,Q06124_p,0.046862296595312804
D0G895,Q06124_p,0.056119487590165516
E9PVB5,Q06124_p,0.04691987975462884
E9Q0N2,Q06124_p,0.4076666830743204
B1AWN6,Q06124_p,0.3457660582943262
A2AEV7,Q06124_p,0.13441125813216773
Q9Z103,Q06124_p,0.05862566355064379
E9Q8D0,Q06124_p,0.05590485880654594
E9Q784,Q06124_p,0.07207268216392385
Q99J77,Q06124_p,0.11162009643502539
B2KF05,Q06124_p,0.08397887102435973
G3X9J0,Q06124_p,0.18159536216871774
A2AUQ7,Q06124_p,0.04177591571568491
F8VPQ2,Q06124_p,0.1289179996057246
E9Q4Z2,Q06124_p,0.17157212312997536
Q14BT6,Q06124_p,0.03406434877727508
Q5DU41,Q06124_p,0.07022014012731843
Q6NS57,Q06124_p,0.08495711726739756
Q6ZPG2,Q06124_p,0.05797954977935075
P29351,Q06124_p,0.7691674271588951
E9Q5C9,Q06124_p,0.09728775075377662
Q9DBP5,Q06124_p,0.09974850763019973
Q69ZW3,Q06124_p,0.10234813627331493
Q91YY4,Q06124_p,0.052253033750010024
Q8VD26,Q06124_p,0.04588284668650962
Q9CZ42,Q06124_p,0.05187316134997457
Q64512,Q06124_p,0.5890742874945694
Q5BLK4,Q06124_p,0.08821800170582673
Q9CS84,Q06124_p,0.16064759142824875
P18581,Q06124_p,0.09181595140854018
Q6VNS1,Q06124_p,0.463205734180453
Q80UZ0,Q06124_p,0.08797601048202808
B1AUF7,Q06124_p,0.04280282542768685
A2RSQ1,Q06124_p,0.04715936127741508
P20181,Q06124_p,0.19058294160495215
Q6P9K9,Q06124_p,0.169558972655789
Q925E1,Q06124_p,0.16337671797295855
Q09163,Q06124_p,0.18647728096643199
Q60662,Q06124_p,0.3260065836189464
A6PWY4,Q06124_p,0.07298280569299251
Q8BTF8,Q06124_p,0.07587466477705544
Q7M6Y5,Q06124_p,0.3650936080094552
Q8CII9,Q06124_p,0.3485290586815193
Q64455,Q06124_p,0.376685538761452
P70338,Q06124_p,0.1741184963109452
Q3UY96,Q06124_p,0.05904468588999203
Q03142,Q06124_p,0.4858363194693733
Q8C0R0,Q06124_p,0.3186589629098701
Q8BK06,Q06124_p,0.19535508260404374
F1LR10,Q06124_p,0.21050698290297717
D3ZMK9,Q06124_p,0.26428372459554994
D3ZAA9,Q06124_p,0.35350858841471533
A0A0H3K9F2,Q06124_p,0.12989987391453583
C0LGQ9,Q06124_p,0.4873574013265357
P05480,Q06124_p,0.7936784240980828
P34152,Q06124_p,0.7478531140405248
P35235,Q06124_p,0.7869110136281203
P86686,Q06124_p,0.09219208097346891
P9WHH1,Q06124_p,0.19360267830441477
P9WPI9,Q06124_p,0.11682052404571541
Q07436,Q06124_p,0.30428717694378643
Q3UU41,Q06124_p,0.17297870319917513
Q6DUB4,Q06124_p,0.6422191382743546
Q6RKD8,Q06124_p,0.07581663695166166
Q95UJ0,Q06124_p,0.6466440184540654
Q9GRU1,Q06124_p,0.606669253694643
Q9SND6,Q06124_p,0.4672782586448593
A0JQ06,Q06124_p,0.05146705339004178
A0MDS3,Q06124_p,0.034052008064808445
A0MEA8,Q06124_p,0.0759437936208259
A0MEM1,Q06124_p,0.5001973359163567
A1L4W6,Q06124_p,0.1267050693254007
A2VCN4,Q06124_p,0.055247426368580085
A2ZXM7,Q06124_p,0.3696168825574028
A3A272,Q06124_p,0.10487567629442304
A3A4D8,Q06124_p,0.08094624762033828
A3BA56,Q06124_p,0.247333611968623
A3BIR7,Q06124_p,0.23901233735913657
A3BJ75,Q06124_p,0.16061069965728875
A3BZI6,Q06124_p,0.05622626978664811
A4D111,Q06124_p,0.21370458926099892
A5BQE5,Q06124_p,0.13023593827811944
A5BR22,Q06124_p,0.30813899833420927
A5YYJ5,Q06124_p,0.1867204004139914
A8J841,Q06124_p,0.08606957125774055
A8MQR4,Q06124_p,0.09829733672904538
A8MR79,Q06124_p,0.07329179677025863
A8MR85,Q06124_p,0.05229166531637323
A8MRE5,Q06124_p,0.05482802624223969
A8MRH2,Q06124_p,0.24226176560357343
A8MRI3,Q06124_p,0.16502988625313111
A8MS51,Q06124_p,0.07634185800420577
A8MS83,Q06124_p,0.061013296981985654
A0A1C3NSL9,Q06124_p,0.12513451205169476
B2BFS4,Q06124_p,0.16719980379265262
B2CNE7,Q06124_p,0.054814006166018926
B3FXQ3,Q06124_p,0.1263939567851285
B3H494,Q06124_p,0.11205560306637537
B3H4F6,Q06124_p,0.14734772196520196
B3H5D5,Q06124_p,0.04895566568829952
B3H5J0,Q06124_p,0.24310678389417398
B3H5R1,Q06124_p,0.054051998942226974
B3H5S2,Q06124_p,0.18657404009613904
B3H5W7,Q06124_p,0.11581847276530702
B3H5Y8,Q06124_p,0.09013829870907984
B3H6I9,Q06124_p,0.0985755013668041
B3H6W7,Q06124_p,0.05673878470261776
B3H796,Q06124_p,0.20445898094796866
B4F7Q4,Q06124_p,0.1319053086099252
B4F8Z2,Q06124_p,0.5019306448268701
B4F9F4,Q06124_p,0.07969434986014157
B4FBD2,Q06124_p,0.5227606314187321
B4FD63,Q06124_p,0.07749738046715507
B4FDE8,Q06124_p,0.04777998047749539
B4FEZ0,Q06124_p,0.07076114596132213
B4FFS8,Q06124_p,0.11839540078530034
B4FLK0,Q06124_p,0.09178741605584281
B4FMR5,Q06124_p,0.06299221493584518
B4FN41,Q06124_p,0.29689339863163294
B4FS07,Q06124_p,0.298534293402006
B4FSY2,Q06124_p,0.07568795500474783
B4FT45,Q06124_p,0.07737443472454321
B4FU39,Q06124_p,0.05549382893012518
B4FX09,Q06124_p,0.5417160095324818
B4FX77,Q06124_p,0.0781622783751488
B4FXM3,Q06124_p,0.052269528186803915
B4FXU1,Q06124_p,0.05860670480914656
B4FXU2,Q06124_p,0.08722567324004973
B4FY37,Q06124_p,0.18547068372568062
B4FZ47,Q06124_p,0.07552220608813973
B4FZE5,Q06124_p,0.5575334418599207
B4G0G9,Q06124_p,0.4292126021831355
B5AYD3,Q06124_p,0.07946243447734637
B6EUA7,Q06124_p,0.04950350210483316
B6EUB2,Q06124_p,0.25735919074422203
B6SKA7,Q06124_p,0.1953422009978401
B6SRD7,Q06124_p,0.10744410004553259
B6SS45,Q06124_p,0.17847189648723383
B6SWS8,Q06124_p,0.08132836033339534
B6SX13,Q06124_p,0.04539969598327939
B6T3P9,Q06124_p,0.2962204497483009
B6T4J9,Q06124_p,0.04864844535182915
B6T5Y0,Q06124_p,0.10184150943579476
B6T7G8,Q06124_p,0.2601687540850507
B6T7I9,Q06124_p,0.07093522020154783
B6T841,Q06124_p,0.6454040973541004
B6T887,Q06124_p,0.1654724677863877
B6TA69,Q06124_p,0.07617593146233818
B6TDF8,Q06124_p,0.1967387675203402
B6TEF1,Q06124_p,0.2940896898622708
B6THT4,Q06124_p,0.08941196568249865
B6TIT7,Q06124_p,0.07444202079997056
B6TMV9,Q06124_p,0.12358514087542964
B6TPY7,Q06124_p,0.08804916968876848
B6TRX1,Q06124_p,0.1074203139887044
B6TSC7,Q06124_p,0.09359944282392155
B6TSE6,Q06124_p,0.05925276330474055
B6TW13,Q06124_p,0.38043021179980857
B6TZ93,Q06124_p,0.5476896721847233
B6U0S4,Q06124_p,0.13271980805120465
B6U0V6,Q06124_p,0.40662841873599975
B6U188,Q06124_p,0.31897606302063897
B6U2B4,Q06124_p,0.08082933110533834
B6UDK8,Q06124_p,0.05534896290122382
B7E998,Q06124_p,0.43899724469262386
B7EUT3,Q06124_p,0.11111570962845407
B7FGR2,Q06124_p,0.3257011312896603
B7FHG3,Q06124_p,0.2249172069214167
B7FHV1,Q06124_p,0.09101462363084438
B7FI18,Q06124_p,0.06852840932981166
B7FI35,Q06124_p,0.3637686575092812
B7FJ21,Q06124_p,0.7339077638170789
B7FJC8,Q06124_p,0.6817401679081068
B7FJJ2,Q06124_p,0.10361386841939971
B7FL88,Q06124_p,0.41987493012007765
B7FM02,Q06124_p,0.20505589885504366
B7FNB3,Q06124_p,0.3590909637932278
B7FNF7,Q06124_p,0.16127777679236063
B7FNH1,Q06124_p,0.10317809091383116
B7ZWV7,Q06124_p,0.0792685424596539
B7ZY86,Q06124_p,0.06225535893255525
B8A034,Q06124_p,0.07615863366123683
B8A0D1,Q06124_p,0.08771851538100775
B8A0M8,Q06124_p,0.16906448099738383
B8A0Y9,Q06124_p,0.05626483115892733
B8A168,Q06124_p,0.34098564801626635
B8A1K8,Q06124_p,0.49356465361240626
B8A1S1,Q06124_p,0.08147194820406263
B8A312,Q06124_p,0.06350224139054837
B8A326,Q06124_p,0.0635897399057975
B8A3D0,Q06124_p,0.35685511010249066
B8QX09,Q06124_p,0.41824693435246874
B9DFC1,Q06124_p,0.6899442939417864
B9DFK2,Q06124_p,0.6887358160674725
B9DG18,Q06124_p,0.057625817347943954
B9DGD0,Q06124_p,0.38009809873391825
B9DGE6,Q06124_p,0.10158997072939575
B9DGP4,Q06124_p,0.7231130072783188
B9DGQ3,Q06124_p,0.6510012899629177
B9DGV7,Q06124_p,0.18335911469556349
B9DHY0,Q06124_p,0.14615411046356427
B9DHY3,Q06124_p,0.08268044205808313
B9DHZ6,Q06124_p,0.057456277284250415
B9DHZ8,Q06124_p,0.28553348136363677
B9DI06,Q06124_p,0.08461376497011255
B9DI32,Q06124_p,0.10061544557914097
B9EU24,Q06124_p,0.1075339129894479
B9EZS5,Q06124_p,0.4636170462587309
B9F110,Q06124_p,0.07828172470552758
B9F1Z6,Q06124_p,0.08745059910673428
B9F3E1,Q06124_p,0.05909329946666336
B9F3M8,Q06124_p,0.32301939886828085
B9F4T7,Q06124_p,0.07201280812181945
B9F774,Q06124_p,0.16888855765280653
B9FA12,Q06124_p,0.08794933179725109
B9FJS2,Q06124_p,0.2841763430326884
B9FJS3,Q06124_p,0.17281546937019285
B9FSH9,Q06124_p,0.0679186857967984
B9FTJ9,Q06124_p,0.053578324482492404
B9FVT7,Q06124_p,0.07865995891692573
B9FXD4,Q06124_p,0.22653267244904574
B9FZI7,Q06124_p,0.15238013184352156
P42737,Q06124_p,0.13273035458593868
C0HER3,Q06124_p,0.08062338939033376
C0HHW0,Q06124_p,0.17719647060240012
C0HHX7,Q06124_p,0.2202362697956069
C0HI31,Q06124_p,0.14434682326674814
C0P4D9,Q06124_p,0.05688085175294525
C0P523,Q06124_p,0.04824003593399638
C0P6I6,Q06124_p,0.2605795307867399
C0P8J5,Q06124_p,0.6224753247376048
C0P913,Q06124_p,0.2323792458229359
C0P938,Q06124_p,0.1189624579543241
C0P9B1,Q06124_p,0.05368866052732918
C0PBI6,Q06124_p,0.24559006565165636
C0PD92,Q06124_p,0.06186521237115548
C0PDZ9,Q06124_p,0.29604732624398583
C0PEL4,Q06124_p,0.48278593407460474
C0PFC2,Q06124_p,0.05490641469867993
C0PFT5,Q06124_p,0.04906054012667145
C0PFX2,Q06124_p,0.5867910900967284
C0PG26,Q06124_p,0.30224379951807656
C0PHV9,Q06124_p,0.07159236534334282
C0PJ51,Q06124_p,0.09069989536285972
C0PJE2,Q06124_p,0.0775673205337297
C0PLK7,Q06124_p,0.06525401053882371
C0PLT1,Q06124_p,0.035454070731355855
C0Z2K2,Q06124_p,0.07603152363859009
C0Z2L2,Q06124_p,0.5918587939254425
Q39011,Q06124_p,0.7335101713400095
C4J038,Q06124_p,0.43290729527568567
C4J0A5,Q06124_p,0.12811503521979742
C4J0T8,Q06124_p,0.5449498317081679
C4J4A8,Q06124_p,0.05798260493339017
C4J5Q1,Q06124_p,0.04803661114288614
C4J6A3,Q06124_p,0.04919403724395245
C4JA62,Q06124_p,0.07309662939143483
C4JBJ2,Q06124_p,0.3108414810943055
C6SYE5,Q06124_p,0.2651441692020079
C7J4D9,Q06124_p,0.07538906165794221
P0DP23,Q06124_p,0.7695188168679005
Q792H5,Q06124_p,0.11065245108455624
Q8R3V6,Q06124_p,0.18637230488449558
D7U1M9,Q06124_p,0.0789456461731683
P0DPD6,Q06124_p,0.1572237264794601
Q8T4F7,Q06124_p,0.4827126665681182
F4HNZ6,Q06124_p,0.3578524484212511
F4HPK7,Q06124_p,0.1522679807992528
F4HPS0,Q06124_p,0.3686009685405572
F4HRK0,Q06124_p,0.08317048030948784
F4HT46,Q06124_p,0.3060153791390997
F4HTA1,Q06124_p,0.4238866296448215
F4HTI7,Q06124_p,0.04616383124266578
F4HUK8,Q06124_p,0.18299024185439405
F4HUZ8,Q06124_p,0.1813838573481416
F4HV50,Q06124_p,0.241629748652937
F4HXP0,Q06124_p,0.09565207409327735
F4HY33,Q06124_p,0.09066096419235224
F4HZK3,Q06124_p,0.07622014451679159
F4HZY9,Q06124_p,0.23983781672346072
F4I0I5,Q06124_p,0.06133031659777164
F4I0J1,Q06124_p,0.049506527371484164
F4I2Y2,Q06124_p,0.08597201994499878
F4I3Z6,Q06124_p,0.07529480469119099
F4I568,Q06124_p,0.05282969234302316
F4I5C6,Q06124_p,0.06145739885264325
F4I615,Q06124_p,0.34998573867869864
F4I699,Q06124_p,0.03384758781946417
F4I6U8,Q06124_p,0.07238730837827011
F4I7B6,Q06124_p,0.4065020394708885
F4I949,Q06124_p,0.05552851113946391
F4I9N7,Q06124_p,0.7007921026840224
F4IAF5,Q06124_p,0.13240128189694567
F4IB71,Q06124_p,0.5225641139053944
F4ICK7,Q06124_p,0.06453612805250399
F4IDY2,Q06124_p,0.05982768719854148
F4IEM8,Q06124_p,0.12294008637982548
F4IFM6,Q06124_p,0.11577785092062749
F4IGL5,Q06124_p,0.075669848514857
F4IH36,Q06124_p,0.04865615359139611
F4IIX4,Q06124_p,0.18147609608692422
F4IJA6,Q06124_p,0.18568429989028398
F4IJQ6,Q06124_p,0.0665239534339754
F4IL37,Q06124_p,0.09364611498466467
F4INV5,Q06124_p,0.22101967611023596
F4IP31,Q06124_p,0.09016359965658512
F4IP68,Q06124_p,0.24479438763070616
F4IQ28,Q06124_p,0.2312271208764288
F4IRT2,Q06124_p,0.5100086890935427
F4IT14,Q06124_p,0.05213258817672861
F4IWQ4,Q06124_p,0.25292495220724764
F4IYI1,Q06124_p,0.18951767118392995
F4IZK5,Q06124_p,0.054423551801619674
F4J0D1,Q06124_p,0.5001348596577916
F4J0D2,Q06124_p,0.41018997822061165
F4J0N1,Q06124_p,0.5556854892171039
F4J3L8,Q06124_p,0.40397589241872495
F4J4D7,Q06124_p,0.2711657032414637
F4J5A9,Q06124_p,0.05735140174231272
F4J5J9,Q06124_p,0.13529801299961047
F4J7C7,Q06124_p,0.4169149179786392
F4J7I7,Q06124_p,0.4386076243448035
F4J8C7,Q06124_p,0.6653626555712882
F4J9L0,Q06124_p,0.06237060031232346
F4JA42,Q06124_p,0.3617897991820448
F4JAG3,Q06124_p,0.07560260678704188
F4JAG7,Q06124_p,0.2796660799016858
F4JBY2,Q06124_p,0.09134715208188296
F4JE58,Q06124_p,0.43737416629993975
F4JED3,Q06124_p,0.10194602840471614
F4JFX5,Q06124_p,0.04997115803101511
F4JGA4,Q06124_p,0.054188018144694386
F4JHE9,Q06124_p,0.0534242138384022
F4JHS4,Q06124_p,0.06455810781699797
F4JLA9,Q06124_p,0.10417343194088761
F4JNM3,Q06124_p,0.1022279196203266
F4JNY4,Q06124_p,0.3869887470727548
F4JNZ8,Q06124_p,0.1954081040734628
F4JPJ7,Q06124_p,0.07252226307892085
F4JRM5,Q06124_p,0.5284751350373021
F4JS33,Q06124_p,0.349524487464005
F4JT30,Q06124_p,0.05896154160707211
F4JT80,Q06124_p,0.45773660626628343
F4JT81,Q06124_p,0.468651093605835
F4JTL2,Q06124_p,0.04845375835595003
F4JTN0,Q06124_p,0.10649272110880095
F4JU04,Q06124_p,0.07507567814985168
F4JVD6,Q06124_p,0.18721129180680715
F4JVE9,Q06124_p,0.3478565628029826
F4JVX1,Q06124_p,0.21568328295851602
F4JVX7,Q06124_p,0.6842752927374374
F4JWJ6,Q06124_p,0.09727486437581759
F4K0U3,Q06124_p,0.0637924019093096
F4K204,Q06124_p,0.06284694872816132
F4K2P4,Q06124_p,0.08927685243371922
F4K2T3,Q06124_p,0.28121864667637625
F4K347,Q06124_p,0.07639749934936031
F4K3E4,Q06124_p,0.30560070561459424
F4K3M1,Q06124_p,0.0614933671797002
F4K5M5,Q06124_p,0.16195558456866127
F4K7F4,Q06124_p,0.11591907500069484
F4K8T6,Q06124_p,0.07295198541716877
F4K9A6,Q06124_p,0.07735850666622082
F4KA27,Q06124_p,0.052570711277533086
F4KAX4,Q06124_p,0.43999417293157517
F4KB75,Q06124_p,0.2206752167595718
F4KFW1,Q06124_p,0.2260508970733434
Q920B0,Q06124_p,0.18067412256461451
P39688,Q06124_p,0.7840873215764719
G1C2T6,Q06124_p,0.05200287198515221
G1JSH3,Q06124_p,0.34839439677497086
G1JSJ6,Q06124_p,0.4296078040938121
G7IAR3,Q06124_p,0.09674585098584751
G7IBA6,Q06124_p,0.10277208021999051
G7ICM1,Q06124_p,0.12122951754409364
G7IJ66,Q06124_p,0.10618543157611064
G7INV8,Q06124_p,0.09189689830222143
G7IRT9,Q06124_p,0.23574315553996236
G7IU31,Q06124_p,0.40314312739789876
G7IXI3,Q06124_p,0.34821581830826537
G7J2C1,Q06124_p,0.18410485181348762
G7J6P5,Q06124_p,0.5853972506674612
G7J8B8,Q06124_p,0.5364408153783725
G7J950,Q06124_p,0.07897524374912035
G7JAX4,Q06124_p,0.6910767631464637
G7JB56,Q06124_p,0.0830113358983616
G7JCF1,Q06124_p,0.0622295578050228
G7JD19,Q06124_p,0.3245476971653297
G7JF15,Q06124_p,0.047308979282148014
G7JHN0,Q06124_p,0.4665611791502572
G7JLU3,Q06124_p,0.09767874972414424
G7JSH1,Q06124_p,0.2662547602354549
G7K368,Q06124_p,0.4067921061337281
G7K3C1,Q06124_p,0.08886165180741684
G7K4W2,Q06124_p,0.08528169784728659
G7K663,Q06124_p,0.3034736547304205
G7K694,Q06124_p,0.09657076159793522
G7KD30,Q06124_p,0.07856147992040859
G7KFG7,Q06124_p,0.5058393512764017
G7KFV1,Q06124_p,0.07941412884678958
G7KKX0,Q06124_p,0.06585075190244308
G7KQC8,Q06124_p,0.5658235597791548
G7KV60,Q06124_p,0.6061914494117537
G7L9Q3,Q06124_p,0.07349751740557095
G7LD87,Q06124_p,0.20908579812961475
G7LGY9,Q06124_p,0.1488078593501198
G7LHL2,Q06124_p,0.16606898496100655
G7LIX6,Q06124_p,0.1794125768349069
G7LIX7,Q06124_p,0.15419098489272748
G7LIZ6,Q06124_p,0.19135860590685536
G7LIZ7,Q06124_p,0.1688248105050652
P21279,Q06124_p,0.7699472886026639
P0DMV8,Q06124_p,0.3873078026280154
I1JF13,Q06124_p,0.7410864008693805
I1JRD3,Q06124_p,0.047277278713834144
I1JZ36,Q06124_p,0.051370505403113345
I1KAC5,Q06124_p,0.047951527727001404
I1KAU4,Q06124_p,0.06344908397905846
I1KCD4,Q06124_p,0.11382753493072426
I1KHT1,Q06124_p,0.09753729043800248
I1KIU9,Q06124_p,0.16585621948235968
I1LFG1,Q06124_p,0.08670442844507655
I1LMU5,Q06124_p,0.05114353341826757
I1MC12,Q06124_p,0.08246337610833444
I1NC05,Q06124_p,0.0744189650057237
B3KU38,Q06124_p,0.2887108184989079
Q9Z0R6,Q06124_p,0.49273056951900224
K0D9N0,Q06124_p,0.06289528812208418
K0DCN3,Q06124_p,0.2204309011487037
K4JBV4,Q06124_p,0.1082786417297676
K7K5E5,Q06124_p,0.08054276331118908
K7KEL6,Q06124_p,0.43236811695857896
K7LMI3,Q06124_p,0.08478318111498487
K7TTT4,Q06124_p,0.09883862785065914
K7U7Q6,Q06124_p,0.15701306615211766
K7U7Z2,Q06124_p,0.17448399693990807
K7UTZ2,Q06124_p,0.1283760925440077
K7UX52,Q06124_p,0.08842570478002187
K7UYS9,Q06124_p,0.06111422845317761
K7V0A7,Q06124_p,0.3390322752929308
K7V1I3,Q06124_p,0.5067928218829026
K7V7G4,Q06124_p,0.44526241712819
K7VLM3,Q06124_p,0.0833129731291007
K7VXD6,Q06124_p,0.05432295274098862
K7WBZ4,Q06124_p,0.40510431098483296
P05532,Q06124_p,0.6030743409101199
F4K3X8,Q06124_p,0.36700699566251677
P01593,Q06124_p,0.33567996205713785
Q9VAW5,Q06124_p,0.10624366075544815
Q8CDN9,Q06124_p,0.3711014331936728
Q17RY6,Q06124_p,0.05171470725952658
P25911,Q06124_p,0.7856905798597735
M9WPU3,Q06124_p,0.7150284354270203
P14404,Q06124_p,0.10975081542071616
Q5VU43,Q06124_p,0.16961028379670434
Q8R4V1,Q06124_p,0.29435765129454566
O04261,Q06124_p,0.07738627413271484
O04387,Q06124_p,0.13995846881656587
O22662,Q06124_p,0.7346355606013578
O23562,Q06124_p,0.23170800137862946
O35823,Q06124_p,0.43065218034777447
O49699,Q06124_p,0.0456754790780695
O64580,Q06124_p,0.1836492584022615
O80935,Q06124_p,0.1809098581874195
O81237,Q06124_p,0.1162712146829912
O81863,Q06124_p,0.12893550624333988
O81954,Q06124_p,0.09382354795499036
Q95QA6,Q06124_p,0.37180899420232927
C0SVS4,Q06124_p,0.09162536664259803
Q00IM8,Q06124_p,0.07927745819559442
Q0D9E5,Q06124_p,0.07576179215389181
Q0J2V8,Q06124_p,0.1343079662827939
Q0JJL1,Q06124_p,0.047079355634932415
Q0MX13,Q06124_p,0.11383880086897583
Q0Q427,Q06124_p,0.38230171479792596
Q0WKV1,Q06124_p,0.22138430595380615
Q0WL75,Q06124_p,0.11359518177189006
Q0WNT1,Q06124_p,0.507972214061628
Q0WP70,Q06124_p,0.06624905783765862
Q0WQB8,Q06124_p,0.0537393455489238
Q10C76,Q06124_p,0.3765250274040676
Q10E09,Q06124_p,0.29782313132717614
Q10FS6,Q06124_p,0.1373083844754219
Q10H82,Q06124_p,0.04968264622336821
Q10JJ9,Q06124_p,0.29696058177651186
Q10JY1,Q06124_p,0.05903463515353796
Q10JZ2,Q06124_p,0.07066301498249825
Q10KP9,Q06124_p,0.12856677268968955
Q10L02,Q06124_p,0.057905880801101914
Q10L96,Q06124_p,0.0556580917915266
Q10NM0,Q06124_p,0.14914594152838356
Q10P31,Q06124_p,0.3767924497178348
Q10P93,Q06124_p,0.2766335767926712
Q147P6,Q06124_p,0.07541933646705523
Q1SMZ9,Q06124_p,0.3284136918639701
Q24JM5,Q06124_p,0.11955091183379936
Q2HW14,Q06124_p,0.06371635143806346
Q2HW32,Q06124_p,0.2675454035327599
Q2QQ31,Q06124_p,0.06565066962327826
Q2QRM2,Q06124_p,0.08255578466277011
Q2QS30,Q06124_p,0.3539453098415803
Q2QSK5,Q06124_p,0.16691017158947372
Q2QX13,Q06124_p,0.07640276798790642
Q2QX85,Q06124_p,0.23801979979118926
Q2QX86,Q06124_p,0.11639604750005708
Q2QX88,Q06124_p,0.3452498244325104
Q2QYR0,Q06124_p,0.07814956433325962
Q2V3X0,Q06124_p,0.10642204110232094
Q2V422,Q06124_p,0.129883832891679
Q338N0,Q06124_p,0.06197831136571859
Q339L6,Q06124_p,0.13819383951390463
Q38810,Q06124_p,0.2953151758938035
Q39095,Q06124_p,0.08429806183835853
Q3B8P6,Q06124_p,0.056344207193567586
Q3KR72,Q06124_p,0.44045141773536506
Q3SZ94,Q06124_p,0.0798236343771779
Q3T1K7,Q06124_p,0.04930011562887047
Q3UI28,Q06124_p,0.22152897759118256
Q3UP03,Q06124_p,0.42542901710858094
Q43265,Q06124_p,0.09666482027206089
Q498U1,Q06124_p,0.056559193219422176
Q4KKZ5,Q06124_p,0.03392388987599203
Q53JV8,Q06124_p,0.3477276022437848
Q53M85,Q06124_p,0.29566810064684795
Q2R7C6,Q06124_p,0.16716117595429733
P04405,Q06124_p,0.08305040301648779
Q56WH3,Q06124_p,0.14275579367547062
Q56X90,Q06124_p,0.14491498666820501
Q56Y26,Q06124_p,0.08847869661394762
Q570F1,Q06124_p,0.054901854199927415
Q5EAI5,Q06124_p,0.518915350753626
Q5EBY7,Q06124_p,0.47047611394964006
Q5JPW6,Q06124_p,0.07280266656101429
Q5R1K3,Q06124_p,0.04862867147402181
Q5SBI3,Q06124_p,0.2631298897876653
Q5W6M0,Q06124_p,0.10865825984587774
Q5XV72,Q06124_p,0.1660228296153247
Q5XV97,Q06124_p,0.4589803724836917
A3BFL8,Q06124_p,0.08231893776402967
Q5ZBG1,Q06124_p,0.08121314379286762
Q60977,Q06124_p,0.2448589743597657
Q60EZ0,Q06124_p,0.25084444914670556
Q69U00,Q06124_p,0.0650918153684996
Q69V47,Q06124_p,0.2294195481343499
Q6AUQ6,Q06124_p,0.5481086164281451
Q6H4V8,Q06124_p,0.07473052449977213
Q6H4V9,Q06124_p,0.060550237887965284
Q6I5D6,Q06124_p,0.33371321409164023
Q6K5R7,Q06124_p,0.054319632320157796
Q6K7Q5,Q06124_p,0.07177622294956264
Q6K875,Q06124_p,0.047501257280966616
Q6L573,Q06124_p,0.2026867811998021
Q6PID2,Q06124_p,0.26286307132098236
Q6QJ32,Q06124_p,0.05004951941566636
Q6YL37,Q06124_p,0.12710945504648696
Q6YUE7,Q06124_p,0.12810906007043887
B7EGN4,Q06124_p,0.18864391543111758
Q71RE8,Q06124_p,0.03555321282363587
Q75IJ8,Q06124_p,0.05967240443274572
Q7X6A6,Q06124_p,0.08802744222749845
Q7X8U5,Q06124_p,0.25577149643976516
Q69UT0,Q06124_p,0.07556684449487618
Q7XCM9,Q06124_p,0.1489597411999244
Q7XJZ4,Q06124_p,0.058801989834771584
Q7XL98,Q06124_p,0.11575208005279769
Q7XMW6,Q06124_p,0.1435395025854373
Q7XQ69,Q06124_p,0.054637830130719024
Q7XSR8,Q06124_p,0.061593842812642206
Q7XUP3,Q06124_p,0.09279044008457446
Q7XW25,Q06124_p,0.05850757080284563
Q7XW37,Q06124_p,0.10650968360782145
Q7XW53,Q06124_p,0.406967276809883
Q7XX73,Q06124_p,0.3530309846721936
Q84MA6,Q06124_p,0.09124508200273358
Q84R15,Q06124_p,0.20572273811110856
Q8GWD9,Q06124_p,0.059496631569162614
Q8GXG9,Q06124_p,0.0548532022633188
Q8GY15,Q06124_p,0.36260867315499673
Q8H121,Q06124_p,0.07478076634691697
Q8H7B4,Q06124_p,0.3483444579817509
Q8HS55,Q06124_p,0.05539006539529327
Q8K551,Q06124_p,0.44478046066151516
Q8L6Z9,Q06124_p,0.11486456211277578
Q8L768,Q06124_p,0.17283231500061422
Q8L7B9,Q06124_p,0.26481985061671964
Q8L9N4,Q06124_p,0.05874562596858244
Q8L9P2,Q06124_p,0.03361914368949036
Q8LAA8,Q06124_p,0.051391627570890296
Q8LAB9,Q06124_p,0.07936956737642839
Q8LEF4,Q06124_p,0.08939898186365866
Q8LEZ6,Q06124_p,0.08221139154701801
Q8LFR4,Q06124_p,0.14079780696960106
Q8LPS4,Q06124_p,0.1614076049843246
Q8S6P2,Q06124_p,0.08992789298152677
Q8S6T7,Q06124_p,0.2440408314505281
Q8S6U7,Q06124_p,0.2430652671284871
Q8S773,Q06124_p,0.38932726446248855
Q8VZW0,Q06124_p,0.39843920742345645
Q8W0Z5,Q06124_p,0.10447304347149218
Q8W4G0,Q06124_p,0.10396704132599635
Q8W555,Q06124_p,0.08673646464859103
Q91X42,Q06124_p,0.057284864398748594
Q93V54,Q06124_p,0.5922031267637898
Q93Z49,Q06124_p,0.17622077458563365
Q940G2,Q06124_p,0.08665659184953566
Q945M3,Q06124_p,0.10587847864287062
Q94BT5,Q06124_p,0.07316224259398871
Q94BW0,Q06124_p,0.5588289827102362
Q9C5F6,Q06124_p,0.20434069859118265
Q9CAB4,Q06124_p,0.05639137105298521
Q9CPQ9,Q06124_p,0.0853203769703583
Q9CZU0,Q06124_p,0.05513632305514281
Q9D4E1,Q06124_p,0.033261108104431905
Q9D5B4,Q06124_p,0.07299716085479274
Q9DAS6,Q06124_p,0.05468360241360641
Q9FF25,Q06124_p,0.043667614427943154
Q9FG47,Q06124_p,0.43016702626275166
Q9FHX1,Q06124_p,0.34427614035858356
Q9FJW2,Q06124_p,0.04945933200703431
Q9FKB8,Q06124_p,0.41525177394278084
Q9FN25,Q06124_p,0.4108361835329279
Q9FX62,Q06124_p,0.07665876092798928
Q9FY83,Q06124_p,0.0963354915837791
Q9LLI6,Q06124_p,0.1853468974041722
Q9LQG8,Q06124_p,0.09296423509479174
Q9LSC0,Q06124_p,0.18138343119280947
Q9LXY3,Q06124_p,0.14707851380704312
Q9M118,Q06124_p,0.13521965179673925
Q9M1H4,Q06124_p,0.08193807559359842
Q9M214,Q06124_p,0.4802000107268879
Q9M265,Q06124_p,0.09872329318340198
Q9M9D9,Q06124_p,0.24806648585029722
Q9SHH1,Q06124_p,0.07627159492294572
Q9SJ68,Q06124_p,0.24887795700013077
Q9SUI9,Q06124_p,0.07829455226944387
Q9SUU8,Q06124_p,0.17890455847766412
Q9SZD0,Q06124_p,0.06294687385007544
Q8W4Q4,Q06124_p,0.1323307550067797
Q9XFK8,Q06124_p,0.22889086098968084
Q9XIC8,Q06124_p,0.09737445373165776
Q9ZTT0,Q06124_p,0.06548762234789832
Q9ZUC3,Q06124_p,0.0538309638818716
Q9ZUH9,Q06124_p,0.31555413332898014
F4JJL8,Q06124_p,0.07495490275909085
Q9STQ2,Q06124_p,0.07956545979649568
P18431,Q06124_p,0.64688940199889
P97797,Q06124_p,0.3576272919730832
Q8CIF6,Q06124_p,0.05076855471279088
Q8K4L3,Q06124_p,0.18053697942611566
W8CW73,Q06124_p,0.19268108599432665
W8Q789,Q06124_p,0.3622792414161383
X5ICS1,Q06124_p,0.20151959146108928
A6NNS2,Q06124_p,0.0497237947923414
O14617,Q06124_p,0.16747688048522363
O14966,Q06124_p,0.47480935327360074
O15126,Q06124_p,0.0719264602811215
O15226,Q06124_p,0.07615180342428787
O43281,Q06124_p,0.3577898744326725
O43602,Q06124_p,0.24299630139114647
O43688,Q06124_p,0.07556226172726997
O43739,Q06124_p,0.44965362055706865
O43747,Q06124_p,0.21880005650088252
O60711,Q06124_p,0.45698529739411925
O60716,Q06124_p,0.5222817246698639
O60909,Q06124_p,0.05094638118696425
O75023,Q06124_p,0.20169669770950094
O75054,Q06124_p,0.15617524591463774
O75369,Q06124_p,0.5404292820904985
O94967,Q06124_p,0.14344582704191353
O95049,Q06124_p,0.3119637374767231
O95218,Q06124_p,0.08585198431248126
P00519,Q06124_p,0.7411866033187211
P04626,Q06124_p,0.7092944691130691
P04920,Q06124_p,0.05615957924724659
P06239,Q06124_p,0.7513866567458626
P06748,Q06124_p,0.21919841498634893
P07814,Q06124_p,0.1971696481473859
P08581,Q06124_p,0.4947253650321416
P11362,Q06124_p,0.5078932257472998
P13591,Q06124_p,0.3237903047698282
P15923,Q06124_p,0.14462343752556914
P15941,Q06124_p,0.41616578970049944
P16112,Q06124_p,0.08055892929030586
P16144,Q06124_p,0.30536475144674374
P16591,Q06124_p,0.6786934313337508
P20023,Q06124_p,0.2906709187395598
P22001,Q06124_p,0.12353962695452436
P22681,Q06124_p,0.6545433224745499
P23458,Q06124_p,0.7475125303904557
P26196,Q06124_p,0.177447564954538
P26378,Q06124_p,0.12876304550231726
P27361,Q06124_p,0.763087155185708
P28482,Q06124_p,0.7643153359486938
P29323,Q06124_p,0.49623482599256236
P30530,Q06124_p,0.5843049286385519
P31260,Q06124_p,0.059514251633819494
P31327,Q06124_p,0.15878668970238555
P32297,Q06124_p,0.11744545109037292
P35813,Q06124_p,0.7159903370725905
P41743,Q06124_p,0.7928463170977085
P45983,Q06124_p,0.7583039745658058
P49023,Q06124_p,0.5065722345666634
P52594,Q06124_p,0.0960726209879977
P54259,Q06124_p,0.0995311410493633
P54750,Q06124_p,0.3305234828236461
P55196,Q06124_p,0.48393669107864506
P78352,Q06124_p,0.706603803195501
P98171,Q06124_p,0.09978883631922301
P98175,Q06124_p,0.07257124822769509
Q00722,Q06124_p,0.6525878012934236
Q00839,Q06124_p,0.08801716510067771
Q04912,Q06124_p,0.44389355931174074
Q07157,Q06124_p,0.5154707362267678
Q07912,Q06124_p,0.5822969685079761
Q12774,Q06124_p,0.07891932793212
Q12792,Q06124_p,0.1940197514230811
Q12929,Q06124_p,0.28258739857172754
Q12959,Q06124_p,0.5748975272566451
Q13164,Q06124_p,0.5486991329934263
Q13352,Q06124_p,0.1690397209319155
Q13435,Q06124_p,0.0810963037042693
Q13480,Q06124_p,0.4720386831457648
Q13671,Q06124_p,0.423507855217826
Q14126,Q06124_p,0.27934105169332146
Q14254,Q06124_p,0.38520921470804964
Q14318,Q06124_p,0.39096916691038486
Q14451,Q06124_p,0.48642020342519193
Q14766,Q06124_p,0.0506200071110665
Q15223,Q06124_p,0.44254633909366586
Q15464,Q06124_p,0.4996941799698084
Q15468,Q06124_p,0.0920958594127583
Q15637,Q06124_p,0.11894716386482143
Q3MJ16,Q06124_p,0.41315547729844787
Q3YEC7,Q06124_p,0.09924646376428879
Q4KMZ1,Q06124_p,0.0550579288245577
Q5HYK7,Q06124_p,0.18371572675760223
Q5JSZ5,Q06124_p,0.09345365145332246
Q5JU85,Q06124_p,0.44718051113172874
Q5VUA4,Q06124_p,0.05565982362268655
Q68CZ2,Q06124_p,0.38447211749900306
Q7Z3J2,Q06124_p,0.10907075418783692
Q86TD4,Q06124_p,0.1262814245352481
Q86X29,Q06124_p,0.10845046730974309
Q8IZP0,Q06124_p,0.22531959087065254
Q8N108,Q06124_p,0.1009611393260595
Q8N137,Q06124_p,0.17316417707182588
Q8N6F7,Q06124_p,0.055389272767936905
Q8NEM8,Q06124_p,0.0518055922424948
Q8NFH8,Q06124_p,0.2185796136799259
Q8TC27,Q06124_p,0.05534830442984656
Q8TD46,Q06124_p,0.29440756526787804
Q8TE67,Q06124_p,0.11898262331436715
Q8WWW8,Q06124_p,0.2969249042860429
Q8WY54,Q06124_p,0.20765856889592826
Q8WYP3,Q06124_p,0.5431701286884435
Q92625,Q06124_p,0.23892645630390835
Q92796,Q06124_p,0.511624659810466
Q92887,Q06124_p,0.16389102260336114
Q93008,Q06124_p,0.3965137183766943
Q96A22,Q06124_p,0.1010430346636646
Q96A59,Q06124_p,0.04756184729675784
Q96CN4,Q06124_p,0.21628261096321305
Q96D71,Q06124_p,0.11075381734721554
Q96HC4,Q06124_p,0.15917978879374492
Q96J84,Q06124_p,0.12057203456574472
Q96P26,Q06124_p,0.11280525981158422
Q96P48,Q06124_p,0.46832179114560485
Q96PD2,Q06124_p,0.06690326603897671
Q96Q05,Q06124_p,0.07827744522667301
Q96ST8,Q06124_p,0.06560239623108921
Q99569,Q06124_p,0.46987338470155515
Q99590,Q06124_p,0.05794977489420252
Q99848,Q06124_p,0.06468187750092316
Q99952,Q06124_p,0.6979493576486202
Q9BX66,Q06124_p,0.5288661867714778
Q9BZC7,Q06124_p,0.1526333407941538
Q9H329,Q06124_p,0.33895423831776517
Q9H4W6,Q06124_p,0.20993132132810016
Q9H7E2,Q06124_p,0.10363718486153868
Q9HCK4,Q06124_p,0.5343225315354372
Q9NPQ8,Q06124_p,0.30448463643216916
Q9NPR2,Q06124_p,0.1116251481060134
Q9NR19,Q06124_p,0.05388218064201901
Q9NRY4,Q06124_p,0.681547004624934
Q9NUD5,Q06124_p,0.05436090562522944
Q9NVZ3,Q06124_p,0.09937111647496558
Q9NXE4,Q06124_p,0.08679215281683186
Q9NXF8,Q06124_p,0.04604055131397204
Q9NYU2,Q06124_p,0.04716438164219465
Q9NZJ9,Q06124_p,0.050052030823440875
Q9P202,Q06124_p,0.47737831561720323
Q9UHQ1,Q06124_p,0.09069561128295182
Q9UJX2,Q06124_p,0.13153552769044857
Q9UL68,Q06124_p,0.17233822087978282
Q9UN19,Q06124_p,0.42859977849567066
Q9UPU5,Q06124_p,0.3788450825952206
Q9UPY3,Q06124_p,0.14742915847482624
Q9UQ88,Q06124_p,0.10533962853952397
Q9Y4B5,Q06124_p,0.11858769607915039
Q9Y6I3,Q06124_p,0.1440270622079726
Q9Y6K9,Q06124_p,0.6695626266979745
